sub_location,property_type,distance_to_station_km,area_sqft,amenities_wifi,amenities_ac,amenities_parking,amenities_food,furnishing,floor_number,building_age_years,rent
Borivali,Shared Room,1.0,173,1,1,1,0,Unfurnished,20,35,6600
Malad,1BHK,1.1,404,1,1,0,0,Semi-Furnished,16,26,15600
Goregaon,Shared Room,2.3,174,1,0,0,1,Fully-Furnished,18,6,7800
Malad,1BHK,3.4,532,0,1,1,1,Fully-Furnished,3,1,20500
Thane,1BHK,0.3,602,1,1,0,0,Semi-Furnished,14,7,17800
Juhu,Studio,1.4,407,1,1,0,1,Unfurnished,14,0,28800
Worli,PG,1.1,100,0,0,0,0,Unfurnished,4,38,9400
Worli,Shared Room,0.6,124,1,0,0,1,Semi-Furnished,2,0,10300
Powai,Studio,3.6,390,1,0,0,0,Fully-Furnished,14,25,17300
Dadar,Studio,0.8,351,1,1,0,0,Semi-Furnished,18,21,16500
Bandra,1BHK,1.5,381,1,1,0,0,Unfurnished,6,32,24600
Worli,Shared Room,4.3,80,1,1,1,1,Unfurnished,11,23,7900
Thane,PG,0.4,138,1,0,0,1,Unfurnished,16,1,7400
Malad,PG,1.3,121,1,0,1,0,Unfurnished,10,16,7000
Thane,Studio,3.2,333,1,0,1,1,Semi-Furnished,2,19,9300
Goregaon,2BHK,1.2,987,1,0,1,0,Fully-Furnished,0,10,30500
Worli,PG,4.6,231,1,0,0,0,Semi-Furnished,16,1,12300
Borivali,PG,1.8,208,0,0,0,0,Unfurnished,10,7,6100
Dadar,Shared Room,0.1,92,1,1,1,0,Semi-Furnished,2,15,7600
Dadar,2BHK,1.6,925,1,0,1,0,Unfurnished,5,7,30600
Bandra,Studio,3.3,367,0,1,0,0,Semi-Furnished,16,16,18300
Malad,2BHK,4.8,798,1,0,0,1,Unfurnished,20,31,20800
Borivali,PG,0.9,183,0,0,0,1,Fully-Furnished,14,21,7400
Goregaon,1BHK,3.7,559,0,1,1,0,Semi-Furnished,2,24,14700
Juhu,Studio,0.1,356,1,1,1,1,Semi-Furnished,18,22,25700
Borivali,2BHK,0.9,1189,0,0,1,1,Unfurnished,14,36,22400
Andheri,Studio,2.3,410,1,1,0,1,Unfurnished,15,12,16600
Powai,Shared Room,0.5,83,0,0,0,0,Semi-Furnished,0,33,5700
Thane,PG,1.5,243,0,0,0,0,Unfurnished,11,25,5900
Worli,Studio,0.5,223,1,0,1,1,Semi-Furnished,15,20,21500
Borivali,Shared Room,2.4,157,1,0,0,1,Unfurnished,9,18,6100
Malad,Studio,4.7,416,1,0,0,0,Fully-Furnished,0,32,10300
Powai,2BHK,3.2,1092,1,1,1,1,Unfurnished,13,1,37700
Borivali,PG,1.7,226,1,0,1,1,Semi-Furnished,20,10,9100
Juhu,Shared Room,4.0,113,1,0,0,0,Unfurnished,15,35,7600
Juhu,Studio,3.4,384,1,1,0,0,Unfurnished,12,18,17600
Andheri,Shared Room,4.5,90,1,0,0,0,Unfurnished,14,15,4800
Worli,Shared Room,1.1,193,0,1,0,0,Fully-Furnished,13,30,9500
Goregaon,Studio,4.4,287,1,1,0,0,Fully-Furnished,5,6,11500
Worli,1BHK,3.6,374,1,0,1,0,Fully-Furnished,19,16,27600
Borivali,PG,3.8,156,1,0,0,0,Unfurnished,18,38,4800
Bandra,Shared Room,0.4,94,1,0,0,0,Semi-Furnished,16,24,8300
Juhu,PG,2.2,220,0,0,1,1,Semi-Furnished,20,10,14100
Powai,Shared Room,2.7,155,1,1,0,0,Unfurnished,15,22,7700
Worli,2BHK,4.8,1134,1,0,1,1,Semi-Furnished,7,27,32100
Dadar,Studio,0.8,219,0,1,0,0,Unfurnished,9,29,14000
Bandra,2BHK,0.9,846,0,1,0,0,Unfurnished,16,12,42000
Malad,Studio,4.6,346,0,0,1,1,Semi-Furnished,8,0,11800
Powai,Studio,1.1,419,0,1,1,1,Unfurnished,1,2,21200
Thane,Shared Room,0.5,175,1,1,0,0,Unfurnished,13,1,6100
Powai,Shared Room,1.8,150,1,1,0,0,Semi-Furnished,5,32,7000
Borivali,1BHK,3.5,588,1,0,0,1,Fully-Furnished,4,33,16400
Thane,Studio,1.7,358,1,1,1,1,Semi-Furnished,10,15,11500
Juhu,PG,4.4,177,0,0,1,0,Fully-Furnished,17,27,12100
Goregaon,Studio,0.5,230,1,1,1,0,Semi-Furnished,12,26,13200
Andheri,1BHK,0.5,529,0,0,0,1,Unfurnished,13,23,21800
Bandra,Studio,0.3,263,0,0,0,0,Semi-Furnished,12,17,22600
Worli,Studio,2.9,410,1,0,1,0,Semi-Furnished,3,9,15800
Powai,PG,2.4,187,0,0,0,0,Unfurnished,9,40,8100
Bandra,2BHK,4.9,963,1,1,1,1,Fully-Furnished,3,29,38700
Juhu,PG,0.4,102,1,0,0,0,Fully-Furnished,10,3,17200
Worli,1BHK,2.7,492,0,1,0,0,Fully-Furnished,19,32,28100
Dadar,PG,3.6,215,1,0,0,0,Fully-Furnished,2,32,7300
Malad,1BHK,1.7,592,1,0,0,0,Semi-Furnished,5,34,12500
Andheri,Studio,3.8,302,0,0,1,0,Semi-Furnished,0,39,12200
Malad,Shared Room,4.1,102,1,0,0,0,Semi-Furnished,9,24,4500
Bandra,2BHK,1.6,1048,1,1,0,0,Unfurnished,13,39,36900
Thane,2BHK,3.7,1016,1,0,0,0,Fully-Furnished,3,28,17500
Thane,PG,3.6,216,1,1,0,0,Unfurnished,9,32,5700
Dadar,Studio,4.0,237,1,0,0,0,Fully-Furnished,18,35,12600
Dadar,1BHK,3.0,598,0,1,1,0,Fully-Furnished,13,11,22900
Juhu,Shared Room,4.7,147,1,0,0,1,Fully-Furnished,8,28,8700
Juhu,PG,4.6,118,1,1,1,0,Semi-Furnished,0,39,8500
Malad,PG,4.0,100,1,1,0,0,Semi-Furnished,1,6,7000
Bandra,2BHK,4.6,952,1,0,1,0,Semi-Furnished,19,5,36600
Goregaon,Shared Room,3.4,101,0,1,0,1,Semi-Furnished,7,6,7000
Andheri,Studio,3.8,252,0,1,1,1,Semi-Furnished,15,39,12300
Powai,1BHK,2.7,494,1,0,1,0,Semi-Furnished,6,2,25600
Goregaon,1BHK,3.3,472,1,1,0,0,Fully-Furnished,0,2,19800
Juhu,PG,2.9,233,1,0,0,0,Fully-Furnished,13,15,11900
Dadar,Shared Room,0.8,128,1,1,0,0,Unfurnished,20,18,8600
Andheri,Studio,1.4,294,1,1,0,0,Fully-Furnished,8,33,18000
Malad,Shared Room,4.7,171,1,0,0,0,Fully-Furnished,16,16,5900
Worli,PG,3.3,163,1,0,0,0,Semi-Furnished,5,17,8700
Malad,1BHK,1.4,516,1,0,1,1,Unfurnished,20,26,19300
Worli,Studio,2.9,409,1,0,0,0,Fully-Furnished,10,0,25600
Powai,Studio,1.3,297,1,1,0,1,Fully-Furnished,2,33,20300
Thane,Studio,1.4,334,1,0,0,0,Unfurnished,10,33,8700
Worli,1BHK,0.6,372,0,1,0,0,Semi-Furnished,6,34,28000
Powai,1BHK,1.6,592,0,0,0,0,Fully-Furnished,11,15,28300
Juhu,2BHK,4.1,995,1,0,1,0,Fully-Furnished,14,25,43900
Goregaon,PG,2.8,170,1,1,0,1,Fully-Furnished,7,22,8900
Bandra,Shared Room,2.3,142,1,0,1,0,Fully-Furnished,12,33,8800
Goregaon,Shared Room,1.6,144,0,1,0,0,Fully-Furnished,9,1,7400
Borivali,2BHK,5.0,600,1,1,0,1,Semi-Furnished,13,28,19200
Malad,Shared Room,2.9,112,1,1,1,0,Unfurnished,0,29,5500
Andheri,2BHK,1.8,772,1,1,1,1,Unfurnished,13,14,28000
Juhu,Shared Room,4.8,174,1,1,0,0,Fully-Furnished,10,12,8600
Bandra,PG,5.0,134,0,0,0,0,Fully-Furnished,9,33,8900
Goregaon,2BHK,4.0,977,1,0,0,0,Semi-Furnished,9,34,22100
Bandra,1BHK,5.0,619,1,0,0,1,Semi-Furnished,3,13,23900
Juhu,2BHK,0.7,1133,0,0,0,0,Fully-Furnished,4,10,60800
Bandra,Shared Room,0.1,163,1,0,0,1,Fully-Furnished,4,12,10700
Powai,1BHK,1.8,553,1,1,0,0,Fully-Furnished,7,27,28600
Andheri,2BHK,0.9,800,1,0,1,0,Fully-Furnished,6,4,39700
Borivali,1BHK,4.2,502,1,1,0,0,Semi-Furnished,16,39,12000
Bandra,Shared Room,3.9,92,0,0,0,0,Unfurnished,14,29,6400
Dadar,Shared Room,4.7,99,0,0,0,1,Semi-Furnished,17,13,7200
Dadar,2BHK,3.0,830,1,0,1,0,Fully-Furnished,10,22,28400
Dadar,PG,2.3,124,0,0,1,1,Fully-Furnished,13,19,10200
Thane,2BHK,4.4,1177,1,0,0,0,Fully-Furnished,19,5,22700
Andheri,1BHK,1.2,413,1,0,1,0,Semi-Furnished,15,26,24300
Juhu,Shared Room,1.1,90,1,1,0,1,Semi-Furnished,11,23,10700
Worli,PG,3.5,164,1,1,1,0,Semi-Furnished,20,1,14000
Juhu,2BHK,0.8,878,1,1,0,0,Unfurnished,10,24,44600
Juhu,2BHK,3.8,687,1,0,1,0,Semi-Furnished,19,32,39000
Goregaon,1BHK,2.6,376,1,1,1,0,Unfurnished,1,37,16200
Bandra,1BHK,0.9,381,1,0,1,0,Semi-Furnished,6,30,27300
Worli,1BHK,3.2,585,1,1,0,0,Semi-Furnished,5,21,29900
Worli,Shared Room,2.2,166,1,0,0,0,Semi-Furnished,18,35,7800
Juhu,Studio,2.2,210,1,1,0,0,Fully-Furnished,8,2,24000
Thane,PG,2.4,230,0,0,0,0,Fully-Furnished,11,19,5700
Juhu,1BHK,2.6,526,1,1,0,0,Unfurnished,3,5,25100
Powai,Studio,3.2,383,1,0,0,1,Semi-Furnished,11,13,15600
Bandra,Studio,0.4,309,1,1,0,0,Unfurnished,19,1,22200
Worli,PG,4.3,101,1,0,1,1,Semi-Furnished,10,9,11100
Powai,1BHK,1.8,598,1,1,0,0,Unfurnished,19,27,22200
Andheri,Shared Room,4.4,104,1,1,1,0,Fully-Furnished,19,25,9300
Andheri,2BHK,1.0,653,1,0,0,0,Semi-Furnished,17,23,29200
Bandra,Shared Room,0.8,83,1,0,1,0,Semi-Furnished,17,20,9600
Andheri,Studio,4.4,244,1,0,0,0,Semi-Furnished,17,17,14600
Juhu,PG,4.7,203,1,1,0,0,Fully-Furnished,4,40,11100
Goregaon,Shared Room,5.0,85,0,1,0,0,Semi-Furnished,12,30,5100
Thane,Shared Room,2.2,188,0,1,0,0,Semi-Furnished,6,24,4700
Malad,PG,2.0,204,1,1,1,0,Semi-Furnished,11,37,7800
Goregaon,1BHK,2.6,512,0,0,0,0,Semi-Furnished,11,4,16200
Bandra,Studio,2.7,351,0,0,0,0,Fully-Furnished,12,20,20900
Worli,Shared Room,2.0,103,1,1,1,0,Fully-Furnished,20,26,10900
Powai,1BHK,3.6,431,1,1,1,0,Semi-Furnished,9,38,23200
Juhu,PG,1.0,237,1,1,0,0,Semi-Furnished,12,12,14200
Borivali,Studio,3.0,398,1,1,1,0,Semi-Furnished,15,25,10900
Juhu,2BHK,3.4,657,1,1,0,1,Fully-Furnished,2,33,39200
Andheri,Studio,1.0,278,1,1,0,1,Unfurnished,12,24,15100
Thane,Studio,3.7,203,1,0,0,0,Fully-Furnished,6,35,9400
Juhu,Studio,3.0,300,1,1,0,0,Unfurnished,1,4,19100
Juhu,1BHK,2.7,447,1,0,0,0,Fully-Furnished,16,34,27200
Bandra,Shared Room,2.9,194,1,0,1,0,Semi-Furnished,15,11,9900
Dadar,2BHK,1.2,839,1,0,0,0,Semi-Furnished,20,19,30200
Thane,1BHK,4.3,532,1,1,1,1,Fully-Furnished,17,1,15200
Worli,PG,1.6,159,1,0,0,0,Unfurnished,10,14,9800
Thane,Shared Room,2.0,140,1,0,0,0,Unfurnished,9,29,3800
Borivali,Shared Room,0.5,128,1,0,1,0,Semi-Furnished,9,24,5700
Bandra,PG,4.3,238,1,0,0,1,Unfurnished,2,34,8200
Malad,1BHK,0.2,390,0,0,0,0,Unfurnished,12,30,14200
Dadar,1BHK,0.6,542,1,0,0,1,Unfurnished,18,4,23000
Bandra,2BHK,0.4,1017,0,1,1,1,Semi-Furnished,13,6,55400
Andheri,Shared Room,1.2,107,1,1,0,0,Fully-Furnished,17,36,7900
Powai,2BHK,4.2,1040,0,1,0,0,Semi-Furnished,5,14,35600
Malad,1BHK,0.8,510,1,1,1,0,Fully-Furnished,17,36,19000
Powai,PG,2.3,226,1,1,1,0,Fully-Furnished,17,39,12200
Powai,PG,2.0,168,0,0,0,0,Unfurnished,8,40,7300
Andheri,1BHK,0.3,620,1,0,0,0,Semi-Furnished,7,14,27100
Andheri,Shared Room,2.6,98,0,0,0,1,Fully-Furnished,10,0,7500
Dadar,2BHK,4.7,1070,1,1,0,0,Fully-Furnished,7,9,36700
Thane,Shared Room,1.5,172,1,1,1,1,Unfurnished,3,13,7000
Goregaon,Studio,4.9,350,1,0,0,0,Fully-Furnished,10,9,12700
Andheri,1BHK,0.6,462,1,1,1,1,Fully-Furnished,19,20,27800
Andheri,Studio,3.4,279,0,1,0,0,Fully-Furnished,20,7,19900
Juhu,Shared Room,1.7,170,1,0,0,1,Fully-Furnished,20,14,10800
Thane,2BHK,3.0,905,1,0,0,0,Unfurnished,14,24,18100
Malad,1BHK,0.1,424,0,0,1,0,Semi-Furnished,9,33,16400
Borivali,2BHK,3.5,825,1,0,0,0,Fully-Furnished,11,16,20500
Worli,1BHK,1.9,448,1,1,0,0,Unfurnished,3,3,28100
Powai,1BHK,3.3,350,1,1,1,1,Unfurnished,12,19,22400
Andheri,Shared Room,3.2,87,1,0,0,0,Unfurnished,1,29,4400
Powai,PG,0.5,108,1,0,0,0,Fully-Furnished,18,35,12000
Borivali,PG,1.3,155,1,0,0,0,Fully-Furnished,12,32,7900
Thane,Shared Room,3.7,194,1,0,0,1,Fully-Furnished,10,29,5100
Thane,Studio,2.6,274,0,1,0,0,Semi-Furnished,4,19,8900
Malad,Shared Room,3.2,85,0,0,0,1,Semi-Furnished,8,30,5500
Dadar,PG,0.4,108,1,1,1,0,Unfurnished,9,15,8900
Worli,Studio,0.4,321,1,1,0,1,Semi-Furnished,3,32,18100
Borivali,1BHK,4.8,518,0,1,0,1,Fully-Furnished,4,20,16100
Goregaon,Studio,2.4,443,1,1,1,1,Unfurnished,3,6,13000
Thane,PG,4.9,134,1,0,0,0,Unfurnished,1,5,4600
Goregaon,Studio,4.7,412,1,1,0,0,Unfurnished,11,23,10800
Juhu,Shared Room,2.4,86,0,1,1,1,Fully-Furnished,3,21,9600
Worli,1BHK,2.8,515,1,1,1,0,Semi-Furnished,2,5,29200
Borivali,Shared Room,4.1,125,0,0,1,0,Fully-Furnished,8,35,4000
Worli,1BHK,2.3,517,1,0,1,0,Semi-Furnished,10,39,22600
Thane,PG,0.3,154,0,0,1,0,Unfurnished,13,18,6300
Borivali,PG,2.5,118,0,1,0,0,Fully-Furnished,4,24,6400
Powai,PG,4.1,131,1,0,1,1,Unfurnished,5,5,8900
Bandra,Shared Room,1.9,139,0,1,1,0,Unfurnished,0,20,8100
Powai,Shared Room,1.8,134,0,0,0,0,Semi-Furnished,4,10,6400
Andheri,Shared Room,3.4,119,1,1,1,0,Unfurnished,0,7,6800
Borivali,2BHK,2.6,783,1,1,1,0,Semi-Furnished,13,35,22000
Powai,Shared Room,4.5,158,0,1,1,0,Unfurnished,13,37,6800
Dadar,Studio,2.0,444,1,1,1,0,Semi-Furnished,5,22,16300
Powai,2BHK,3.5,1103,0,0,0,0,Semi-Furnished,18,13,33100
Juhu,Studio,0.4,265,1,0,1,0,Unfurnished,20,34,21400
Worli,Shared Room,4.5,182,1,0,0,1,Fully-Furnished,15,28,8700
Andheri,Shared Room,1.4,174,1,0,1,1,Fully-Furnished,11,32,8900
Worli,Shared Room,4.2,185,1,0,0,0,Fully-Furnished,11,14,9600
Worli,2BHK,0.9,702,0,1,0,0,Semi-Furnished,6,27,41900
Powai,Shared Room,1.4,136,0,1,0,0,Semi-Furnished,17,16,7800
Thane,1BHK,0.8,433,0,1,0,1,Fully-Furnished,2,19,16200
Thane,PG,0.3,224,0,1,0,0,Semi-Furnished,9,40,5400
Worli,Studio,3.1,228,1,0,0,0,Unfurnished,10,18,17500
Andheri,Shared Room,2.1,188,0,0,1,0,Fully-Furnished,6,27,6900
Goregaon,Studio,3.2,212,1,1,0,0,Unfurnished,1,3,10300
Bandra,Studio,3.0,337,0,1,1,0,Fully-Furnished,1,28,15700
Worli,1BHK,4.5,529,1,1,1,1,Semi-Furnished,2,19,28200
Thane,2BHK,0.8,607,1,1,0,0,Semi-Furnished,4,20,22200
Andheri,PG,4.1,110,1,0,0,1,Fully-Furnished,8,37,8400
Bandra,2BHK,4.3,1149,1,1,0,0,Fully-Furnished,3,32,42600
Juhu,1BHK,3.3,363,0,0,1,0,Unfurnished,17,27,24000
Andheri,Studio,4.2,345,1,1,1,0,Semi-Furnished,2,10,16100
Dadar,1BHK,1.1,627,1,1,1,1,Fully-Furnished,20,29,26300
Malad,1BHK,2.4,483,0,0,1,0,Unfurnished,19,16,15200
Thane,Shared Room,0.9,146,1,0,0,0,Unfurnished,9,33,3900
Andheri,Studio,3.4,258,0,0,1,0,Semi-Furnished,2,12,12800
Bandra,2BHK,3.9,1040,1,1,0,0,Fully-Furnished,6,20,41100
Malad,Shared Room,1.2,195,0,0,0,0,Semi-Furnished,20,10,6100
Borivali,Shared Room,4.0,113,0,0,1,0,Unfurnished,15,31,3600
Dadar,2BHK,2.9,864,1,0,1,0,Unfurnished,20,13,29300
Bandra,Shared Room,3.1,150,0,1,0,1,Fully-Furnished,12,16,8800
Juhu,2BHK,4.4,868,1,0,0,1,Fully-Furnished,10,2,50900
Thane,1BHK,3.2,543,0,1,0,0,Semi-Furnished,14,34,11800
Borivali,2BHK,1.8,979,1,1,0,0,Unfurnished,8,0,25700
Dadar,2BHK,0.6,839,0,1,0,1,Semi-Furnished,10,34,38400
Bandra,Studio,0.6,417,1,1,0,1,Unfurnished,5,1,23400
Bandra,1BHK,3.4,413,0,1,1,1,Unfurnished,6,38,22300
Malad,Studio,1.2,304,0,1,0,0,Unfurnished,9,9,10600
Dadar,Shared Room,1.3,165,0,0,0,0,Semi-Furnished,12,22,5900
Bandra,1BHK,3.6,431,1,1,1,0,Semi-Furnished,17,31,26500
Thane,PG,3.0,170,1,0,1,0,Fully-Furnished,0,18,6400
Dadar,Shared Room,4.5,132,0,1,0,1,Semi-Furnished,0,26,6200
Worli,1BHK,0.9,563,1,0,0,0,Fully-Furnished,14,24,30600
Powai,2BHK,0.3,816,0,0,0,0,Unfurnished,17,13,36600
Powai,Shared Room,0.4,172,1,0,0,1,Unfurnished,8,37,8300
Andheri,Shared Room,3.8,84,1,0,1,0,Unfurnished,5,20,5500
Juhu,PG,1.5,155,1,1,0,1,Unfurnished,20,9,14000
Worli,2BHK,1.7,1143,1,0,0,1,Fully-Furnished,5,0,49900
Dadar,Shared Room,1.2,95,0,0,1,0,Fully-Furnished,8,33,6500
Malad,PG,3.7,133,1,0,0,0,Unfurnished,12,6,5500
Dadar,2BHK,2.8,1097,1,1,1,1,Unfurnished,7,2,33900
Bandra,Shared Room,3.8,136,1,0,0,0,Unfurnished,19,10,7700
Thane,PG,1.2,129,1,0,0,0,Unfurnished,10,12,5900
Andheri,PG,4.6,143,1,0,0,1,Fully-Furnished,16,4,11600
Dadar,Shared Room,2.3,96,0,0,1,0,Unfurnished,20,4,7300
Bandra,1BHK,2.2,363,1,1,1,1,Semi-Furnished,0,16,27300
Bandra,2BHK,1.3,1176,1,0,0,0,Fully-Furnished,11,10,53500
Borivali,1BHK,0.2,598,0,1,0,0,Semi-Furnished,15,1,18200
Bandra,Studio,2.4,379,1,0,0,1,Semi-Furnished,17,21,20400
Malad,1BHK,1.9,515,0,1,0,1,Unfurnished,7,26,16800
Thane,Studio,0.2,320,1,1,1,0,Fully-Furnished,1,0,11900
Malad,2BHK,4.8,946,1,0,1,0,Fully-Furnished,17,3,23500
Andheri,1BHK,1.0,625,1,0,1,1,Unfurnished,0,16,22800
Worli,Studio,3.6,340,1,1,0,1,Unfurnished,6,6,17600
Goregaon,Studio,3.8,405,0,0,1,1,Unfurnished,15,18,11900
Worli,2BHK,4.7,904,1,0,0,0,Semi-Furnished,1,28,35000
Juhu,1BHK,2.6,488,1,1,0,0,Fully-Furnished,20,40,27500
Goregaon,Studio,2.2,420,1,1,1,0,Unfurnished,3,40,11400
Malad,Studio,3.1,424,0,1,1,1,Fully-Furnished,15,35,15300
Andheri,2BHK,2.8,1025,1,0,0,0,Fully-Furnished,9,21,29900
Worli,PG,3.6,213,1,0,0,0,Fully-Furnished,8,23,10900
Borivali,2BHK,4.6,1016,0,0,1,0,Semi-Furnished,8,12,20400
Thane,Shared Room,4.3,164,0,0,0,0,Unfurnished,2,25,3000
Dadar,1BHK,0.2,601,1,0,0,0,Unfurnished,3,23,19200
Powai,PG,4.8,107,1,0,0,1,Unfurnished,2,18,7600
Goregaon,PG,1.6,143,0,0,0,1,Fully-Furnished,2,15,8100
Borivali,2BHK,0.2,1004,1,0,1,0,Fully-Furnished,11,16,28700
Malad,2BHK,1.5,859,1,1,1,0,Unfurnished,3,32,24000
Dadar,2BHK,3.0,1194,1,0,0,1,Semi-Furnished,9,16,32700
Worli,Studio,3.6,305,1,1,1,1,Semi-Furnished,2,15,18300
Bandra,Shared Room,3.5,97,1,1,0,1,Semi-Furnished,8,19,10000
Bandra,Studio,3.5,293,1,1,0,0,Semi-Furnished,3,1,20400
Dadar,PG,0.6,123,0,0,0,1,Fully-Furnished,3,33,9100
Andheri,PG,3.0,137,1,0,1,0,Unfurnished,9,31,7600
Thane,PG,0.1,165,1,0,0,0,Semi-Furnished,14,3,8000
Goregaon,2BHK,2.8,1002,0,1,0,0,Unfurnished,14,31,22400
Dadar,PG,0.2,111,0,1,0,1,Unfurnished,0,10,8100
Borivali,1BHK,4.0,596,0,0,1,0,Semi-Furnished,0,26,13600
Juhu,2BHK,1.9,1152,1,0,1,0,Semi-Furnished,4,8,51700
Thane,1BHK,3.3,630,1,0,1,0,Semi-Furnished,12,3,14300
Thane,Studio,2.5,431,1,0,0,0,Fully-Furnished,0,37,9100
Malad,PG,4.7,212,0,0,0,0,Semi-Furnished,0,3,5300
Juhu,1BHK,1.3,572,1,0,0,1,Fully-Furnished,4,35,28200
Goregaon,PG,0.6,158,1,0,1,0,Unfurnished,9,22,8500
Andheri,Shared Room,2.4,129,1,1,0,0,Fully-Furnished,13,22,8900
Malad,1BHK,3.7,504,1,1,1,1,Unfurnished,9,13,15500
Goregaon,1BHK,0.6,416,1,0,1,1,Fully-Furnished,18,14,23600
Worli,PG,4.4,201,1,0,1,0,Semi-Furnished,12,0,13000
Bandra,Studio,0.7,351,1,1,1,0,Fully-Furnished,6,12,26000
Borivali,1BHK,4.8,582,1,0,0,0,Unfurnished,20,31,12200
Goregaon,Shared Room,3.7,163,0,1,0,1,Unfurnished,11,40,6200
Powai,1BHK,4.4,489,1,1,0,0,Unfurnished,15,1,26800
Juhu,Shared Room,2.8,196,1,0,1,0,Fully-Furnished,12,14,10200
Powai,2BHK,1.9,878,0,0,0,1,Fully-Furnished,10,1,42700
Andheri,PG,4.0,215,1,1,0,0,Fully-Furnished,4,38,9200
Powai,Studio,3.1,385,1,1,0,0,Fully-Furnished,16,15,20600
Borivali,2BHK,3.3,1133,1,0,1,0,Unfurnished,12,10,20600
Worli,Studio,4.3,417,0,0,0,0,Fully-Furnished,17,11,19100
Powai,1BHK,3.3,588,1,0,1,0,Fully-Furnished,0,29,21600
Goregaon,Studio,3.0,266,1,0,0,0,Fully-Furnished,5,23,11500
Dadar,1BHK,3.8,395,1,1,1,0,Unfurnished,2,14,16600
Bandra,PG,4.5,148,0,0,0,0,Semi-Furnished,10,32,8400
Thane,Studio,0.6,449,1,0,0,0,Semi-Furnished,12,26,9800
Dadar,2BHK,4.3,843,1,1,1,1,Fully-Furnished,13,23,31900
Bandra,PG,4.2,192,1,0,0,0,Fully-Furnished,3,28,9400
Goregaon,Studio,2.9,342,0,1,1,0,Fully-Furnished,4,20,15100
Bandra,Shared Room,4.0,165,1,1,0,0,Semi-Furnished,17,22,8500
Borivali,PG,3.5,197,1,1,0,0,Fully-Furnished,14,39,7300
Thane,1BHK,2.3,634,1,0,1,1,Fully-Furnished,14,11,20200
Thane,2BHK,2.1,692,1,1,0,0,Semi-Furnished,7,39,17800
Thane,Shared Room,2.2,90,1,0,0,0,Unfurnished,6,15,4000
Juhu,PG,1.1,132,1,0,0,0,Fully-Furnished,20,29,12900
Dadar,Shared Room,2.2,127,1,0,1,0,Fully-Furnished,1,6,6800
Dadar,1BHK,4.7,372,1,0,0,1,Semi-Furnished,7,39,15600
Juhu,2BHK,3.2,731,1,0,1,0,Semi-Furnished,12,31,39600
Thane,1BHK,1.6,519,0,1,0,0,Fully-Furnished,13,23,15600
Powai,Shared Room,4.4,133,0,1,0,1,Semi-Furnished,1,8,7100
Bandra,2BHK,4.3,788,1,0,0,0,Unfurnished,19,25,29000
Malad,1BHK,3.7,497,1,0,1,0,Unfurnished,17,15,14000
Worli,Studio,4.8,243,1,0,0,0,Unfurnished,3,38,11500
Juhu,PG,3.3,121,1,1,1,1,Unfurnished,12,33,11900
Thane,PG,1.9,219,1,1,0,0,Semi-Furnished,4,24,6600
Worli,Studio,2.7,347,0,0,0,1,Semi-Furnished,19,12,19500
Andheri,Studio,1.5,259,0,0,0,0,Unfurnished,14,12,13300
Borivali,Studio,3.9,375,1,0,0,0,Unfurnished,12,31,9800
Bandra,Studio,0.2,251,1,0,0,0,Fully-Furnished,9,30,20100
Malad,Shared Room,2.8,132,0,1,1,0,Semi-Furnished,8,31,5500
Juhu,2BHK,3.5,966,1,1,0,0,Semi-Furnished,0,31,35700
Goregaon,Studio,2.9,432,1,1,1,0,Unfurnished,7,40,10800
Juhu,PG,4.8,200,0,1,0,0,Unfurnished,5,27,8000
Bandra,Studio,2.6,287,0,1,0,0,Fully-Furnished,16,40,17600
Powai,1BHK,0.8,443,0,1,0,0,Fully-Furnished,11,7,24900
Juhu,1BHK,0.4,377,1,0,1,0,Semi-Furnished,1,2,32200
Goregaon,PG,3.3,140,1,1,1,0,Semi-Furnished,16,14,7500
Powai,Shared Room,3.4,129,1,0,0,0,Unfurnished,15,0,8100
Powai,1BHK,2.2,599,1,0,0,1,Unfurnished,14,14,22700
Worli,Studio,2.0,288,1,1,1,0,Unfurnished,20,27,19300
Powai,1BHK,1.7,353,0,0,1,0,Semi-Furnished,4,37,22800
Malad,PG,3.0,210,1,0,0,1,Fully-Furnished,12,7,9200
Thane,Shared Room,4.0,83,0,1,1,1,Semi-Furnished,11,0,6300
Borivali,Studio,2.9,234,1,0,0,1,Fully-Furnished,2,15,12500
Andheri,1BHK,0.5,490,1,0,1,0,Unfurnished,14,26,20100
Andheri,Studio,0.2,369,1,1,0,0,Fully-Furnished,19,5,22100
Bandra,Shared Room,4.6,181,1,1,0,0,Unfurnished,14,34,6700
Andheri,2BHK,1.2,1008,0,1,1,0,Fully-Furnished,6,0,47500
Thane,1BHK,1.5,415,1,0,1,0,Semi-Furnished,3,25,12600
Bandra,2BHK,1.7,1181,1,1,0,1,Semi-Furnished,11,38,45000
Powai,1BHK,2.7,553,1,0,0,1,Semi-Furnished,4,29,24800
Thane,1BHK,2.2,463,0,1,0,0,Unfurnished,8,36,11200
Juhu,2BHK,1.4,603,0,0,1,0,Fully-Furnished,4,31,48100
Thane,2BHK,0.7,829,1,1,0,0,Semi-Furnished,11,22,18100
Worli,PG,0.4,233,1,1,0,0,Fully-Furnished,1,24,12200
Goregaon,1BHK,3.5,452,0,1,1,0,Unfurnished,9,34,14800
Thane,Studio,0.8,257,0,0,0,1,Fully-Furnished,10,15,11400
Andheri,2BHK,4.3,1038,0,0,1,1,Semi-Furnished,9,11,33600
Thane,1BHK,1.4,562,1,0,1,0,Semi-Furnished,7,11,12500
Andheri,Studio,1.2,404,0,1,0,0,Unfurnished,11,36,10800
Powai,Shared Room,2.7,99,1,0,0,1,Fully-Furnished,19,24,8800
Thane,Shared Room,2.1,161,1,1,1,0,Semi-Furnished,12,28,5200
Dadar,PG,0.6,197,0,0,1,0,Fully-Furnished,17,17,9900
Malad,Shared Room,3.7,123,1,1,1,0,Fully-Furnished,9,30,6300
Worli,Studio,3.2,446,0,1,0,0,Unfurnished,16,31,18500
Borivali,Studio,3.5,405,1,0,1,0,Fully-Furnished,16,32,10100
Malad,1BHK,1.3,609,1,1,0,0,Fully-Furnished,12,2,20900
Powai,1BHK,3.0,530,1,0,0,1,Fully-Furnished,9,39,25600
Thane,1BHK,0.4,389,1,0,1,0,Fully-Furnished,1,31,13100
Goregaon,PG,2.1,118,1,0,0,0,Semi-Furnished,6,1,8100
Juhu,2BHK,3.4,1179,1,0,0,0,Semi-Furnished,20,9,36500
Malad,1BHK,4.0,608,1,0,0,0,Semi-Furnished,15,35,12100
Dadar,Shared Room,2.9,110,0,1,0,0,Semi-Furnished,18,13,7500
Borivali,Shared Room,3.4,146,1,1,1,0,Unfurnished,14,33,5900
Borivali,2BHK,0.7,600,0,1,1,1,Semi-Furnished,7,12,24800
Dadar,2BHK,2.6,651,1,1,0,0,Unfurnished,7,0,28400
Borivali,2BHK,0.5,639,0,1,1,0,Unfurnished,0,16,21500
Bandra,Studio,3.0,373,1,0,0,1,Semi-Furnished,19,19,20400
Thane,2BHK,0.6,1068,1,0,1,0,Semi-Furnished,12,21,24100
Powai,Shared Room,2.7,113,1,1,0,0,Semi-Furnished,15,38,7300
Borivali,2BHK,1.5,1159,1,1,1,0,Semi-Furnished,16,27,26100
Andheri,2BHK,0.8,1136,1,0,0,0,Fully-Furnished,5,11,43100
Malad,PG,3.9,205,1,0,1,0,Unfurnished,13,10,6800
Thane,PG,4.0,147,1,1,0,0,Fully-Furnished,0,35,4900
Dadar,Studio,0.7,420,1,1,0,0,Unfurnished,19,37,15000
Borivali,PG,3.7,120,1,1,1,0,Semi-Furnished,17,37,6600
Malad,Shared Room,0.3,154,1,1,1,0,Semi-Furnished,2,7,7100
Juhu,2BHK,2.7,1007,1,1,1,0,Semi-Furnished,2,30,39000
Goregaon,PG,0.5,171,1,0,0,1,Semi-Furnished,6,0,9500
Goregaon,1BHK,1.7,468,1,0,0,0,Fully-Furnished,4,29,17500
Malad,Shared Room,3.1,121,0,1,1,0,Semi-Furnished,20,14,7600
Bandra,Shared Room,2.0,86,1,0,1,1,Fully-Furnished,0,30,9300
Bandra,Shared Room,2.6,88,1,0,0,0,Unfurnished,20,15,8000
Borivali,Shared Room,3.2,148,1,1,0,0,Fully-Furnished,9,38,5800
Powai,2BHK,1.1,832,1,1,0,0,Semi-Furnished,7,7,35900
Borivali,1BHK,2.6,368,1,0,0,0,Fully-Furnished,13,12,16500
Thane,PG,2.3,149,1,1,0,0,Unfurnished,16,25,6600
Worli,Shared Room,0.4,162,0,1,0,1,Unfurnished,17,27,9000
Worli,Shared Room,0.2,198,1,0,0,0,Unfurnished,6,29,9100
Malad,PG,3.1,131,1,1,1,0,Semi-Furnished,12,10,7700
Goregaon,Studio,3.2,384,1,1,1,0,Unfurnished,0,18,12500
Dadar,Studio,0.4,373,1,1,0,0,Semi-Furnished,15,27,15400
Juhu,Shared Room,4.8,185,0,0,1,0,Fully-Furnished,10,22,9600
Bandra,PG,2.4,183,1,1,0,1,Unfurnished,9,6,12500
Thane,2BHK,3.7,847,1,0,1,0,Unfurnished,19,36,19200
Thane,Studio,3.5,245,1,1,0,1,Unfurnished,5,10,10400
Borivali,Studio,0.4,207,0,1,1,1,Fully-Furnished,0,35,12600
Worli,Studio,4.3,344,0,0,0,0,Unfurnished,15,8,14800
Bandra,Shared Room,2.0,132,1,0,1,0,Fully-Furnished,10,38,8700
Goregaon,1BHK,3.6,523,1,1,0,0,Semi-Furnished,7,8,15400
Andheri,2BHK,4.4,875,1,0,0,0,Unfurnished,9,9,25000
Worli,2BHK,1.2,1138,1,1,1,0,Fully-Furnished,12,11,57000
Worli,Shared Room,1.6,129,1,0,0,0,Fully-Furnished,13,25,9100
Powai,Studio,0.8,237,1,1,1,0,Fully-Furnished,6,27,20100
Goregaon,2BHK,1.1,787,1,1,1,0,Semi-Furnished,15,23,25300
Worli,Shared Room,3.8,187,0,1,0,0,Fully-Furnished,18,24,8900
Powai,1BHK,4.4,440,0,0,0,1,Fully-Furnished,17,22,24200
Thane,Studio,1.7,325,1,0,1,0,Semi-Furnished,2,10,10100
Juhu,2BHK,4.7,787,0,1,0,0,Fully-Furnished,3,34,40700
Powai,Studio,3.6,318,0,1,1,0,Fully-Furnished,20,32,18400
Worli,2BHK,2.4,1075,0,0,0,0,Fully-Furnished,13,30,41500
Andheri,Shared Room,3.1,116,1,1,1,0,Fully-Furnished,7,14,8600
Dadar,PG,4.9,155,1,1,0,0,Unfurnished,5,13,7100
Juhu,2BHK,2.4,870,0,0,0,0,Semi-Furnished,2,36,40500
Andheri,2BHK,1.5,627,0,0,0,0,Unfurnished,4,4,33300
Dadar,2BHK,2.9,887,0,1,0,0,Unfurnished,1,28,26800
Andheri,PG,1.8,156,1,0,1,1,Unfurnished,5,15,9800
Bandra,1BHK,1.4,537,1,1,0,0,Semi-Furnished,9,16,28500
Juhu,1BHK,2.9,433,0,0,1,0,Semi-Furnished,20,25,26600
Worli,2BHK,2.1,740,0,1,0,1,Fully-Furnished,0,23,41300
Thane,PG,1.2,154,1,0,0,0,Fully-Furnished,9,33,6200
Andheri,1BHK,5.0,444,1,0,0,0,Fully-Furnished,18,33,19600
Malad,PG,2.4,210,1,1,0,1,Fully-Furnished,0,35,8900
Goregaon,2BHK,4.1,1132,1,1,1,0,Unfurnished,3,13,21800
Powai,1BHK,1.1,484,0,0,0,0,Semi-Furnished,14,5,26100
Powai,1BHK,2.1,361,1,0,0,0,Semi-Furnished,14,35,20600
Worli,Studio,2.6,407,1,0,0,0,Unfurnished,2,14,15800
Powai,Studio,2.3,332,0,0,0,0,Semi-Furnished,8,0,19900
Thane,1BHK,4.1,556,1,1,0,0,Fully-Furnished,14,11,15600
Juhu,PG,3.8,206,1,1,0,0,Fully-Furnished,17,6,12400
Thane,1BHK,4.3,567,1,1,1,0,Unfurnished,13,32,11700
Andheri,Studio,0.1,320,1,1,0,1,Unfurnished,15,29,17700
Malad,1BHK,1.5,374,0,0,1,0,Fully-Furnished,16,8,17600
Andheri,Studio,0.1,325,1,0,1,0,Fully-Furnished,14,27,19900
Dadar,1BHK,3.5,428,1,0,1,0,Unfurnished,18,16,16900
Andheri,Shared Room,1.6,167,0,0,0,0,Unfurnished,6,35,5400
Andheri,PG,2.1,201,1,0,1,0,Unfurnished,15,6,10000
Worli,2BHK,1.1,775,0,1,1,0,Semi-Furnished,10,1,45000
Goregaon,Shared Room,3.6,110,1,1,1,1,Unfurnished,1,8,5300
Borivali,Studio,2.0,234,0,0,0,0,Fully-Furnished,7,1,11200
Powai,1BHK,2.6,499,1,1,0,0,Unfurnished,20,39,22100
Borivali,2BHK,1.1,1110,1,1,0,1,Semi-Furnished,2,4,28200
Powai,Studio,1.1,210,1,0,0,0,Semi-Furnished,2,13,19600
Borivali,1BHK,2.7,427,1,0,1,0,Semi-Furnished,18,0,18700
Bandra,1BHK,3.1,640,0,0,0,0,Unfurnished,7,10,25400
Worli,Shared Room,2.1,113,1,0,0,1,Unfurnished,3,28,7900
Thane,1BHK,4.0,391,1,0,1,1,Unfurnished,5,37,8900
Thane,Studio,1.7,430,1,0,0,0,Semi-Furnished,9,7,9900
Worli,PG,3.9,212,1,0,1,1,Fully-Furnished,19,31,12400
Goregaon,1BHK,0.7,360,1,0,1,1,Unfurnished,7,32,16100
Andheri,Studio,3.1,415,1,0,1,0,Semi-Furnished,11,9,16700
Borivali,Shared Room,4.8,196,0,0,0,1,Unfurnished,18,17,5200
Borivali,2BHK,0.9,657,1,1,1,0,Semi-Furnished,12,18,18900
Powai,1BHK,0.6,575,0,0,0,0,Fully-Furnished,11,1,29300
Borivali,Shared Room,2.1,185,1,0,0,1,Unfurnished,17,14,7000
Goregaon,Shared Room,1.6,102,0,1,1,0,Fully-Furnished,4,22,6100
Andheri,2BHK,1.1,678,1,0,0,0,Fully-Furnished,20,24,31200
Goregaon,Studio,0.5,334,0,1,0,1,Unfurnished,13,33,12000
Goregaon,Shared Room,1.7,164,0,0,1,0,Unfurnished,5,14,5800
Malad,Studio,1.3,250,0,0,1,0,Fully-Furnished,11,33,12000
Malad,1BHK,4.7,415,1,0,1,0,Fully-Furnished,12,14,17800
Goregaon,Shared Room,1.5,124,1,1,0,0,Unfurnished,13,38,6000
Borivali,1BHK,3.5,548,1,1,0,0,Unfurnished,1,23,10900
Andheri,Shared Room,3.0,175,0,1,0,0,Semi-Furnished,3,2,6300
Worli,1BHK,2.2,383,1,0,0,1,Fully-Furnished,20,19,31900
Borivali,Shared Room,2.1,140,0,0,0,1,Unfurnished,3,35,4300
Bandra,Studio,4.9,321,1,0,0,0,Fully-Furnished,18,20,17600
Juhu,PG,1.5,127,1,1,0,1,Unfurnished,19,39,11900
Dadar,1BHK,0.6,532,1,0,0,1,Unfurnished,5,0,22600
Borivali,1BHK,3.1,628,0,0,0,1,Fully-Furnished,4,20,13700
Powai,PG,3.0,223,1,1,0,0,Unfurnished,12,19,10200
Dadar,Shared Room,4.4,136,0,1,1,0,Unfurnished,8,16,6400
Juhu,1BHK,4.7,586,1,0,0,0,Semi-Furnished,4,38,22800
Bandra,Studio,2.7,333,1,1,0,0,Semi-Furnished,11,3,17800
Powai,Studio,0.5,367,1,0,0,1,Semi-Furnished,0,14,20100
Worli,Shared Room,2.6,175,1,0,1,0,Unfurnished,9,31,7700
Bandra,2BHK,3.3,1123,1,1,0,0,Semi-Furnished,3,17,45500
Thane,2BHK,2.9,1030,1,0,0,0,Fully-Furnished,3,38,19900
Bandra,2BHK,3.5,764,0,1,1,0,Semi-Furnished,0,6,39800
Worli,Shared Room,1.7,103,1,0,0,0,Semi-Furnished,11,16,8900
Powai,Shared Room,0.5,161,1,0,0,1,Fully-Furnished,11,14,9200
Thane,1BHK,2.4,415,1,0,1,1,Unfurnished,15,16,14900
Dadar,1BHK,3.6,431,0,0,1,0,Fully-Furnished,20,23,24200
Thane,Shared Room,2.1,133,1,0,1,1,Fully-Furnished,7,12,6500
Thane,PG,0.4,205,1,1,1,0,Unfurnished,14,2,8200
Powai,Shared Room,4.9,189,0,1,1,0,Semi-Furnished,12,9,8200
Powai,2BHK,2.6,1033,1,0,0,0,Unfurnished,10,6,33000
Bandra,PG,2.6,148,1,1,1,0,Fully-Furnished,10,5,12900
Thane,1BHK,3.2,481,1,1,0,1,Semi-Furnished,17,4,16100
Borivali,1BHK,0.5,609,1,1,1,0,Semi-Furnished,11,17,17300
Thane,2BHK,4.4,916,1,1,0,0,Semi-Furnished,12,19,19000
Juhu,Studio,1.6,355,1,1,0,1,Fully-Furnished,4,22,25600
Powai,PG,4.3,125,1,1,0,0,Unfurnished,10,32,6100
Thane,1BHK,3.7,600,0,0,1,0,Fully-Furnished,17,0,19200
Borivali,PG,3.8,188,1,1,1,0,Unfurnished,9,4,7800
Worli,1BHK,2.4,628,1,1,0,1,Semi-Furnished,5,2,25200
Malad,Studio,3.6,267,1,1,0,1,Semi-Furnished,4,2,12200
Dadar,Studio,2.5,417,0,0,0,1,Fully-Furnished,10,7,18200
Thane,Studio,3.2,206,0,0,0,0,Fully-Furnished,15,8,8600
Goregaon,1BHK,3.7,610,1,1,0,0,Unfurnished,15,37,14800
Malad,PG,1.8,189,1,1,0,0,Unfurnished,7,22,6600
Malad,1BHK,3.5,435,1,1,0,0,Fully-Furnished,9,24,18500
Bandra,1BHK,3.3,592,1,1,0,1,Semi-Furnished,0,16,28200
Andheri,Studio,2.9,241,0,1,1,0,Unfurnished,12,0,15800
Powai,PG,3.0,213,1,1,0,0,Semi-Furnished,17,33,9400
Borivali,PG,0.4,224,1,1,0,1,Semi-Furnished,15,14,9800
Dadar,Shared Room,3.5,102,1,1,1,0,Semi-Furnished,3,24,5700
Goregaon,2BHK,0.6,854,1,0,0,0,Unfurnished,3,35,22800
Worli,1BHK,1.2,415,1,1,1,1,Semi-Furnished,16,15,30200
Powai,PG,5.0,124,1,0,0,0,Fully-Furnished,6,19,8400
Malad,1BHK,2.2,481,1,0,0,0,Unfurnished,16,4,14900
Goregaon,PG,1.3,110,1,0,0,0,Unfurnished,14,5,8400
Worli,PG,1.3,197,1,0,1,1,Fully-Furnished,17,19,13600
Goregaon,PG,1.1,139,1,0,0,0,Unfurnished,11,4,7200
Powai,1BHK,1.4,377,1,1,0,0,Unfurnished,6,34,20200
Borivali,PG,0.4,108,1,0,0,0,Semi-Furnished,13,4,8200
Juhu,2BHK,1.9,982,1,1,0,0,Fully-Furnished,20,5,52900
Goregaon,PG,4.1,207,1,0,1,0,Semi-Furnished,19,21,7600
Juhu,1BHK,4.8,407,0,0,1,1,Unfurnished,18,22,20500
Juhu,1BHK,2.3,505,1,1,0,0,Fully-Furnished,18,32,32300
Goregaon,Shared Room,2.3,88,1,0,0,1,Unfurnished,10,22,5700
Andheri,2BHK,1.1,976,1,0,0,0,Semi-Furnished,5,1,41900
Worli,Shared Room,0.5,106,1,0,0,0,Semi-Furnished,11,34,8000
Thane,2BHK,2.3,689,0,1,1,0,Fully-Furnished,8,14,24900
Bandra,2BHK,2.2,910,1,0,0,1,Semi-Furnished,16,18,41300
Powai,1BHK,1.6,638,0,1,0,0,Fully-Furnished,17,11,28500
Juhu,2BHK,3.7,1010,1,1,1,0,Semi-Furnished,9,40,35900
Goregaon,PG,1.8,101,1,0,1,1,Fully-Furnished,13,24,10100
Thane,Studio,0.7,411,1,0,1,1,Unfurnished,16,39,11300
Goregaon,Shared Room,4.1,174,1,0,0,1,Fully-Furnished,10,4,8500
Malad,2BHK,2.6,754,0,1,1,0,Fully-Furnished,4,20,28500
Dadar,Studio,3.4,231,0,1,1,0,Semi-Furnished,0,4,14400
Worli,PG,3.3,214,1,1,1,1,Fully-Furnished,20,19,16100
Malad,PG,3.4,222,1,1,1,0,Semi-Furnished,15,8,8900
Bandra,Shared Room,3.2,108,0,0,1,0,Unfurnished,4,15,6600
Powai,1BHK,2.3,605,1,1,1,0,Semi-Furnished,10,16,25900
Powai,Studio,1.8,401,1,1,0,0,Fully-Furnished,16,18,17000
Thane,2BHK,2.7,934,0,0,1,0,Unfurnished,16,15,20700
Juhu,Shared Room,2.3,195,1,1,1,0,Fully-Furnished,19,24,11600
Bandra,PG,0.2,162,0,1,0,1,Unfurnished,1,14,13100
Goregaon,1BHK,1.7,621,1,1,0,1,Fully-Furnished,15,23,21300
Thane,2BHK,1.7,620,1,0,0,0,Unfurnished,7,19,18500
Malad,Shared Room,2.0,180,0,0,0,1,Fully-Furnished,14,30,7300
Malad,Studio,4.4,248,1,0,0,0,Fully-Furnished,5,22,10500
Juhu,1BHK,3.7,385,0,1,1,0,Fully-Furnished,8,34,29300
Powai,Studio,0.4,246,1,0,0,1,Fully-Furnished,20,31,19800
Dadar,Shared Room,2.3,104,1,0,1,0,Semi-Furnished,16,16,6400
Bandra,2BHK,1.7,1033,1,1,1,0,Unfurnished,16,31,35900
Thane,2BHK,0.6,660,1,0,1,0,Semi-Furnished,0,17,22800
Worli,2BHK,2.1,1152,1,1,0,1,Fully-Furnished,17,13,49500
Goregaon,Studio,2.1,287,0,0,1,0,Unfurnished,14,25,11300
Worli,Studio,1.9,301,0,1,1,1,Semi-Furnished,5,3,22200
Worli,Shared Room,2.8,100,1,0,0,0,Unfurnished,2,22,6200
Borivali,Studio,0.6,336,0,0,0,1,Fully-Furnished,9,24,12400
Powai,2BHK,2.1,929,1,0,0,1,Semi-Furnished,9,18,38200
Thane,2BHK,4.9,1105,1,0,1,0,Unfurnished,1,8,17900
Goregaon,1BHK,3.9,536,1,0,0,0,Fully-Furnished,0,32,17800
Juhu,Studio,2.2,441,1,1,1,0,Unfurnished,20,19,19300
Borivali,1BHK,0.2,560,1,0,1,0,Semi-Furnished,4,26,17100
Juhu,1BHK,4.1,458,1,0,1,1,Fully-Furnished,16,28,24300
Malad,1BHK,3.1,502,1,1,1,1,Semi-Furnished,16,40,16900
Powai,2BHK,0.4,622,0,0,0,1,Semi-Furnished,6,39,39900
Juhu,2BHK,3.4,981,0,0,0,0,Unfurnished,0,28,33700
Borivali,Shared Room,0.3,148,0,0,0,0,Fully-Furnished,12,12,5300
Juhu,Shared Room,2.8,155,1,0,0,0,Unfurnished,0,19,7100
Goregaon,Shared Room,1.8,192,0,1,1,0,Unfurnished,4,4,6500
Powai,2BHK,2.4,977,1,0,1,0,Fully-Furnished,7,16,37900
Dadar,2BHK,3.5,1194,1,1,1,0,Unfurnished,9,28,29100
Powai,Studio,4.7,211,1,0,1,1,Unfurnished,9,11,15400
Worli,1BHK,2.6,646,1,1,1,0,Fully-Furnished,4,17,34200
Goregaon,Shared Room,3.7,110,1,1,0,0,Semi-Furnished,8,28,5100
Thane,2BHK,1.1,686,0,0,0,1,Fully-Furnished,11,33,22300
Juhu,PG,2.1,106,1,1,0,0,Unfurnished,9,34,10000
Dadar,1BHK,2.7,371,0,0,0,0,Unfurnished,5,5,17600
Juhu,Shared Room,3.7,155,1,1,0,1,Unfurnished,15,17,10200
Dadar,2BHK,0.9,766,1,0,1,0,Fully-Furnished,20,36,34700
Borivali,1BHK,4.8,532,0,0,1,0,Unfurnished,3,35,11700
Worli,Studio,1.8,430,1,0,1,1,Fully-Furnished,12,30,22400
Bandra,Studio,0.4,449,1,0,1,0,Fully-Furnished,1,40,20200
Juhu,Studio,0.5,262,1,0,0,0,Semi-Furnished,5,36,20400
Worli,PG,2.8,175,1,1,1,0,Unfurnished,19,0,10700
Dadar,2BHK,0.2,771,1,1,1,0,Semi-Furnished,16,21,31400
Thane,Studio,3.5,340,1,1,0,1,Semi-Furnished,13,35,11700
Andheri,Studio,3.6,430,1,1,0,0,Semi-Furnished,0,1,14800
Bandra,PG,3.6,143,1,1,1,0,Fully-Furnished,18,29,12300
Powai,Shared Room,4.5,133,1,0,1,0,Unfurnished,1,9,6500
Dadar,Shared Room,1.1,90,1,1,0,0,Fully-Furnished,8,23,7200
Worli,Studio,2.6,381,1,1,0,0,Fully-Furnished,13,35,20100
Goregaon,1BHK,2.2,595,1,0,0,1,Fully-Furnished,8,30,18800
Borivali,Studio,2.1,369,1,0,0,1,Unfurnished,10,14,12200
Thane,PG,2.2,129,1,1,0,0,Semi-Furnished,10,25,5700
Borivali,1BHK,1.6,521,1,1,0,0,Unfurnished,3,11,13800
Andheri,Shared Room,0.3,179,1,0,0,0,Unfurnished,1,15,6400
Thane,PG,3.8,102,1,0,0,1,Unfurnished,10,2,6600
Goregaon,1BHK,1.9,533,1,1,1,1,Fully-Furnished,8,21,19400
Bandra,PG,4.7,181,1,0,1,1,Unfurnished,17,11,11800
Borivali,Studio,4.4,422,0,1,0,0,Unfurnished,7,32,8200
Bandra,Shared Room,0.2,129,1,0,0,1,Semi-Furnished,1,32,9000
Powai,PG,2.4,249,1,1,0,0,Fully-Furnished,8,21,12000
Worli,Shared Room,1.0,101,0,1,1,0,Unfurnished,5,36,8300
Goregaon,Shared Room,4.4,119,1,0,0,1,Unfurnished,15,39,5200
Thane,1BHK,2.3,646,1,1,0,0,Unfurnished,3,19,13500
Bandra,Studio,1.6,299,1,1,1,0,Semi-Furnished,15,16,21500
Andheri,1BHK,2.9,538,1,0,0,0,Unfurnished,8,9,19400
Bandra,Studio,0.4,203,0,1,1,1,Semi-Furnished,2,8,24500
Thane,Shared Room,4.7,172,0,1,1,0,Semi-Furnished,15,11,5500
Juhu,1BHK,1.9,467,1,0,1,0,Semi-Furnished,17,9,33300
Bandra,1BHK,4.6,408,1,1,0,1,Semi-Furnished,14,38,22400
Andheri,Studio,3.7,448,1,1,1,0,Fully-Furnished,9,40,15500
Dadar,Studio,1.0,344,0,0,1,0,Unfurnished,1,7,14300
Thane,1BHK,3.9,411,1,1,0,0,Unfurnished,5,11,9900
Andheri,2BHK,3.3,906,1,0,0,0,Semi-Furnished,7,17,26600
Powai,Shared Room,3.8,171,1,1,0,0,Fully-Furnished,20,11,8800
Malad,2BHK,3.3,827,0,0,0,1,Fully-Furnished,11,26,25600
Dadar,2BHK,3.3,829,1,0,0,0,Unfurnished,6,27,22600
Goregaon,2BHK,2.3,629,1,1,0,0,Fully-Furnished,8,32,26500
Andheri,PG,0.8,206,0,0,1,0,Semi-Furnished,19,2,11000
Dadar,2BHK,1.5,825,1,1,0,0,Unfurnished,17,27,33100
Borivali,Shared Room,3.0,87,1,0,0,0,Semi-Furnished,19,23,4500
Worli,2BHK,2.6,1032,1,1,0,0,Semi-Furnished,7,15,46000
Andheri,2BHK,0.9,1137,1,1,0,0,Semi-Furnished,0,26,33500
Worli,2BHK,4.2,1060,1,1,0,1,Fully-Furnished,11,29,39600
Goregaon,PG,3.1,206,1,1,0,1,Fully-Furnished,19,16,9700
Thane,Shared Room,1.6,183,0,1,1,0,Unfurnished,3,32,4300
Worli,Studio,4.2,266,1,0,0,0,Fully-Furnished,10,8,20900
Bandra,PG,3.7,103,1,1,0,0,Fully-Furnished,2,18,9100
Bandra,PG,1.3,234,0,0,0,0,Semi-Furnished,13,28,8100
Juhu,2BHK,1.3,1154,1,1,1,0,Semi-Furnished,20,28,48500
Andheri,PG,3.7,150,0,1,0,0,Semi-Furnished,12,23,7400
Thane,1BHK,5.0,494,0,1,1,0,Unfurnished,4,28,9700
Borivali,1BHK,1.3,614,1,0,0,0,Unfurnished,14,20,15500
Dadar,Studio,0.4,373,1,0,1,0,Fully-Furnished,18,25,17500
Andheri,PG,0.9,212,0,0,0,0,Semi-Furnished,9,8,9400
Borivali,PG,3.9,198,1,0,1,0,Unfurnished,14,31,5900
Andheri,Shared Room,0.6,195,0,1,0,0,Fully-Furnished,14,5,8000
Dadar,PG,3.7,110,0,1,0,0,Unfurnished,20,5,7900
Powai,2BHK,3.8,658,1,0,0,1,Unfurnished,9,28,31100
Andheri,Shared Room,3.9,172,1,0,0,0,Unfurnished,16,5,7100
Worli,1BHK,3.8,592,0,1,1,0,Semi-Furnished,5,18,29300
Juhu,1BHK,2.6,383,0,1,1,0,Fully-Furnished,19,38,26000
Juhu,PG,2.9,207,0,0,0,1,Fully-Furnished,10,25,12700
Thane,Shared Room,4.3,93,0,1,1,0,Unfurnished,9,8,4600
Worli,2BHK,4.4,997,1,0,0,1,Semi-Furnished,17,23,40700
Malad,2BHK,4.3,697,0,0,0,1,Fully-Furnished,10,9,21900
Juhu,1BHK,2.3,426,1,0,1,0,Unfurnished,4,26,23400
Bandra,Shared Room,2.3,187,1,1,1,1,Semi-Furnished,9,16,10000
Andheri,PG,3.3,107,1,0,0,0,Fully-Furnished,16,7,9500
Andheri,PG,4.8,182,1,0,0,0,Unfurnished,18,28,6700
Andheri,PG,4.2,144,0,1,0,0,Semi-Furnished,15,10,9300
Borivali,Shared Room,3.4,196,1,1,1,0,Semi-Furnished,11,16,5500
Powai,2BHK,1.2,1042,1,0,1,0,Semi-Furnished,12,34,41700
Malad,Studio,5.0,395,0,1,0,1,Semi-Furnished,19,35,11200
Andheri,Studio,1.4,313,1,0,0,0,Fully-Furnished,16,34,18000
Dadar,Studio,0.5,369,1,0,0,1,Semi-Furnished,0,35,13800
Juhu,Studio,4.3,328,1,0,0,1,Unfurnished,9,12,17300
Worli,PG,0.9,154,1,0,0,0,Fully-Furnished,17,22,15600
Andheri,2BHK,1.8,1033,1,1,0,0,Unfurnished,20,15,36200
Powai,PG,0.2,203,1,0,1,0,Fully-Furnished,4,35,10300
Juhu,PG,0.5,165,1,0,1,0,Unfurnished,10,2,17000
Andheri,Shared Room,3.1,133,1,0,1,0,Semi-Furnished,14,16,7300
Andheri,2BHK,2.2,1090,0,0,0,1,Unfurnished,3,28,30900
Goregaon,1BHK,0.8,543,1,0,0,1,Unfurnished,20,36,17600
Worli,1BHK,3.4,499,1,1,0,0,Fully-Furnished,18,21,26500
Andheri,PG,1.9,156,1,0,0,0,Fully-Furnished,0,32,8500
Andheri,Studio,0.8,336,1,1,1,0,Semi-Furnished,18,22,19400
Andheri,1BHK,4.1,637,0,0,0,0,Unfurnished,17,31,16100
Juhu,Shared Room,4.9,113,0,1,0,1,Semi-Furnished,0,32,8000
Juhu,Shared Room,2.5,195,0,1,1,0,Unfurnished,0,8,8400
Worli,1BHK,4.8,629,0,0,1,0,Fully-Furnished,1,6,26600
Malad,2BHK,1.2,900,0,0,0,0,Unfurnished,9,36,19400
Bandra,2BHK,2.1,1049,0,1,1,0,Semi-Furnished,19,2,43800
Borivali,2BHK,2.1,997,1,0,0,1,Semi-Furnished,12,3,28700
Juhu,2BHK,0.7,1032,1,0,0,1,Unfurnished,5,21,45200
Bandra,2BHK,3.6,778,1,1,0,0,Semi-Furnished,19,32,32500
Worli,PG,3.6,173,1,1,0,0,Unfurnished,11,5,12300
Worli,Studio,4.3,449,0,0,1,1,Fully-Furnished,4,39,19300
Andheri,1BHK,3.4,406,1,1,1,0,Unfurnished,15,24,17700
Thane,2BHK,1.7,1046,0,1,0,0,Unfurnished,8,2,22000
Bandra,Shared Room,2.3,188,0,1,0,0,Unfurnished,2,4,8800
Powai,1BHK,0.7,517,0,0,1,0,Unfurnished,4,21,22900
Dadar,PG,3.5,216,1,0,0,0,Unfurnished,0,16,7900
Dadar,Studio,3.6,239,0,0,0,1,Unfurnished,8,5,14100
Bandra,1BHK,1.8,580,1,0,0,0,Unfurnished,9,30,20700
Andheri,Studio,0.5,213,0,0,0,0,Unfurnished,6,17,13100
Thane,PG,0.5,232,1,0,0,0,Unfurnished,18,25,7100
Dadar,PG,5.0,212,1,1,1,1,Unfurnished,14,3,10300
Worli,Studio,1.9,259,1,1,0,1,Unfurnished,1,12,19600
Powai,1BHK,1.0,382,1,0,1,0,Fully-Furnished,16,7,25900
Thane,Studio,2.6,381,1,1,0,1,Unfurnished,18,31,9900
Bandra,PG,0.9,211,1,0,1,0,Semi-Furnished,8,27,14100
Thane,PG,3.1,183,1,1,0,0,Unfurnished,6,16,6200
Bandra,2BHK,3.3,803,1,0,1,0,Unfurnished,2,9,38400
Powai,Studio,4.7,358,1,0,1,1,Unfurnished,18,21,15200
Malad,PG,2.8,132,1,0,0,1,Fully-Furnished,5,5,7900
Andheri,Studio,3.4,279,1,0,1,0,Unfurnished,2,25,11700
Worli,PG,0.6,164,1,0,1,0,Fully-Furnished,10,31,13400
Borivali,1BHK,2.3,607,0,1,0,1,Semi-Furnished,19,30,16800
Dadar,Studio,3.3,251,0,0,0,0,Fully-Furnished,2,12,14000
Powai,1BHK,4.6,385,1,1,0,0,Fully-Furnished,4,1,22800
Goregaon,Studio,4.4,302,1,1,0,0,Unfurnished,11,9,11600
Worli,1BHK,3.8,448,1,0,1,0,Fully-Furnished,3,5,28300
Thane,1BHK,0.6,503,1,1,0,0,Fully-Furnished,17,36,14400
Worli,2BHK,0.5,1024,1,0,0,0,Fully-Furnished,20,34,48400
Goregaon,PG,3.9,213,1,1,1,1,Fully-Furnished,14,15,10100
Powai,PG,0.1,136,1,1,1,0,Fully-Furnished,0,6,14100
Thane,Shared Room,4.7,111,0,0,0,1,Fully-Furnished,13,35,5000
Juhu,PG,0.7,152,0,0,1,0,Fully-Furnished,8,40,14100
Andheri,PG,4.5,245,0,0,0,0,Unfurnished,18,6,8300
Thane,2BHK,2.7,1001,0,1,1,0,Semi-Furnished,19,38,19200
Dadar,Studio,0.2,372,1,0,1,1,Unfurnished,20,29,16400
Worli,Studio,3.7,377,1,1,0,1,Unfurnished,19,9,20800
Powai,Studio,3.3,234,1,0,0,0,Semi-Furnished,1,33,12200
Borivali,PG,0.6,208,1,1,0,0,Semi-Furnished,19,19,8800
Bandra,2BHK,4.2,868,1,1,0,0,Semi-Furnished,1,5,34800
Malad,1BHK,1.3,450,1,1,0,1,Semi-Furnished,19,7,23100
Borivali,2BHK,2.0,1076,0,0,0,1,Semi-Furnished,5,9,23400
Andheri,1BHK,4.5,380,0,0,1,0,Semi-Furnished,11,18,18000
Worli,PG,3.5,220,1,1,1,0,Fully-Furnished,6,22,12300
Malad,Studio,0.1,259,0,1,1,1,Unfurnished,0,25,11300
Bandra,Studio,4.2,262,1,0,1,0,Fully-Furnished,16,8,20600
Dadar,2BHK,2.1,1110,1,1,1,1,Unfurnished,5,25,31800
Juhu,Studio,0.5,247,1,0,0,0,Fully-Furnished,13,24,21900
Goregaon,Shared Room,3.2,162,1,0,1,0,Semi-Furnished,3,18,5600
Bandra,PG,0.9,179,1,0,1,0,Fully-Furnished,12,25,15900
Thane,Studio,1.9,370,1,1,0,0,Semi-Furnished,9,15,11500
Goregaon,Studio,2.1,209,1,0,1,0,Semi-Furnished,14,24,13200
Dadar,2BHK,1.0,1027,1,1,0,0,Fully-Furnished,1,24,33600
Andheri,PG,1.9,154,1,0,0,1,Unfurnished,3,27,8400
Borivali,Shared Room,1.5,108,0,1,1,1,Unfurnished,10,18,7200
Malad,1BHK,2.7,411,1,1,1,1,Unfurnished,17,36,15100
Thane,Studio,3.5,341,1,1,0,1,Unfurnished,9,36,9100
Goregaon,PG,0.4,145,1,1,0,1,Unfurnished,11,16,8700
Powai,1BHK,1.5,570,0,1,1,0,Fully-Furnished,0,25,25900
Powai,PG,4.9,214,1,1,1,0,Semi-Furnished,20,4,12700
Thane,Studio,1.2,347,0,0,0,0,Fully-Furnished,17,35,11200
Andheri,1BHK,4.9,534,0,1,1,0,Unfurnished,15,30,15600
Worli,Shared Room,4.1,139,1,0,0,1,Semi-Furnished,16,8,10300
Andheri,1BHK,1.2,357,0,0,0,1,Unfurnished,9,12,20500
Dadar,1BHK,2.7,600,0,0,0,1,Unfurnished,12,38,18900
Goregaon,PG,3.6,132,1,1,1,0,Semi-Furnished,18,2,9100
Goregaon,Studio,3.1,298,1,0,0,0,Semi-Furnished,19,38,11200
Worli,PG,3.6,131,1,0,0,0,Semi-Furnished,14,5,10100
Goregaon,1BHK,2.4,632,1,1,0,0,Unfurnished,11,26,16100
Borivali,1BHK,4.4,363,0,0,1,0,Unfurnished,15,8,14100
Thane,2BHK,4.5,882,1,0,0,0,Fully-Furnished,15,5,21600
Malad,Studio,3.3,441,0,1,1,0,Semi-Furnished,14,17,10600
Goregaon,2BHK,2.6,696,1,1,0,1,Fully-Furnished,16,29,31700
Thane,Shared Room,3.0,90,1,1,0,0,Unfurnished,8,35,3800
Juhu,Studio,1.7,412,0,1,0,0,Unfurnished,4,17,22900
Borivali,Shared Room,2.7,121,0,0,0,0,Semi-Furnished,7,15,3800
Dadar,Shared Room,0.2,95,1,1,0,0,Semi-Furnished,0,12,7700
Thane,2BHK,0.4,1117,0,1,0,1,Unfurnished,19,14,22600
Worli,Shared Room,1.4,150,1,0,1,1,Unfurnished,17,6,10100
Juhu,PG,3.7,237,0,0,1,0,Fully-Furnished,15,7,14100
Juhu,PG,4.0,249,1,1,0,1,Semi-Furnished,5,32,12600
Bandra,Shared Room,4.5,166,1,0,0,1,Unfurnished,12,12,8000
Dadar,Studio,3.9,222,1,1,1,0,Fully-Furnished,7,16,14200
Juhu,Studio,4.4,271,1,1,1,1,Unfurnished,2,14,19400
Thane,Studio,3.7,200,1,0,1,1,Fully-Furnished,17,10,12000
Juhu,1BHK,1.7,425,0,0,0,0,Fully-Furnished,18,11,30200
Thane,1BHK,0.2,483,0,0,0,0,Semi-Furnished,20,34,13500
Andheri,2BHK,2.9,691,1,1,0,0,Unfurnished,0,23,26600
Juhu,2BHK,1.7,1089,0,0,1,0,Fully-Furnished,12,20,52200
Goregaon,Shared Room,1.8,114,1,0,0,0,Fully-Furnished,19,6,7000
Malad,2BHK,1.4,835,1,1,1,0,Fully-Furnished,20,5,29700
Malad,1BHK,1.5,414,1,1,1,1,Unfurnished,16,22,18200
Powai,2BHK,3.7,960,1,1,0,1,Fully-Furnished,16,0,44400
Powai,1BHK,3.6,608,1,1,0,0,Unfurnished,8,9,21100
Malad,Studio,2.9,425,1,0,0,0,Unfurnished,13,0,12600
Worli,2BHK,3.2,1100,0,1,1,0,Fully-Furnished,14,21,45900
Powai,2BHK,4.7,902,0,1,1,0,Fully-Furnished,3,12,39700
Worli,PG,2.3,166,1,0,1,1,Unfurnished,18,13,12600
Dadar,Shared Room,2.0,194,1,0,1,0,Fully-Furnished,18,7,8100
Goregaon,2BHK,0.9,992,1,1,1,0,Semi-Furnished,1,2,30900
Goregaon,2BHK,2.7,686,1,0,1,0,Unfurnished,17,27,22200
Powai,Shared Room,0.5,106,1,1,0,1,Semi-Furnished,9,21,9700
Juhu,Shared Room,2.4,121,1,0,0,0,Fully-Furnished,12,26,9200
Thane,2BHK,4.0,773,1,1,0,0,Unfurnished,0,27,16200
Andheri,Studio,1.2,297,0,0,0,1,Semi-Furnished,10,12,18200
Juhu,1BHK,4.9,467,1,1,0,0,Unfurnished,13,14,24100
Worli,Shared Room,2.5,191,0,0,1,0,Fully-Furnished,9,2,9200
Dadar,PG,2.5,102,1,0,0,1,Semi-Furnished,20,0,11500
Borivali,2BHK,0.3,921,0,1,1,1,Semi-Furnished,13,29,26000
Dadar,Shared Room,0.9,132,1,1,1,1,Semi-Furnished,2,31,8200
Thane,1BHK,2.6,495,1,0,0,0,Semi-Furnished,6,7,13100
Juhu,Shared Room,1.2,142,1,0,0,1,Semi-Furnished,13,13,9300
Dadar,Studio,1.9,344,1,1,0,1,Fully-Furnished,7,22,19100
Thane,1BHK,2.0,510,0,0,1,0,Fully-Furnished,5,17,17700
Malad,PG,2.9,228,1,0,1,0,Unfurnished,18,17,7600
Worli,Studio,4.6,317,1,0,0,1,Semi-Furnished,4,18,16500
Borivali,2BHK,4.2,1070,0,0,0,1,Semi-Furnished,17,34,20900
Bandra,Studio,4.6,228,1,1,1,1,Fully-Furnished,16,24,20100
Goregaon,Shared Room,1.6,91,1,0,0,0,Unfurnished,6,8,5000
Worli,PG,2.7,148,1,1,1,0,Fully-Furnished,15,13,15400
Worli,1BHK,3.7,583,0,1,1,0,Semi-Furnished,11,12,29400
Powai,Shared Room,0.3,153,0,1,0,0,Unfurnished,5,24,6300
Bandra,1BHK,4.0,368,1,1,0,0,Semi-Furnished,2,21,21200
Borivali,Studio,1.2,406,0,0,1,0,Fully-Furnished,1,6,13100
Bandra,1BHK,4.3,532,0,1,0,0,Semi-Furnished,20,24,23700
Worli,Studio,3.0,384,1,1,1,0,Unfurnished,0,29,16000
Dadar,Shared Room,3.5,124,1,0,0,0,Semi-Furnished,11,30,5400
Powai,Shared Room,2.6,135,1,0,0,0,Semi-Furnished,11,20,6700
Dadar,1BHK,0.3,425,1,0,0,0,Unfurnished,19,8,23900
Malad,PG,4.6,168,1,0,1,0,Semi-Furnished,5,32,5200
Goregaon,2BHK,4.4,890,1,0,1,0,Fully-Furnished,5,6,29200
Borivali,1BHK,1.3,518,1,0,1,0,Semi-Furnished,12,11,15800
Juhu,Studio,2.2,304,1,1,0,0,Semi-Furnished,1,7,20600
Goregaon,2BHK,4.2,1198,1,1,0,0,Semi-Furnished,13,22,26500
Juhu,Shared Room,4.1,113,0,1,0,1,Fully-Furnished,4,21,9200
Powai,1BHK,0.3,630,0,0,0,0,Fully-Furnished,14,4,33400
Powai,Studio,0.6,350,0,1,0,0,Semi-Furnished,3,33,17500
Juhu,Shared Room,1.7,165,1,1,1,0,Fully-Furnished,4,28,9700
Andheri,2BHK,2.1,986,1,1,1,0,Semi-Furnished,6,31,33700
Andheri,Studio,2.1,350,0,0,1,0,Fully-Furnished,13,9,18200
Goregaon,1BHK,1.9,631,1,0,1,1,Unfurnished,5,2,21300
Juhu,PG,2.1,181,1,1,1,0,Unfurnished,12,10,11600
Worli,PG,2.8,116,0,1,1,0,Unfurnished,9,16,11100
Juhu,PG,1.5,140,0,1,1,1,Unfurnished,2,36,12100
Juhu,Studio,2.2,301,1,0,0,0,Fully-Furnished,18,12,22600
Malad,PG,4.9,224,1,0,0,0,Unfurnished,5,26,5500
Powai,PG,4.7,166,1,1,0,1,Semi-Furnished,17,2,13000
Thane,2BHK,3.0,1145,0,1,0,1,Fully-Furnished,15,37,24100
Juhu,Studio,2.7,298,1,0,0,0,Semi-Furnished,10,5,20800
Worli,PG,0.6,213,1,1,0,1,Semi-Furnished,19,10,14400
Bandra,Studio,3.5,375,1,0,0,0,Semi-Furnished,20,13,17900
Worli,2BHK,1.3,782,0,1,1,1,Fully-Furnished,7,37,49800
Powai,1BHK,1.0,579,0,0,0,0,Fully-Furnished,17,25,25600
Juhu,Studio,3.4,295,0,1,1,0,Fully-Furnished,14,35,20200
Thane,Studio,0.5,411,0,0,0,0,Semi-Furnished,3,12,9500
Bandra,PG,2.3,200,1,1,0,1,Unfurnished,0,35,9700
Juhu,Studio,0.8,263,0,1,1,1,Semi-Furnished,5,31,23400
Andheri,PG,2.8,114,0,1,0,0,Semi-Furnished,17,26,8900
Bandra,2BHK,0.5,1186,0,1,0,0,Fully-Furnished,14,32,51600
Worli,Studio,3.6,243,1,0,1,0,Unfurnished,8,2,18400
Malad,2BHK,1.8,1125,1,1,0,0,Fully-Furnished,11,21,30000
Juhu,1BHK,1.0,384,1,0,1,1,Unfurnished,17,1,33000
Borivali,1BHK,0.5,583,1,0,0,0,Fully-Furnished,12,35,17400
Andheri,2BHK,4.9,1029,1,1,0,0,Fully-Furnished,12,9,33000
Malad,PG,3.2,142,0,0,1,0,Fully-Furnished,18,2,8000
Powai,Shared Room,1.6,100,1,1,0,1,Fully-Furnished,5,11,10100
Andheri,PG,1.6,234,1,0,1,0,Semi-Furnished,6,4,9400
Juhu,1BHK,1.9,645,1,0,0,0,Fully-Furnished,19,33,32000
Worli,PG,5.0,139,1,0,1,1,Fully-Furnished,15,5,13400
Bandra,Shared Room,0.3,196,0,1,1,0,Unfurnished,7,21,8500
Goregaon,PG,4.4,199,1,0,1,0,Fully-Furnished,3,25,6900
Dadar,PG,3.6,208,1,0,1,0,Unfurnished,15,32,7700
Goregaon,2BHK,0.1,1051,1,1,1,0,Semi-Furnished,20,39,30700
Dadar,Shared Room,1.8,101,1,1,0,0,Fully-Furnished,6,20,6900
Thane,Shared Room,2.0,135,1,0,1,1,Unfurnished,10,12,6200
Bandra,PG,1.2,136,1,1,1,1,Unfurnished,12,38,11300
Goregaon,Shared Room,4.5,91,0,0,1,0,Unfurnished,12,28,4800
Powai,2BHK,2.3,980,0,1,0,1,Unfurnished,6,27,27800
Malad,1BHK,4.2,379,0,1,1,0,Semi-Furnished,4,28,12900
Andheri,1BHK,2.6,585,0,0,0,1,Semi-Furnished,11,25,22000
Juhu,PG,1.6,230,1,1,0,0,Fully-Furnished,9,17,14700
Andheri,1BHK,1.2,432,1,1,1,0,Fully-Furnished,3,21,26000
Bandra,1BHK,3.6,395,0,1,1,1,Unfurnished,11,8,26500
Dadar,Studio,0.3,363,0,0,0,1,Semi-Furnished,7,23,14800
Andheri,1BHK,3.6,437,1,0,0,1,Unfurnished,18,12,16100
Malad,2BHK,4.0,856,1,0,0,0,Fully-Furnished,1,14,24900
Goregaon,2BHK,4.7,611,1,1,0,0,Unfurnished,9,1,22400
Borivali,1BHK,2.1,599,0,1,0,0,Unfurnished,11,9,15400
Goregaon,Studio,3.2,404,1,1,1,1,Fully-Furnished,16,13,16700
Goregaon,Studio,2.9,298,1,0,0,0,Fully-Furnished,20,35,13300
Borivali,Shared Room,1.7,166,1,0,1,0,Semi-Furnished,17,31,5800
Powai,PG,1.4,116,1,1,0,1,Semi-Furnished,18,39,10300
Andheri,PG,1.2,207,0,1,1,1,Fully-Furnished,16,9,13300
Juhu,Studio,1.0,414,1,1,0,0,Semi-Furnished,20,35,22200
Goregaon,1BHK,1.4,398,1,0,0,1,Unfurnished,3,11,16200
Powai,Shared Room,4.2,131,0,0,0,0,Semi-Furnished,7,37,4800
Goregaon,Studio,4.7,286,1,1,0,1,Unfurnished,11,18,12800
Goregaon,PG,1.1,186,0,1,0,0,Unfurnished,1,10,7400
Thane,Studio,1.0,391,1,1,0,0,Fully-Furnished,17,39,10500
Borivali,Shared Room,2.1,92,0,1,0,1,Unfurnished,17,19,6900
Juhu,PG,0.5,214,1,1,0,0,Unfurnished,0,4,14100
Powai,Shared Room,3.9,104,1,0,0,0,Unfurnished,6,12,5800
Dadar,1BHK,1.5,613,0,1,0,1,Fully-Furnished,14,31,24600
Goregaon,Studio,2.4,448,0,0,0,0,Semi-Furnished,0,1,13200
Andheri,Studio,4.6,212,1,0,1,1,Semi-Furnished,15,14,14900
Goregaon,Shared Room,3.6,93,1,0,1,0,Semi-Furnished,17,27,5900
Malad,Shared Room,4.2,193,0,1,1,1,Fully-Furnished,4,36,6300
Worli,PG,3.4,246,0,0,1,1,Unfurnished,12,39,9700
Worli,2BHK,1.1,959,1,1,1,0,Semi-Furnished,1,29,45800
Andheri,1BHK,1.9,630,1,0,0,0,Semi-Furnished,15,22,20500
Juhu,1BHK,3.6,568,1,0,0,0,Fully-Furnished,12,35,25800
Worli,2BHK,4.7,806,0,0,0,0,Unfurnished,16,15,34700
Worli,1BHK,1.4,634,1,0,1,0,Semi-Furnished,16,39,25300
Andheri,Studio,2.7,222,1,0,0,0,Unfurnished,11,32,12100
Borivali,Shared Room,2.0,174,1,1,0,0,Fully-Furnished,11,28,5800
Juhu,Shared Room,1.5,110,1,1,0,0,Unfurnished,14,29,8000
Dadar,1BHK,3.7,577,1,1,0,0,Fully-Furnished,5,9,24600
Bandra,Shared Room,3.6,93,0,1,1,0,Unfurnished,1,14,6800
Dadar,1BHK,2.0,467,1,1,0,0,Fully-Furnished,6,16,21800
Powai,2BHK,1.5,620,0,1,1,0,Fully-Furnished,5,16,41300
Juhu,Shared Room,1.0,152,1,0,1,0,Semi-Furnished,11,3,10900
Worli,2BHK,3.7,1156,1,0,1,1,Semi-Furnished,5,20,40500
Juhu,Shared Room,3.7,98,0,0,0,0,Fully-Furnished,16,26,8400
Bandra,Studio,4.8,252,1,0,0,0,Unfurnished,16,0,16800
Juhu,2BHK,0.7,820,1,0,0,0,Fully-Furnished,18,4,50600
Borivali,Studio,1.8,246,0,0,0,0,Semi-Furnished,20,7,10800
Thane,Shared Room,3.7,187,0,0,1,1,Unfurnished,3,21,5500
Powai,Shared Room,2.3,86,0,0,0,0,Semi-Furnished,14,30,6400
Andheri,1BHK,0.6,545,1,1,0,0,Fully-Furnished,19,32,24400
Goregaon,PG,1.3,125,0,0,0,0,Unfurnished,19,21,7300
Powai,2BHK,0.9,757,1,0,0,1,Semi-Furnished,6,17,32900
Thane,2BHK,3.8,612,1,0,0,1,Unfurnished,12,1,19400
Borivali,1BHK,2.3,386,1,0,0,0,Unfurnished,6,25,13300
Thane,Studio,3.2,394,0,0,0,0,Unfurnished,17,38,7600
Dadar,Shared Room,1.4,123,1,1,0,0,Unfurnished,17,11,7000
Powai,2BHK,3.4,842,1,0,0,1,Fully-Furnished,8,8,31600
Powai,Studio,3.8,306,1,0,0,0,Fully-Furnished,11,16,15900
Borivali,Shared Room,4.3,184,1,1,0,0,Fully-Furnished,3,7,5400
Dadar,Studio,3.8,250,1,0,1,0,Unfurnished,9,4,12300
Dadar,PG,3.3,209,1,0,0,0,Fully-Furnished,6,1,9300
Dadar,PG,0.5,201,0,0,1,1,Unfurnished,1,40,9700
Andheri,2BHK,1.0,757,1,1,0,0,Semi-Furnished,5,18,31600
Worli,2BHK,2.8,728,1,1,1,0,Fully-Furnished,19,9,41300
Malad,2BHK,4.2,1158,1,0,0,0,Unfurnished,8,1,23400
Borivali,2BHK,3.4,1008,1,0,0,1,Unfurnished,4,40,18400
Goregaon,1BHK,4.1,533,0,0,0,1,Semi-Furnished,19,20,15200
Goregaon,1BHK,2.3,574,1,0,0,1,Fully-Furnished,19,29,16700
Thane,2BHK,0.1,789,1,1,0,0,Fully-Furnished,5,6,28100
Powai,1BHK,3.6,351,1,1,0,0,Semi-Furnished,17,8,23900
Andheri,Studio,2.0,435,1,0,1,0,Unfurnished,12,13,14700
Goregaon,PG,2.5,230,0,0,1,0,Unfurnished,14,24,6700
Bandra,Shared Room,4.3,95,1,1,0,0,Fully-Furnished,1,15,8200
Bandra,Shared Room,3.5,92,0,1,1,0,Unfurnished,7,37,6600
Thane,Shared Room,4.4,186,0,0,1,0,Fully-Furnished,13,35,5200
Andheri,PG,2.4,249,1,1,0,0,Fully-Furnished,11,1,12900
Andheri,2BHK,1.3,1117,0,1,1,0,Semi-Furnished,11,31,33700
Malad,1BHK,2.8,365,0,0,0,0,Unfurnished,0,37,9800
Worli,2BHK,3.3,837,0,0,1,1,Fully-Furnished,8,38,38600
Dadar,Shared Room,3.5,89,1,0,1,0,Unfurnished,3,9,5900
Malad,PG,4.2,148,0,1,0,1,Semi-Furnished,12,15,7400
Bandra,2BHK,2.2,686,0,0,0,0,Fully-Furnished,7,29,48400
Borivali,2BHK,3.4,885,0,0,0,0,Unfurnished,9,29,16600
Thane,Studio,0.2,330,1,0,0,0,Semi-Furnished,2,39,8500
Andheri,2BHK,2.2,973,0,0,1,0,Semi-Furnished,16,27,33300
Worli,2BHK,3.5,1061,1,1,0,1,Unfurnished,9,11,39200
Goregaon,Studio,0.8,206,0,0,0,0,Semi-Furnished,1,21,10700
Worli,Studio,4.4,359,1,1,0,1,Unfurnished,12,8,20400
Borivali,PG,1.7,183,0,1,0,0,Unfurnished,5,3,5400
Bandra,2BHK,2.3,1028,0,1,0,0,Fully-Furnished,17,28,38600
Thane,Shared Room,1.7,90,1,1,1,0,Unfurnished,19,19,5500
Malad,PG,1.1,157,1,1,1,0,Semi-Furnished,3,11,7400
Borivali,2BHK,4.3,785,0,1,0,1,Semi-Furnished,5,21,20500
Worli,Studio,3.0,357,0,1,1,0,Semi-Furnished,13,27,18700
Thane,Shared Room,2.1,198,1,0,0,0,Fully-Furnished,16,37,5300
Thane,Shared Room,3.0,156,1,1,1,1,Fully-Furnished,3,1,7000
Goregaon,Shared Room,1.1,193,1,1,0,0,Unfurnished,13,13,6800
Powai,2BHK,1.8,833,1,0,0,1,Unfurnished,2,3,39700
Borivali,1BHK,2.0,441,0,1,0,0,Fully-Furnished,14,14,16000
Dadar,Shared Room,2.3,170,0,1,0,0,Unfurnished,7,15,5500
Goregaon,Shared Room,0.5,186,0,0,0,0,Semi-Furnished,9,6,7100
Dadar,1BHK,3.7,599,0,0,0,0,Semi-Furnished,8,6,18900
Goregaon,PG,0.6,236,1,1,1,1,Semi-Furnished,6,27,10100
Borivali,PG,4.8,137,0,1,1,0,Unfurnished,16,17,7000
Juhu,Shared Room,0.3,95,1,0,0,1,Semi-Furnished,13,24,10100
Powai,1BHK,3.3,384,1,1,0,0,Fully-Furnished,13,13,24000
Worli,Shared Room,1.9,193,1,1,0,1,Fully-Furnished,1,27,10400
Andheri,Shared Room,1.9,182,0,0,1,1,Fully-Furnished,10,16,9900
Malad,Studio,3.1,211,0,1,0,1,Semi-Furnished,6,40,9000
Goregaon,1BHK,3.7,435,0,1,1,0,Semi-Furnished,20,16,17100
Juhu,Studio,4.9,384,1,1,0,1,Unfurnished,5,25,19900
Powai,Studio,2.3,323,1,1,1,0,Unfurnished,9,8,17300
Dadar,2BHK,4.3,905,1,1,0,0,Unfurnished,9,0,25700
Malad,PG,1.8,225,1,0,0,1,Semi-Furnished,11,15,9000
Thane,2BHK,3.9,792,1,1,1,0,Semi-Furnished,2,30,16600
Dadar,1BHK,0.8,472,1,0,0,0,Semi-Furnished,8,40,20400
Thane,Studio,1.2,230,1,1,0,0,Fully-Furnished,14,6,12700
Dadar,1BHK,4.0,506,1,1,1,0,Unfurnished,17,1,21100
Bandra,Studio,4.3,226,1,1,1,0,Unfurnished,3,14,13100
Juhu,PG,3.4,164,0,1,1,0,Unfurnished,15,17,12500
Andheri,Shared Room,4.6,116,1,0,1,0,Semi-Furnished,18,17,6800
Dadar,2BHK,0.4,770,0,1,0,1,Fully-Furnished,18,23,36900
Andheri,PG,2.5,119,0,0,0,0,Unfurnished,19,3,7500
Borivali,Studio,0.9,245,1,0,1,1,Unfurnished,18,17,14200
Goregaon,Shared Room,3.3,135,0,0,1,0,Semi-Furnished,19,34,5200
Dadar,2BHK,2.2,1181,1,0,0,0,Fully-Furnished,12,8,35200
Borivali,1BHK,1.8,554,1,0,1,0,Fully-Furnished,19,27,18700
Bandra,1BHK,2.7,495,1,0,1,1,Unfurnished,5,27,22600
Goregaon,PG,2.1,123,0,1,0,0,Semi-Furnished,3,27,6100
Worli,Studio,2.1,372,0,1,0,1,Unfurnished,5,4,21700
Powai,2BHK,1.0,957,0,0,0,0,Unfurnished,6,5,39400
Andheri,1BHK,1.6,365,0,0,0,0,Fully-Furnished,10,19,23000
Goregaon,Studio,4.8,263,0,0,0,0,Semi-Furnished,9,12,10500
Dadar,Shared Room,2.5,135,1,1,0,0,Unfurnished,18,0,7800
Borivali,2BHK,2.1,651,1,1,0,0,Unfurnished,11,26,19200
Worli,1BHK,3.6,362,1,1,1,1,Fully-Furnished,0,4,29400
Bandra,1BHK,2.3,476,1,1,1,1,Semi-Furnished,5,21,27400
Bandra,PG,1.7,176,1,1,0,0,Unfurnished,1,13,10100
Dadar,1BHK,1.4,389,0,0,1,0,Fully-Furnished,8,22,20200
Powai,1BHK,2.3,544,0,0,1,0,Fully-Furnished,2,14,20600
Powai,Shared Room,4.1,167,0,1,0,0,Semi-Furnished,5,34,6100
Powai,Shared Room,4.5,142,1,0,0,0,Semi-Furnished,11,12,6600
Juhu,Shared Room,2.7,170,1,0,1,0,Unfurnished,18,20,9100
Worli,PG,2.6,161,0,0,0,0,Semi-Furnished,19,20,11700
Bandra,1BHK,3.3,459,0,1,1,1,Fully-Furnished,13,36,24300
Worli,Shared Room,4.3,182,1,0,1,0,Fully-Furnished,15,31,8900
Malad,2BHK,1.0,997,1,1,1,0,Fully-Furnished,9,39,30000
Andheri,Studio,2.5,221,0,0,0,0,Fully-Furnished,9,30,12500
Thane,Studio,0.3,380,0,0,0,0,Unfurnished,7,18,9600
Thane,PG,3.1,123,1,0,1,1,Semi-Furnished,3,10,6400
Malad,1BHK,2.6,536,0,0,0,1,Fully-Furnished,5,26,16100
Thane,Studio,3.3,210,0,1,0,0,Semi-Furnished,7,30,8000
Powai,PG,2.1,214,0,1,0,0,Unfurnished,18,37,9000
Goregaon,2BHK,3.3,1100,1,1,0,0,Unfurnished,17,34,20200
Thane,2BHK,4.4,702,1,1,0,0,Semi-Furnished,20,26,19900
Andheri,2BHK,4.9,947,1,0,0,0,Fully-Furnished,7,4,32600
Powai,PG,3.1,165,0,0,0,1,Fully-Furnished,15,29,12100
Borivali,2BHK,2.2,626,1,0,1,1,Unfurnished,13,19,21900
Thane,Studio,0.4,353,1,0,1,0,Semi-Furnished,1,39,10000
Worli,PG,1.6,161,1,1,1,0,Unfurnished,18,13,12400
Dadar,PG,4.7,248,1,0,0,1,Semi-Furnished,7,26,7800
Malad,2BHK,3.9,1116,1,0,1,0,Unfurnished,18,2,28600
Andheri,2BHK,0.8,1131,0,1,0,0,Unfurnished,17,30,33000
Goregaon,Shared Room,3.6,176,1,1,0,0,Semi-Furnished,4,0,6100
Goregaon,PG,3.0,219,1,1,0,0,Fully-Furnished,9,17,8700
Andheri,Studio,4.6,433,1,0,0,0,Unfurnished,16,13,12600
Powai,Studio,1.1,306,0,0,0,1,Semi-Furnished,3,24,17200
Goregaon,Studio,2.3,358,1,0,1,0,Unfurnished,7,38,10800
Juhu,1BHK,2.2,601,1,1,0,0,Unfurnished,19,9,28300
Juhu,PG,2.1,145,0,1,0,0,Unfurnished,14,20,10300
Goregaon,PG,2.3,204,1,0,0,0,Semi-Furnished,4,19,6700
Andheri,PG,2.6,174,0,0,0,1,Unfurnished,18,4,10000
Bandra,2BHK,2.5,1098,0,1,1,0,Unfurnished,9,31,36200
Dadar,Shared Room,2.4,147,1,0,1,0,Semi-Furnished,16,22,6200
Borivali,1BHK,4.3,367,1,0,0,0,Semi-Furnished,19,16,12200
Andheri,Shared Room,2.8,149,1,1,1,0,Fully-Furnished,12,19,9100
Goregaon,Studio,1.5,303,0,0,0,1,Unfurnished,0,17,12400
Dadar,1BHK,4.7,496,1,0,1,0,Semi-Furnished,18,28,17600
Dadar,Shared Room,1.9,96,0,0,0,1,Fully-Furnished,15,30,7600
Goregaon,2BHK,4.8,720,1,1,0,0,Fully-Furnished,18,3,26700
Bandra,Shared Room,4.2,94,0,1,0,0,Fully-Furnished,15,4,8700
Andheri,PG,2.4,214,1,1,1,0,Unfurnished,14,20,10200
Worli,PG,0.7,112,1,1,1,0,Fully-Furnished,14,20,14900
Andheri,2BHK,0.3,1142,1,0,0,0,Fully-Furnished,2,27,43200
Goregaon,1BHK,1.8,571,1,1,1,0,Fully-Furnished,7,28,19600
Andheri,Studio,2.6,232,1,0,1,0,Fully-Furnished,10,33,15600
Dadar,2BHK,1.8,700,1,1,0,1,Unfurnished,4,24,26500
Borivali,1BHK,1.5,595,1,0,0,0,Fully-Furnished,9,22,15800
Bandra,PG,1.5,111,1,0,1,0,Semi-Furnished,5,27,8500
Juhu,2BHK,1.4,660,1,1,1,0,Semi-Furnished,9,18,44600
Bandra,Studio,3.1,437,0,1,1,0,Unfurnished,20,40,17900
Andheri,2BHK,0.2,802,1,1,0,1,Fully-Furnished,13,16,38600
Powai,1BHK,0.5,616,1,0,1,0,Unfurnished,5,24,23300
Goregaon,PG,2.9,215,0,1,1,0,Unfurnished,19,22,7500
Malad,Shared Room,2.5,92,1,1,0,0,Fully-Furnished,17,22,6100
Powai,PG,2.8,157,1,0,1,0,Semi-Furnished,4,3,9600
Goregaon,1BHK,3.8,367,1,0,1,0,Unfurnished,9,0,15700
Dadar,Studio,2.4,312,0,0,0,0,Unfurnished,18,0,13700
Thane,2BHK,0.3,697,0,1,0,0,Unfurnished,11,31,18100
Borivali,PG,4.4,149,1,0,0,1,Unfurnished,10,7,7100
Borivali,PG,1.4,107,1,1,1,1,Fully-Furnished,13,33,8400
Malad,1BHK,3.4,438,1,0,0,0,Semi-Furnished,11,32,13200
Dadar,Shared Room,3.2,178,1,0,1,0,Semi-Furnished,11,31,6400
Goregaon,Studio,1.0,290,1,0,0,1,Unfurnished,18,26,11600
Juhu,Shared Room,0.6,195,0,1,1,1,Fully-Furnished,1,12,10700
Dadar,Shared Room,4.6,158,1,0,0,1,Unfurnished,7,6,6800
Borivali,1BHK,4.0,581,0,0,1,0,Semi-Furnished,0,17,12400
Goregaon,PG,2.2,179,1,0,1,0,Semi-Furnished,7,30,7100
Goregaon,Shared Room,4.0,128,1,0,1,0,Fully-Furnished,0,24,5000
Andheri,2BHK,3.7,1020,0,1,0,0,Fully-Furnished,11,24,37600
Borivali,Shared Room,4.0,131,1,0,0,1,Fully-Furnished,12,3,6300
Dadar,PG,3.3,189,1,1,1,0,Semi-Furnished,20,12,10000
Powai,Shared Room,3.5,94,1,0,0,0,Fully-Furnished,6,18,7300
Thane,Studio,2.1,414,0,0,0,1,Semi-Furnished,4,11,11200
Borivali,1BHK,4.1,419,1,0,1,0,Semi-Furnished,16,13,13900
Juhu,1BHK,3.7,594,1,1,1,0,Fully-Furnished,9,30,27700
Goregaon,1BHK,1.5,406,1,0,1,1,Semi-Furnished,12,13,22100
Bandra,Studio,0.3,373,0,0,0,0,Fully-Furnished,1,11,23500
Malad,Studio,1.6,249,1,1,0,1,Fully-Furnished,16,9,16600
Worli,Shared Room,0.9,183,1,0,0,1,Fully-Furnished,7,30,9300
Dadar,2BHK,2.0,953,1,1,0,0,Semi-Furnished,4,10,34300
Worli,Shared Room,4.5,161,0,1,1,1,Semi-Furnished,9,33,8600
Dadar,Studio,4.9,439,1,0,0,1,Fully-Furnished,10,8,18500
Malad,Studio,2.6,366,1,1,0,1,Fully-Furnished,0,23,11400
Andheri,Shared Room,1.2,85,1,0,0,1,Fully-Furnished,6,33,7200
Powai,2BHK,4.9,1085,1,1,1,0,Unfurnished,9,8,38400
Borivali,2BHK,1.2,610,1,1,1,1,Unfurnished,18,17,22100
Juhu,PG,2.4,162,1,0,0,0,Semi-Furnished,17,39,12400
Worli,Studio,2.9,356,1,1,1,1,Semi-Furnished,18,32,23700
Worli,2BHK,1.7,1044,0,1,1,0,Unfurnished,20,17,46100
Bandra,PG,4.0,145,0,0,1,0,Semi-Furnished,0,31,8600
Borivali,PG,0.5,170,0,0,0,0,Semi-Furnished,5,20,5700
Andheri,2BHK,1.7,1153,1,0,0,0,Fully-Furnished,1,21,34200
Juhu,PG,4.2,134,1,0,0,1,Fully-Furnished,9,9,11900
Bandra,1BHK,1.1,485,1,0,0,0,Unfurnished,5,39,20400
Borivali,2BHK,1.7,911,0,0,0,0,Unfurnished,6,2,22100
Dadar,Studio,3.8,338,1,1,0,1,Semi-Furnished,15,40,15400
Powai,1BHK,2.6,592,1,0,0,0,Fully-Furnished,4,2,29300
Powai,PG,3.2,223,1,0,1,1,Unfurnished,16,12,10700
Malad,Studio,3.4,278,0,1,0,1,Unfurnished,12,8,10000
Bandra,2BHK,3.1,905,0,0,0,0,Unfurnished,17,25,33100
Worli,1BHK,2.5,585,1,1,1,0,Unfurnished,8,11,25100
Worli,2BHK,1.1,883,0,0,0,0,Unfurnished,7,35,40800
Borivali,Studio,0.1,373,1,0,0,1,Unfurnished,11,16,13000
Malad,1BHK,0.6,583,1,1,1,0,Fully-Furnished,7,21,20400
Thane,PG,3.0,200,1,1,0,1,Fully-Furnished,6,3,8500
Goregaon,PG,0.5,101,1,1,0,0,Semi-Furnished,2,25,7500
Powai,2BHK,4.7,953,1,0,0,1,Unfurnished,19,40,32800
Dadar,Studio,0.2,405,0,0,1,0,Unfurnished,4,2,14800
Borivali,1BHK,4.8,615,1,0,1,1,Unfurnished,18,22,11900
Bandra,Studio,3.1,446,0,0,1,1,Unfurnished,6,33,15800
Worli,Studio,1.8,365,1,0,1,0,Fully-Furnished,8,11,24200
Worli,1BHK,4.6,417,1,0,0,0,Fully-Furnished,5,31,24100
Goregaon,2BHK,1.3,795,1,1,1,0,Unfurnished,8,39,26800
Malad,Studio,4.8,341,1,0,0,0,Unfurnished,5,32,8400
Thane,1BHK,0.2,597,0,0,0,0,Unfurnished,16,24,13800
Goregaon,Shared Room,4.2,123,1,1,0,1,Unfurnished,16,34,5700
Bandra,Shared Room,0.5,85,1,0,0,0,Fully-Furnished,14,11,10600
Dadar,Shared Room,1.0,80,0,0,0,0,Semi-Furnished,12,4,6500
Thane,PG,2.3,189,1,0,0,1,Semi-Furnished,19,9,7200
Worli,Shared Room,2.5,119,1,1,0,0,Fully-Furnished,12,16,9000
Andheri,Shared Room,3.5,117,0,0,1,0,Unfurnished,19,35,6100
Andheri,1BHK,1.5,401,0,0,0,1,Semi-Furnished,5,25,20000
Dadar,Shared Room,3.6,161,1,1,0,0,Fully-Furnished,8,14,7100
Thane,1BHK,4.3,415,1,0,1,0,Fully-Furnished,2,25,12900
Powai,Shared Room,1.7,96,1,0,0,0,Semi-Furnished,14,38,6500
Malad,1BHK,4.7,417,1,1,1,0,Semi-Furnished,18,29,13700
Borivali,2BHK,3.9,642,0,0,0,0,Semi-Furnished,13,18,17500
Malad,Shared Room,4.6,179,0,1,1,0,Fully-Furnished,4,40,5400
Dadar,Studio,3.3,380,1,1,1,0,Unfurnished,5,29,11100
Goregaon,Studio,3.1,369,1,0,0,1,Unfurnished,18,19,13400
Malad,PG,4.4,187,0,1,0,0,Unfurnished,13,29,7100
Goregaon,Studio,2.9,232,0,0,1,1,Unfurnished,8,10,12100
Powai,1BHK,0.9,375,1,0,0,1,Unfurnished,4,7,23200
Juhu,2BHK,3.6,1128,1,1,0,1,Unfurnished,6,37,41300
Andheri,2BHK,2.4,833,0,1,0,0,Fully-Furnished,13,21,29500
Dadar,2BHK,1.0,660,0,0,0,0,Fully-Furnished,0,20,35900
Thane,1BHK,4.7,410,1,1,1,0,Unfurnished,8,36,10000
Thane,2BHK,0.2,638,1,0,1,0,Semi-Furnished,6,20,20700
Bandra,Shared Room,0.4,108,1,1,1,0,Unfurnished,11,32,9700
Dadar,1BHK,4.2,627,1,1,0,0,Fully-Furnished,6,7,24000
Thane,Shared Room,4.2,171,1,1,1,1,Semi-Furnished,5,36,4700
Dadar,1BHK,1.5,578,0,1,0,0,Fully-Furnished,6,14,24200
Dadar,2BHK,3.8,728,0,1,0,0,Semi-Furnished,8,33,22900
Dadar,PG,0.8,225,0,1,0,1,Fully-Furnished,7,32,10200
Bandra,2BHK,2.3,796,1,1,0,0,Fully-Furnished,9,16,46700
Powai,Studio,2.7,220,0,0,1,1,Unfurnished,8,30,15100
Bandra,2BHK,2.8,1010,0,0,0,0,Fully-Furnished,20,34,44900
Malad,2BHK,3.4,949,1,1,0,1,Fully-Furnished,7,39,23300
Andheri,PG,4.2,220,0,0,0,0,Fully-Furnished,7,33,7900
Juhu,PG,3.7,144,1,1,1,0,Unfurnished,19,0,11700
Borivali,PG,3.1,223,1,1,1,0,Fully-Furnished,20,25,8200
Thane,Studio,1.3,335,0,1,0,0,Fully-Furnished,1,5,11200
Powai,PG,2.5,201,1,0,1,0,Unfurnished,4,22,10700
Juhu,Studio,0.6,318,0,0,1,0,Semi-Furnished,4,2,23600
Dadar,PG,2.6,122,1,1,0,0,Semi-Furnished,11,21,8700
Bandra,Shared Room,3.0,92,0,1,0,0,Semi-Furnished,19,2,9300
Powai,Studio,4.3,342,1,1,0,1,Semi-Furnished,0,6,15400
Malad,1BHK,1.2,473,0,0,1,1,Semi-Furnished,14,6,18000
Borivali,1BHK,4.7,641,0,1,0,0,Semi-Furnished,10,20,16200
Powai,2BHK,0.4,934,1,0,0,0,Semi-Furnished,19,11,37100
Dadar,1BHK,2.8,496,1,1,1,0,Semi-Furnished,18,16,23000
Andheri,1BHK,0.9,643,1,1,0,0,Semi-Furnished,14,9,22600
Goregaon,PG,3.0,186,0,0,0,0,Fully-Furnished,11,8,7300
Goregaon,1BHK,4.3,499,1,0,1,0,Unfurnished,14,4,16600
Borivali,Shared Room,2.3,142,1,0,0,0,Semi-Furnished,17,27,5100
Thane,2BHK,0.4,701,1,1,0,1,Unfurnished,5,14,23100
Juhu,2BHK,2.3,1109,1,1,0,0,Unfurnished,16,22,47300
Dadar,PG,0.1,104,0,1,1,1,Fully-Furnished,2,38,10600
Thane,Studio,0.7,358,0,1,0,1,Semi-Furnished,16,29,10300
Bandra,2BHK,0.6,1152,1,0,0,1,Fully-Furnished,14,34,48300
Powai,PG,4.7,203,0,1,1,0,Unfurnished,17,2,10900
Dadar,Shared Room,1.1,108,0,0,0,0,Semi-Furnished,8,14,6300
Malad,PG,3.8,244,1,1,0,0,Unfurnished,17,38,6600
Dadar,1BHK,0.1,362,1,1,1,0,Fully-Furnished,0,37,21100
Borivali,PG,2.7,166,1,0,0,0,Fully-Furnished,7,39,5300
Malad,Shared Room,1.0,180,1,0,1,0,Fully-Furnished,7,2,6600
Borivali,2BHK,1.5,1077,1,1,0,0,Unfurnished,17,14,24300
Thane,2BHK,4.6,1004,1,0,1,0,Fully-Furnished,3,30,18000
Borivali,Shared Room,0.9,138,0,1,1,0,Semi-Furnished,5,22,5800
Dadar,Studio,0.6,426,0,1,1,0,Fully-Furnished,2,3,21500
Malad,PG,3.2,158,0,0,1,1,Unfurnished,2,23,6300
Andheri,1BHK,2.9,408,1,0,0,1,Unfurnished,2,1,19800
Borivali,Shared Room,4.3,127,0,0,1,0,Semi-Furnished,1,1,4300
Malad,PG,3.4,153,0,1,0,0,Semi-Furnished,5,6,6600
Dadar,1BHK,3.1,564,0,1,1,1,Semi-Furnished,5,9,22000
Thane,1BHK,1.0,387,0,1,0,0,Fully-Furnished,6,25,16200
Borivali,2BHK,2.0,1105,1,0,0,0,Unfurnished,12,4,27300
Thane,PG,4.4,239,1,1,0,0,Unfurnished,13,13,6200
Thane,PG,1.7,244,1,0,1,0,Unfurnished,19,37,7100
Andheri,1BHK,4.6,538,0,1,0,0,Fully-Furnished,8,40,17700
Bandra,1BHK,1.6,549,0,1,0,0,Fully-Furnished,9,9,31800
Worli,Shared Room,1.5,148,1,1,0,0,Fully-Furnished,9,1,10100
Bandra,PG,3.5,246,0,1,1,1,Unfurnished,16,1,13400
Juhu,Studio,2.2,358,1,1,0,0,Fully-Furnished,10,17,22400
Borivali,1BHK,1.0,574,1,0,0,0,Fully-Furnished,2,34,14500
Powai,2BHK,2.8,1191,1,0,0,1,Unfurnished,2,22,33700
Thane,2BHK,0.4,972,1,0,0,0,Unfurnished,14,0,24400
Thane,1BHK,4.7,597,1,1,0,0,Semi-Furnished,15,20,15300
Thane,PG,1.2,139,0,1,0,1,Unfurnished,20,20,8200
Malad,Shared Room,2.6,92,1,1,0,0,Unfurnished,9,40,4900
Goregaon,Shared Room,0.3,139,1,1,0,1,Semi-Furnished,6,18,7700
Juhu,1BHK,1.0,618,0,0,0,0,Unfurnished,1,10,26800
Worli,Shared Room,4.1,146,1,1,1,0,Semi-Furnished,1,12,8100
Malad,Shared Room,0.2,166,1,0,0,1,Unfurnished,4,27,6000
Thane,1BHK,3.0,511,0,0,0,1,Unfurnished,8,16,13200
Borivali,1BHK,3.2,579,1,1,0,0,Semi-Furnished,11,16,16000
Goregaon,2BHK,3.7,819,1,0,0,0,Unfurnished,8,9,19900
Andheri,1BHK,3.7,473,1,0,0,0,Fully-Furnished,11,33,20900
Powai,PG,3.2,218,1,1,1,0,Unfurnished,4,25,9500
Worli,2BHK,4.7,732,0,0,0,0,Unfurnished,12,1,37300
Goregaon,PG,1.5,178,1,0,1,0,Fully-Furnished,8,34,7500
Bandra,1BHK,4.6,576,1,0,1,0,Unfurnished,9,25,21900
Borivali,2BHK,2.2,1099,1,1,0,1,Unfurnished,18,34,21400
Malad,2BHK,3.8,994,1,0,0,1,Fully-Furnished,13,10,24100
Borivali,1BHK,0.2,377,1,1,0,0,Unfurnished,15,18,16100
Bandra,2BHK,5.0,918,1,1,0,0,Unfurnished,4,40,34000
Worli,PG,0.6,155,0,1,0,1,Semi-Furnished,3,31,11800
Bandra,Studio,2.8,399,1,0,0,0,Semi-Furnished,12,19,15900
Powai,PG,4.9,105,0,0,0,0,Semi-Furnished,6,35,8400
Powai,1BHK,0.4,445,0,1,1,0,Fully-Furnished,20,38,28100
Malad,1BHK,2.4,612,1,0,1,0,Semi-Furnished,4,22,15500
Andheri,2BHK,0.6,808,1,0,1,0,Semi-Furnished,4,31,37500
Juhu,1BHK,1.8,530,1,1,0,1,Unfurnished,19,37,29700
Goregaon,2BHK,4.7,916,1,0,1,0,Fully-Furnished,5,23,25300
Dadar,1BHK,1.5,356,0,1,1,1,Semi-Furnished,11,2,25600
Borivali,PG,0.6,202,1,1,1,0,Unfurnished,0,39,6700
Malad,2BHK,1.2,853,1,0,1,1,Semi-Furnished,11,32,24100
Dadar,PG,0.2,105,1,1,0,0,Unfurnished,6,6,9300
Juhu,Shared Room,2.1,147,1,0,0,0,Fully-Furnished,15,9,8100
Goregaon,Studio,3.4,226,1,1,1,1,Unfurnished,1,15,14200
Juhu,Shared Room,0.1,147,1,0,1,0,Unfurnished,15,22,9600
Borivali,PG,3.1,203,1,0,0,1,Semi-Furnished,4,7,7400
Goregaon,1BHK,0.4,615,1,0,1,0,Unfurnished,12,4,21500
Bandra,1BHK,2.4,495,0,1,1,0,Unfurnished,13,33,21000
Dadar,2BHK,4.3,858,1,0,1,0,Unfurnished,8,39,22100
Dadar,Studio,1.0,252,1,0,1,1,Unfurnished,16,31,14900
Dadar,Shared Room,4.8,198,0,1,1,0,Unfurnished,13,34,6700
Andheri,1BHK,2.2,390,1,1,0,0,Unfurnished,4,12,18300
Goregaon,Shared Room,3.7,105,1,1,1,1,Unfurnished,17,30,7400
Bandra,Shared Room,0.6,139,0,0,0,1,Unfurnished,9,5,8900
Malad,Shared Room,2.0,143,0,1,1,1,Fully-Furnished,12,16,8600
Juhu,Shared Room,1.1,191,1,1,1,0,Fully-Furnished,6,32,11000
Andheri,Studio,0.4,409,0,0,1,0,Fully-Furnished,12,13,20300
Bandra,1BHK,4.5,353,0,1,0,1,Semi-Furnished,13,28,20900
Goregaon,Shared Room,2.4,130,0,1,0,1,Fully-Furnished,18,17,7300
Dadar,PG,4.7,131,1,0,1,1,Unfurnished,3,30,7900
Andheri,PG,3.2,244,0,1,0,1,Unfurnished,2,14,8400
Andheri,1BHK,2.2,389,1,1,0,1,Fully-Furnished,6,36,22700
Malad,2BHK,4.4,643,0,0,0,0,Unfurnished,9,39,17000
Malad,1BHK,4.5,363,1,0,0,0,Semi-Furnished,10,0,14200
Juhu,2BHK,2.4,992,1,1,0,0,Fully-Furnished,5,8,53300
Goregaon,Shared Room,2.3,110,1,0,0,0,Semi-Furnished,2,22,4100
Bandra,PG,4.1,192,0,0,1,0,Unfurnished,18,39,8200
Bandra,2BHK,4.3,683,1,0,0,0,Unfurnished,3,16,32100
Thane,2BHK,1.3,685,1,1,1,1,Semi-Furnished,5,13,23500
Goregaon,PG,3.5,146,0,1,0,1,Fully-Furnished,17,12,9200
Andheri,Studio,1.3,429,1,1,0,0,Semi-Furnished,10,30,15100
Powai,2BHK,4.0,1177,0,1,0,0,Unfurnished,9,22,33600
Goregaon,Shared Room,1.2,158,1,0,1,0,Unfurnished,1,3,5400
Bandra,PG,1.1,189,1,1,1,1,Fully-Furnished,20,7,15800
Powai,Studio,1.0,290,0,1,0,0,Semi-Furnished,9,7,18300
Thane,1BHK,1.4,529,1,1,1,0,Fully-Furnished,12,11,17000
Thane,PG,0.6,186,1,0,0,0,Semi-Furnished,5,4,6500
Malad,Studio,1.2,346,1,0,1,1,Fully-Furnished,0,2,14300
Goregaon,PG,3.9,143,1,0,1,1,Unfurnished,8,2,8100
Dadar,Studio,1.0,427,1,0,1,0,Semi-Furnished,0,6,17300
Malad,PG,0.8,226,1,0,0,0,Unfurnished,12,23,6800
Worli,PG,2.7,141,0,0,1,0,Semi-Furnished,19,8,11700
Dadar,PG,4.9,209,1,0,0,1,Fully-Furnished,0,4,8900
Juhu,PG,1.7,118,1,0,0,0,Semi-Furnished,8,27,9600
Bandra,Shared Room,3.9,115,1,1,0,1,Semi-Furnished,10,27,7700
Malad,Shared Room,4.7,85,0,1,0,1,Semi-Furnished,0,30,5400
Dadar,Shared Room,3.5,93,1,1,1,0,Fully-Furnished,13,16,7100
Juhu,1BHK,0.7,460,1,1,1,0,Semi-Furnished,3,17,27700
Worli,2BHK,3.2,996,1,1,1,0,Semi-Furnished,18,23,41900
Goregaon,PG,3.8,224,0,0,0,1,Fully-Furnished,19,20,8500
Andheri,1BHK,4.7,354,1,1,1,0,Fully-Furnished,5,8,21900
Goregaon,Studio,3.0,219,1,1,1,0,Unfurnished,9,29,11800
Juhu,Shared Room,4.4,82,1,1,0,0,Unfurnished,10,34,7400
Andheri,Shared Room,1.2,145,1,1,0,0,Semi-Furnished,13,11,7500
Powai,Studio,0.2,212,0,1,0,0,Unfurnished,10,37,14500
Powai,2BHK,4.3,930,1,0,0,0,Unfurnished,6,18,28700
Worli,2BHK,3.6,722,0,0,0,0,Unfurnished,9,39,31000
Thane,Studio,4.1,422,0,1,0,1,Fully-Furnished,12,18,11600
Goregaon,2BHK,2.2,920,0,1,1,0,Fully-Furnished,9,1,29000
Juhu,Studio,2.2,407,1,0,0,1,Unfurnished,10,6,21200
Thane,Studio,4.1,374,1,0,0,0,Unfurnished,8,16,7000
Dadar,Shared Room,0.2,96,1,0,0,0,Fully-Furnished,12,6,8600
Borivali,1BHK,3.9,576,0,1,0,0,Unfurnished,18,21,13800
Bandra,1BHK,2.5,617,0,0,0,0,Fully-Furnished,8,36,28000
Juhu,2BHK,0.7,629,0,1,1,1,Semi-Furnished,1,28,55700
Dadar,2BHK,4.4,846,1,1,1,1,Semi-Furnished,20,0,33600
Thane,1BHK,1.7,404,1,0,0,1,Fully-Furnished,19,33,15300
Dadar,Studio,3.9,398,1,1,0,1,Fully-Furnished,17,11,17200
Powai,PG,3.1,178,0,1,1,0,Fully-Furnished,20,31,11100
Malad,2BHK,2.7,1154,0,0,0,0,Unfurnished,8,37,20900
Borivali,Studio,1.8,349,0,0,1,0,Fully-Furnished,7,19,12400
Borivali,Shared Room,3.8,92,1,0,0,1,Fully-Furnished,11,16,5600
Thane,Shared Room,1.4,131,1,1,0,0,Semi-Furnished,11,40,4900
Dadar,Studio,2.3,214,1,1,0,0,Fully-Furnished,6,8,16200
Goregaon,1BHK,1.0,352,1,1,1,0,Unfurnished,1,38,14400
Borivali,2BHK,4.6,812,0,1,0,0,Semi-Furnished,17,12,22200
Goregaon,Studio,2.1,423,1,0,0,0,Semi-Furnished,20,0,14000
Thane,2BHK,4.3,919,1,0,0,1,Fully-Furnished,7,33,20500
Malad,2BHK,1.2,1133,0,1,0,0,Semi-Furnished,1,1,30600
Malad,Shared Room,0.5,147,1,1,1,0,Unfurnished,4,32,5600
Malad,Shared Room,1.2,88,0,1,0,0,Semi-Furnished,15,15,5700
Borivali,1BHK,0.3,507,1,1,0,0,Unfurnished,18,16,17100
Thane,PG,1.2,159,1,1,0,0,Semi-Furnished,19,20,7500
Thane,Studio,1.9,317,1,0,0,0,Fully-Furnished,10,10,10700
Andheri,PG,0.8,191,1,0,1,0,Fully-Furnished,6,13,12500
Thane,1BHK,2.7,529,1,0,1,1,Fully-Furnished,12,8,16200
Bandra,Shared Room,2.8,93,1,1,0,0,Semi-Furnished,8,29,8000
Juhu,1BHK,4.9,616,0,1,1,0,Semi-Furnished,3,28,23600
Thane,PG,0.7,126,1,1,0,0,Unfurnished,3,16,6400
Powai,1BHK,3.0,376,0,0,0,0,Unfurnished,2,14,18500
Andheri,2BHK,4.3,1067,1,0,0,0,Fully-Furnished,13,10,33200
Bandra,Shared Room,0.2,197,1,0,1,0,Unfurnished,12,11,7900
Juhu,PG,0.3,197,1,1,0,0,Unfurnished,20,11,13300
Borivali,1BHK,3.5,541,1,0,0,0,Semi-Furnished,9,7,14100
Malad,PG,1.8,234,0,1,1,0,Semi-Furnished,14,25,9300
Worli,PG,1.7,180,1,0,1,0,Fully-Furnished,5,18,13000
Dadar,Studio,0.5,420,1,0,0,1,Unfurnished,10,0,14000
Juhu,1BHK,4.7,441,1,0,0,0,Semi-Furnished,13,18,26900
Malad,Studio,0.7,430,1,0,0,0,Fully-Furnished,4,0,14300
Andheri,PG,1.4,159,0,0,0,0,Semi-Furnished,7,28,7600
Bandra,Studio,4.9,286,1,0,1,0,Fully-Furnished,9,22,18100
Bandra,2BHK,2.8,663,0,0,1,0,Semi-Furnished,4,7,34800
Thane,1BHK,1.8,546,0,1,0,0,Unfurnished,18,39,12500
Juhu,2BHK,1.1,916,1,1,0,0,Unfurnished,15,25,46300
Thane,2BHK,4.6,811,1,0,1,1,Semi-Furnished,6,36,18200
Worli,1BHK,2.6,600,0,1,1,0,Fully-Furnished,3,12,31400
Powai,1BHK,4.7,616,1,0,1,0,Unfurnished,19,22,21800
Borivali,Shared Room,1.5,102,1,0,0,0,Unfurnished,0,27,3700
Goregaon,Studio,1.8,368,1,1,1,0,Unfurnished,12,38,11400
Juhu,1BHK,1.2,499,0,0,0,0,Fully-Furnished,19,25,37700
Juhu,PG,4.7,167,1,1,0,0,Unfurnished,10,30,9800
Goregaon,2BHK,2.9,1132,1,0,1,0,Fully-Furnished,0,15,29400
Worli,2BHK,1.8,1135,1,0,1,0,Semi-Furnished,16,34,42400
Juhu,Studio,3.5,382,1,0,0,1,Unfurnished,7,16,15800
Borivali,PG,4.1,161,1,0,0,0,Fully-Furnished,20,3,6600
Dadar,PG,2.2,233,1,1,0,0,Fully-Furnished,8,13,9700
Andheri,2BHK,0.4,922,1,1,0,1,Semi-Furnished,3,0,39700
Borivali,1BHK,2.3,501,1,1,1,0,Semi-Furnished,6,28,16000
Andheri,Studio,1.9,384,1,0,0,0,Unfurnished,7,22,13100
Dadar,Studio,4.7,314,1,1,1,0,Unfurnished,13,13,13100
Bandra,Shared Room,3.5,122,1,1,0,0,Unfurnished,15,19,7700
Andheri,PG,2.3,167,1,0,1,0,Unfurnished,20,5,10400
Powai,Shared Room,1.3,144,1,0,0,1,Semi-Furnished,5,22,8300
Powai,Studio,2.1,350,0,1,1,1,Unfurnished,1,25,14500
Thane,PG,1.7,168,1,0,0,0,Fully-Furnished,8,31,6100
Malad,PG,4.7,186,1,1,0,0,Unfurnished,2,9,6300
Juhu,Shared Room,3.8,147,1,1,1,1,Semi-Furnished,18,21,10400
Worli,PG,3.9,190,0,1,1,1,Unfurnished,16,10,13000
Juhu,Studio,0.5,393,1,0,1,0,Fully-Furnished,9,4,27900
Worli,Studio,3.4,381,1,0,1,1,Unfurnished,6,32,18600
Goregaon,Studio,3.6,345,1,1,1,0,Fully-Furnished,3,20,12100
Powai,2BHK,0.3,870,0,1,1,1,Semi-Furnished,6,23,36600
Juhu,1BHK,3.5,496,1,1,0,1,Unfurnished,11,15,26800
Borivali,1BHK,1.5,404,0,1,0,0,Semi-Furnished,7,23,15200
Bandra,Shared Room,2.3,148,1,1,1,0,Semi-Furnished,20,23,9600
Malad,2BHK,0.4,711,1,0,0,1,Fully-Furnished,3,5,29500
Andheri,2BHK,1.4,1152,1,0,1,0,Semi-Furnished,20,12,36800
Goregaon,2BHK,3.1,714,1,0,0,0,Semi-Furnished,7,31,22000
Malad,2BHK,4.7,1073,1,1,0,1,Semi-Furnished,7,16,24900
Malad,Shared Room,0.4,124,1,0,0,0,Semi-Furnished,18,11,4900
Andheri,PG,1.4,150,1,0,0,0,Fully-Furnished,17,34,9500
Powai,Studio,1.1,345,0,1,1,0,Fully-Furnished,6,15,22300
Borivali,Shared Room,1.0,172,1,1,0,0,Unfurnished,17,38,5300
Andheri,2BHK,1.1,936,1,0,0,0,Fully-Furnished,12,35,33600
Thane,Shared Room,2.2,103,1,1,0,0,Semi-Furnished,2,24,4400
Worli,Shared Room,4.7,115,0,1,0,1,Unfurnished,9,30,7200
Dadar,Studio,2.1,442,1,0,1,0,Semi-Furnished,15,28,14400
Powai,2BHK,3.1,1150,1,1,0,0,Fully-Furnished,8,5,41000
Powai,1BHK,2.4,636,1,1,0,1,Semi-Furnished,16,15,26000
Powai,Studio,1.7,352,0,0,1,0,Fully-Furnished,2,35,18800
Dadar,Studio,4.7,279,1,1,0,0,Semi-Furnished,5,19,13500
Powai,2BHK,1.2,1068,1,1,1,1,Semi-Furnished,20,33,44700
Andheri,Studio,2.5,443,1,0,1,0,Semi-Furnished,9,14,13000
Dadar,Shared Room,0.4,195,1,0,1,0,Unfurnished,8,0,6400
Goregaon,1BHK,1.7,512,1,0,1,1,Semi-Furnished,3,24,19100
Andheri,2BHK,2.5,1001,1,1,0,0,Unfurnished,6,37,26100
Andheri,Studio,4.6,316,1,0,1,0,Unfurnished,11,39,11700
Goregaon,2BHK,0.8,685,0,1,1,0,Fully-Furnished,18,1,32400
Thane,Studio,4.6,295,0,0,0,0,Semi-Furnished,13,14,8400
Borivali,Shared Room,2.9,198,0,1,0,1,Unfurnished,18,40,6000
Juhu,Studio,3.3,299,1,0,1,0,Fully-Furnished,0,27,18200
Worli,PG,4.5,224,0,1,1,0,Fully-Furnished,16,28,12800
Dadar,Studio,1.9,400,1,0,0,1,Fully-Furnished,10,9,17700
Borivali,Shared Room,2.2,182,1,0,1,1,Unfurnished,9,20,6100
Juhu,2BHK,0.8,840,1,1,1,0,Fully-Furnished,17,29,52700
Borivali,Shared Room,0.9,89,1,0,0,1,Semi-Furnished,5,22,4800
Powai,PG,4.3,123,1,0,0,0,Semi-Furnished,2,9,7300
Dadar,1BHK,2.9,421,0,0,1,0,Fully-Furnished,8,7,19800
Andheri,Shared Room,4.0,170,0,1,0,0,Fully-Furnished,4,9,6800
Goregaon,Shared Room,2.7,102,0,1,1,0,Fully-Furnished,11,39,6300
Worli,1BHK,1.0,449,1,0,0,0,Semi-Furnished,19,7,27500
Malad,Studio,4.5,258,1,0,0,0,Fully-Furnished,7,17,11100
Worli,PG,4.5,208,1,1,1,0,Fully-Furnished,3,8,11000
Worli,Shared Room,0.4,188,0,1,1,1,Fully-Furnished,5,6,13000
Malad,2BHK,1.1,691,1,0,0,1,Semi-Furnished,7,19,26400
Borivali,2BHK,3.4,986,1,1,0,0,Unfurnished,12,32,21300
Andheri,Shared Room,4.6,188,1,1,0,1,Unfurnished,13,9,7700
Dadar,2BHK,4.8,1042,0,1,0,0,Unfurnished,12,33,23600
Bandra,1BHK,2.1,411,1,1,1,1,Unfurnished,3,16,25400
Goregaon,Shared Room,0.4,125,1,0,0,1,Fully-Furnished,0,1,6900
Powai,1BHK,3.0,590,1,1,0,0,Fully-Furnished,6,20,26500
Borivali,PG,2.9,249,0,0,0,0,Semi-Furnished,9,27,5800
Malad,2BHK,2.4,1030,1,0,0,0,Unfurnished,3,36,21400
Powai,Studio,2.1,206,1,1,0,0,Unfurnished,15,3,16800
Andheri,2BHK,3.1,984,1,1,1,0,Fully-Furnished,6,17,37200
Worli,Studio,4.9,261,1,1,1,0,Fully-Furnished,17,24,21600
Bandra,PG,2.4,240,1,1,0,0,Semi-Furnished,4,23,11400
Borivali,2BHK,1.5,1118,1,1,0,1,Unfurnished,5,31,27000
Powai,PG,2.8,217,1,0,1,0,Fully-Furnished,15,23,10500
Bandra,2BHK,3.1,897,1,1,0,1,Semi-Furnished,17,2,42700
Juhu,Studio,0.3,398,1,0,1,0,Unfurnished,19,15,20800
Goregaon,1BHK,2.1,371,0,1,0,1,Fully-Furnished,14,19,18800
Juhu,Shared Room,1.0,123,1,1,0,0,Semi-Furnished,12,30,10500
Bandra,Studio,2.1,378,0,0,0,0,Fully-Furnished,20,8,22100
Dadar,2BHK,3.4,1177,1,0,0,0,Unfurnished,15,16,27400
Goregaon,PG,4.5,167,1,0,0,1,Semi-Furnished,14,25,7900
Juhu,PG,4.6,196,1,0,1,0,Fully-Furnished,9,6,12500
Worli,2BHK,3.6,794,0,1,1,0,Fully-Furnished,1,30,41500
Worli,Studio,3.1,417,1,1,0,0,Fully-Furnished,8,21,20900
Thane,2BHK,0.2,1017,0,1,1,0,Semi-Furnished,20,17,27500
Andheri,PG,3.6,157,0,1,1,0,Semi-Furnished,5,22,7500
Malad,Shared Room,4.1,150,0,1,1,0,Fully-Furnished,19,0,7600
Powai,2BHK,2.5,1164,0,0,0,0,Unfurnished,8,2,32400
Goregaon,PG,2.7,183,1,1,1,0,Unfurnished,1,18,7100
Powai,PG,2.0,165,0,1,1,0,Semi-Furnished,17,38,9600
Malad,1BHK,4.5,612,1,1,0,0,Semi-Furnished,9,15,14000
Dadar,PG,2.6,147,1,0,1,0,Fully-Furnished,13,32,10300
Malad,2BHK,3.0,891,0,0,0,1,Semi-Furnished,8,26,21000
Dadar,1BHK,0.8,366,1,1,1,0,Semi-Furnished,19,35,20100
Worli,Shared Room,0.2,133,1,0,0,1,Fully-Furnished,18,35,12000
Malad,Studio,4.3,282,1,1,1,0,Unfurnished,2,16,8400
Worli,Studio,4.9,295,1,0,0,0,Unfurnished,20,12,16400
Bandra,1BHK,3.4,497,0,0,1,0,Semi-Furnished,0,27,21200
Worli,2BHK,0.5,727,1,0,0,0,Semi-Furnished,1,33,45000
Malad,Shared Room,1.4,117,1,1,0,0,Fully-Furnished,5,22,5400
Goregaon,Studio,1.7,216,1,0,1,1,Semi-Furnished,16,12,12600
Borivali,Studio,2.7,330,1,0,0,0,Semi-Furnished,9,31,10100
Borivali,2BHK,3.6,1047,0,1,1,0,Unfurnished,13,36,18300
Thane,1BHK,0.3,450,1,0,1,0,Semi-Furnished,8,16,14800
Thane,1BHK,2.9,352,1,0,0,1,Semi-Furnished,15,4,14300
Dadar,Shared Room,4.1,196,1,1,1,1,Unfurnished,3,13,7200
Malad,PG,3.2,238,1,0,0,0,Fully-Furnished,5,24,7500
Andheri,PG,0.2,126,0,1,0,0,Fully-Furnished,7,25,10800
Goregaon,1BHK,2.8,538,0,1,0,0,Unfurnished,14,18,16200
Malad,2BHK,3.2,848,0,1,1,1,Fully-Furnished,4,32,23800
Malad,Studio,2.9,417,1,0,1,0,Unfurnished,10,25,8700
Dadar,2BHK,3.3,626,1,1,0,0,Fully-Furnished,7,31,29800
Goregaon,2BHK,0.9,838,1,1,0,0,Fully-Furnished,19,16,30300
Worli,PG,1.3,156,1,0,0,0,Fully-Furnished,12,25,12000
Bandra,1BHK,4.7,622,1,1,0,0,Fully-Furnished,6,9,24200
Powai,1BHK,2.4,381,0,0,1,0,Fully-Furnished,8,17,24700
Powai,1BHK,1.6,525,1,1,1,1,Unfurnished,13,3,29800
Goregaon,1BHK,4.2,492,0,1,0,1,Fully-Furnished,20,7,22100
Andheri,1BHK,5.0,434,1,1,0,1,Unfurnished,18,11,20200
Dadar,Studio,1.6,427,1,0,0,1,Unfurnished,4,26,14700
Worli,Shared Room,2.7,165,1,0,0,0,Semi-Furnished,6,1,8200
Dadar,PG,4.8,115,1,1,1,0,Unfurnished,3,37,7200
Worli,Studio,3.1,343,1,1,1,0,Unfurnished,18,25,16900
Thane,PG,3.6,195,0,0,0,1,Fully-Furnished,0,4,6800
Malad,Shared Room,3.4,162,1,1,0,1,Fully-Furnished,4,17,6600
Worli,2BHK,2.3,1072,0,0,1,0,Fully-Furnished,20,39,44700
Malad,1BHK,2.0,570,0,0,0,1,Semi-Furnished,4,10,17100
Juhu,Shared Room,4.1,135,1,0,0,0,Fully-Furnished,3,10,8800
Worli,1BHK,3.7,581,1,0,1,1,Semi-Furnished,15,8,25800
Bandra,Studio,1.8,358,1,1,1,0,Fully-Furnished,4,22,24900
Borivali,Shared Room,1.6,140,1,1,1,0,Semi-Furnished,18,35,6100
Dadar,PG,1.9,217,1,0,0,1,Semi-Furnished,0,35,8900
Malad,PG,4.9,151,1,0,1,1,Fully-Furnished,0,14,8200
Bandra,PG,1.9,102,1,1,1,0,Fully-Furnished,2,16,13500
Juhu,Shared Room,0.4,150,1,0,1,1,Semi-Furnished,11,30,11400
Thane,2BHK,3.0,1053,1,1,1,1,Unfurnished,0,10,20900
Malad,PG,1.3,164,1,1,1,0,Unfurnished,19,1,8000
Worli,1BHK,3.0,391,0,1,1,1,Fully-Furnished,19,29,30100
Malad,Shared Room,4.8,149,0,1,0,0,Fully-Furnished,18,39,4900
Andheri,PG,3.3,206,0,0,0,0,Fully-Furnished,3,31,7300
Worli,PG,2.1,111,0,1,1,0,Unfurnished,0,8,11100
Juhu,Studio,4.7,381,0,1,1,1,Fully-Furnished,9,9,23800
Goregaon,PG,0.6,240,0,0,0,0,Unfurnished,5,32,6000
Powai,2BHK,4.2,701,1,1,1,0,Unfurnished,11,14,32500
Powai,Shared Room,2.9,114,1,0,1,1,Fully-Furnished,18,5,11300
Dadar,Studio,2.0,384,1,0,1,1,Semi-Furnished,7,38,14300
Goregaon,PG,2.9,243,1,0,1,0,Fully-Furnished,15,17,10000
Malad,Studio,4.5,336,0,0,1,0,Unfurnished,3,17,9100
Powai,PG,0.7,105,1,1,0,0,Semi-Furnished,11,15,10600
Goregaon,Shared Room,3.2,176,0,0,1,0,Unfurnished,17,18,5800
Borivali,Shared Room,2.2,109,1,0,1,0,Semi-Furnished,9,24,4200
Borivali,PG,0.9,244,0,1,0,0,Fully-Furnished,1,34,6900
Goregaon,2BHK,4.5,1145,1,0,0,1,Fully-Furnished,15,37,25100
Malad,PG,0.3,175,1,0,0,0,Fully-Furnished,0,33,6700
Dadar,2BHK,4.3,975,1,0,0,0,Unfurnished,15,34,27400
Goregaon,PG,0.3,130,1,1,1,0,Fully-Furnished,6,12,10900
Goregaon,PG,1.2,107,1,1,1,0,Unfurnished,10,24,8800
Powai,2BHK,2.5,944,1,0,0,1,Fully-Furnished,1,16,41700
Goregaon,2BHK,2.0,908,0,1,1,0,Unfurnished,20,21,23900
Worli,Shared Room,1.3,186,0,0,0,0,Unfurnished,7,6,5300
Goregaon,PG,1.2,103,0,1,0,0,Fully-Furnished,10,23,8500
Bandra,1BHK,2.4,554,1,0,0,0,Fully-Furnished,15,31,25000
Borivali,1BHK,3.8,401,0,0,0,0,Semi-Furnished,3,10,12700
Andheri,1BHK,1.7,584,1,0,0,0,Semi-Furnished,1,30,21000
Thane,PG,4.3,108,1,0,0,1,Unfurnished,11,9,5900
Bandra,Shared Room,4.8,191,1,1,1,0,Semi-Furnished,3,22,9400
Goregaon,Studio,1.0,400,1,0,0,0,Fully-Furnished,19,28,14500
Thane,PG,1.0,216,1,0,0,0,Unfurnished,12,3,6800
Thane,PG,2.2,100,0,0,0,1,Fully-Furnished,18,9,6800
Juhu,Studio,4.5,329,1,1,0,1,Semi-Furnished,16,21,19900
Borivali,PG,2.7,136,0,0,0,0,Semi-Furnished,2,40,4600
Powai,1BHK,1.6,466,1,1,0,0,Semi-Furnished,13,5,29800
Worli,2BHK,4.8,950,1,0,0,0,Unfurnished,6,9,34100
Bandra,PG,2.7,204,0,0,0,0,Semi-Furnished,15,32,9600
Powai,2BHK,4.7,910,0,0,0,0,Semi-Furnished,18,16,34400
Powai,PG,0.6,218,1,0,0,1,Semi-Furnished,15,9,16000
Dadar,Shared Room,3.0,83,1,0,0,1,Semi-Furnished,4,8,7000
Borivali,Studio,3.3,281,1,0,1,0,Semi-Furnished,16,24,10700
Bandra,PG,4.5,117,0,1,1,0,Semi-Furnished,4,29,7800
Andheri,2BHK,1.6,728,1,0,0,1,Semi-Furnished,10,1,33000
Powai,2BHK,2.2,736,1,0,0,0,Unfurnished,10,2,32300
Borivali,1BHK,4.9,452,0,0,0,0,Semi-Furnished,19,7,12500
Bandra,PG,4.7,229,1,1,0,0,Fully-Furnished,16,21,12800
Malad,Studio,0.3,328,1,1,0,0,Fully-Furnished,10,34,13600
Goregaon,1BHK,2.2,627,1,1,1,0,Unfurnished,1,34,14600
Borivali,1BHK,1.3,427,0,0,0,1,Unfurnished,1,22,13000
Goregaon,PG,0.7,230,0,1,1,0,Unfurnished,6,35,7600
Andheri,1BHK,1.1,616,0,0,0,0,Fully-Furnished,12,9,25800
Borivali,1BHK,3.1,526,0,1,1,0,Semi-Furnished,12,26,14300
Powai,2BHK,4.3,718,1,1,0,0,Semi-Furnished,17,25,34700
Thane,Studio,3.1,261,0,1,1,1,Semi-Furnished,11,15,12900
Dadar,1BHK,2.9,511,1,1,1,1,Fully-Furnished,3,30,22900
Goregaon,Studio,4.7,378,0,0,0,1,Semi-Furnished,15,9,11500
Dadar,Shared Room,1.5,115,1,1,0,0,Fully-Furnished,20,35,8900
Malad,Studio,1.7,329,1,1,0,0,Fully-Furnished,17,26,14100
Borivali,2BHK,3.6,650,1,0,0,0,Fully-Furnished,11,40,24100
Juhu,Shared Room,2.5,132,1,1,0,0,Unfurnished,11,9,9100
Worli,Studio,1.3,200,1,1,0,0,Semi-Furnished,19,11,24300
Malad,Shared Room,2.7,116,1,1,0,0,Unfurnished,15,19,6000
Andheri,Shared Room,4.8,90,1,0,1,0,Unfurnished,7,8,6200
Powai,1BHK,0.3,599,0,0,1,1,Unfurnished,2,19,26100
Dadar,1BHK,2.5,458,1,0,1,1,Fully-Furnished,2,2,25500
Juhu,Studio,0.9,400,1,0,1,0,Unfurnished,3,19,21300
Juhu,PG,4.7,204,1,1,1,0,Fully-Furnished,5,34,12300
Thane,Shared Room,4.7,97,1,1,1,1,Semi-Furnished,18,30,6100
Juhu,2BHK,4.2,969,1,1,0,0,Unfurnished,18,17,32900
Worli,1BHK,3.4,641,0,1,0,1,Fully-Furnished,6,5,35400
Bandra,2BHK,1.6,1057,0,0,0,0,Fully-Furnished,14,5,45600
Powai,2BHK,5.0,600,1,1,0,0,Unfurnished,6,4,29700
Thane,1BHK,4.4,615,1,1,0,0,Semi-Furnished,6,0,12600
Malad,Studio,3.7,408,0,1,0,1,Unfurnished,18,2,11300
Borivali,Shared Room,1.1,180,1,0,1,0,Unfurnished,14,1,6000
Malad,2BHK,3.7,1056,0,0,1,0,Unfurnished,10,9,22600
Worli,1BHK,3.1,352,0,0,0,1,Fully-Furnished,5,13,26800
Borivali,1BHK,1.1,415,1,1,0,0,Fully-Furnished,3,27,17800
Powai,PG,1.7,163,1,0,0,0,Semi-Furnished,6,26,10300
Borivali,Studio,1.2,294,1,1,0,0,Unfurnished,13,26,10600
Juhu,1BHK,4.1,423,0,0,0,0,Semi-Furnished,9,16,18700
Andheri,1BHK,2.8,368,1,0,1,1,Unfurnished,9,10,19800
Malad,Shared Room,2.1,148,1,0,1,0,Fully-Furnished,9,4,7000
Bandra,PG,4.0,140,0,0,1,0,Unfurnished,11,30,7900
Worli,Studio,3.5,253,1,0,1,0,Fully-Furnished,2,0,20100
Thane,1BHK,1.0,512,1,1,0,0,Semi-Furnished,4,31,13500
Malad,1BHK,4.0,640,0,0,0,1,Unfurnished,0,3,16500
Borivali,1BHK,1.8,385,1,1,1,1,Semi-Furnished,5,24,13100
Andheri,2BHK,1.0,1032,1,0,1,0,Semi-Furnished,18,20,36000
Thane,PG,2.2,116,1,0,0,0,Semi-Furnished,1,31,4600
Worli,Studio,2.5,227,1,1,1,1,Semi-Furnished,8,37,24100
Powai,Studio,4.9,287,1,1,1,0,Fully-Furnished,7,32,16400
Bandra,PG,5.0,141,0,0,0,1,Unfurnished,10,27,7500
Dadar,2BHK,4.8,891,1,0,0,0,Semi-Furnished,15,17,29700
Borivali,PG,0.1,179,1,0,0,0,Unfurnished,20,9,8200
Powai,PG,3.1,110,1,0,0,1,Unfurnished,18,14,10100
Worli,2BHK,1.6,954,1,0,0,0,Fully-Furnished,1,32,45000
Worli,2BHK,2.3,915,0,0,0,1,Semi-Furnished,3,2,49100
Andheri,1BHK,2.4,630,1,1,0,1,Fully-Furnished,6,38,21900
Goregaon,Shared Room,0.6,188,1,1,1,0,Unfurnished,17,4,7600
Worli,1BHK,2.8,528,1,0,1,0,Semi-Furnished,16,10,27700
Bandra,2BHK,4.5,1073,0,1,0,0,Unfurnished,19,24,38500
Powai,PG,1.9,177,0,0,0,0,Fully-Furnished,19,16,11200
Malad,Studio,4.3,336,1,1,1,0,Unfurnished,9,10,10300
Juhu,2BHK,3.6,1115,0,0,1,0,Unfurnished,8,2,39100
Borivali,PG,4.5,234,1,0,1,1,Semi-Furnished,17,13,8500
Andheri,1BHK,4.2,605,0,0,0,1,Fully-Furnished,6,26,19600
Worli,Studio,4.0,257,1,0,0,1,Unfurnished,15,36,16400
Borivali,2BHK,3.6,687,0,1,0,0,Unfurnished,11,10,20400
Powai,2BHK,1.9,1053,1,0,1,0,Unfurnished,13,26,34400
Goregaon,Studio,1.1,265,0,0,0,0,Unfurnished,15,30,10800
Thane,Studio,3.2,313,1,1,1,0,Unfurnished,17,18,10500
Malad,1BHK,4.3,373,0,1,0,0,Semi-Furnished,15,24,11800
Thane,1BHK,1.0,562,1,0,1,0,Unfurnished,2,34,12800
Andheri,1BHK,4.3,511,0,1,0,0,Fully-Furnished,9,30,19500
Malad,PG,3.4,112,1,1,0,0,Unfurnished,4,31,5700
Andheri,Studio,1.5,271,0,1,1,0,Unfurnished,6,37,13700
Andheri,Studio,0.8,328,1,1,0,0,Fully-Furnished,2,39,18900
Thane,1BHK,4.9,422,0,1,0,1,Fully-Furnished,4,24,14800
Juhu,1BHK,4.5,442,1,0,0,0,Semi-Furnished,5,32,26700
Andheri,Studio,0.5,388,1,1,0,0,Fully-Furnished,3,19,19900
Dadar,PG,3.4,226,1,1,0,1,Semi-Furnished,7,4,8900
Borivali,Studio,2.1,292,1,1,0,0,Unfurnished,18,11,12900
Dadar,1BHK,2.5,635,1,0,1,1,Fully-Furnished,2,20,25900
Thane,PG,1.8,211,1,0,0,1,Fully-Furnished,20,11,8900
Juhu,2BHK,1.5,1138,1,1,0,0,Unfurnished,2,35,42600
Goregaon,2BHK,3.2,673,1,0,0,1,Semi-Furnished,12,32,24000
Goregaon,Shared Room,0.9,87,1,0,1,0,Semi-Furnished,13,3,6500
Powai,Studio,1.4,399,1,0,0,0,Semi-Furnished,15,39,17600
Borivali,2BHK,2.4,857,1,1,0,0,Unfurnished,12,11,21900
Juhu,2BHK,1.8,1105,0,0,0,0,Unfurnished,3,23,41100
Juhu,PG,0.5,241,1,0,0,1,Semi-Furnished,18,33,13600
Powai,1BHK,3.4,468,1,1,1,1,Unfurnished,9,8,22100
Dadar,Studio,2.2,272,0,1,0,1,Fully-Furnished,15,27,17400
Goregaon,PG,1.4,179,0,0,0,0,Fully-Furnished,9,9,6900
Powai,Shared Room,4.5,82,1,0,1,0,Unfurnished,20,0,6900
Borivali,Studio,1.3,208,1,0,0,0,Unfurnished,10,23,9500
Juhu,PG,2.8,198,1,0,1,1,Fully-Furnished,14,0,16300
Goregaon,Studio,2.7,207,1,0,0,0,Semi-Furnished,4,2,12400
Andheri,Studio,3.1,343,1,1,0,0,Semi-Furnished,0,1,15400
Dadar,1BHK,3.5,446,0,1,1,1,Unfurnished,14,6,20900
Dadar,Shared Room,1.9,144,0,0,0,0,Unfurnished,20,9,6600
Thane,PG,1.9,167,1,0,0,1,Fully-Furnished,17,23,7600
Powai,Studio,2.5,238,1,1,1,1,Unfurnished,10,15,19400
Bandra,Shared Room,3.1,171,0,0,0,0,Unfurnished,20,28,6500
Powai,PG,1.7,245,1,1,1,0,Fully-Furnished,10,2,13100
Andheri,Studio,4.9,273,0,1,1,1,Semi-Furnished,4,10,15100
Borivali,2BHK,4.2,947,1,0,0,1,Fully-Furnished,1,19,22600
Dadar,Studio,3.3,336,0,1,1,0,Semi-Furnished,7,3,16000
Dadar,Shared Room,4.6,148,1,1,0,0,Semi-Furnished,5,2,5600
Goregaon,Studio,1.3,248,1,0,0,0,Fully-Furnished,20,26,12400
Dadar,PG,4.2,240,0,0,1,0,Unfurnished,0,36,6200
Andheri,1BHK,2.4,554,0,0,0,0,Unfurnished,19,12,20900
Malad,Studio,2.9,231,1,0,0,1,Unfurnished,4,23,10400
Dadar,Studio,3.2,227,1,1,1,0,Semi-Furnished,1,18,13100
Bandra,1BHK,2.2,624,0,0,0,0,Fully-Furnished,8,17,28600
Dadar,PG,5.0,170,0,1,0,0,Fully-Furnished,0,20,8000
Juhu,PG,0.4,241,0,1,1,1,Semi-Furnished,4,20,17300
Worli,Shared Room,0.8,82,1,0,1,1,Semi-Furnished,20,16,11000
Andheri,PG,1.6,216,1,0,0,0,Fully-Furnished,17,3,11700
Dadar,Studio,1.5,373,0,1,1,0,Fully-Furnished,5,35,16100
Worli,2BHK,4.0,1151,1,1,0,0,Semi-Furnished,20,0,43900
Borivali,Studio,2.4,241,0,0,0,0,Fully-Furnished,12,18,9700
Goregaon,Shared Room,5.0,178,1,1,0,0,Fully-Furnished,19,16,6700
Bandra,Shared Room,4.0,107,1,1,1,1,Semi-Furnished,20,37,10000
Andheri,2BHK,0.6,839,1,0,1,1,Unfurnished,4,28,33000
Borivali,PG,3.6,144,1,1,1,0,Fully-Furnished,8,30,6300
Borivali,Studio,4.6,403,0,1,1,1,Semi-Furnished,8,27,11300
Bandra,1BHK,0.8,441,0,1,0,0,Semi-Furnished,4,37,24100
Juhu,Shared Room,0.5,157,1,1,0,0,Semi-Furnished,10,15,11800
Bandra,1BHK,0.8,503,1,1,1,0,Semi-Furnished,2,14,30000
Thane,2BHK,4.6,870,1,1,0,0,Semi-Furnished,6,6,20400
Juhu,1BHK,2.7,455,1,1,0,0,Semi-Furnished,4,21,25600
Dadar,1BHK,2.3,447,1,1,0,0,Fully-Furnished,20,11,26200
Powai,Studio,3.9,259,1,1,0,1,Semi-Furnished,3,19,15300
Worli,PG,1.9,182,0,1,0,1,Unfurnished,6,1,13300
Juhu,PG,4.7,117,1,1,0,0,Fully-Furnished,0,26,9000
Juhu,1BHK,3.9,627,1,0,1,0,Fully-Furnished,12,0,29700
Worli,Studio,4.7,280,1,0,0,0,Unfurnished,9,40,13700
Powai,Shared Room,1.2,167,1,1,0,1,Semi-Furnished,2,25,8800
Powai,Studio,3.7,241,0,1,0,1,Fully-Furnished,18,0,22600
Dadar,Shared Room,2.9,124,1,1,1,0,Semi-Furnished,19,31,8300
Dadar,1BHK,4.8,645,0,0,1,0,Fully-Furnished,5,31,16600
Thane,PG,3.6,192,0,1,0,0,Unfurnished,20,25,6200
Malad,1BHK,0.9,511,1,1,1,1,Semi-Furnished,0,17,17900
Thane,PG,3.4,237,1,0,0,0,Semi-Furnished,12,33,5600
Malad,Studio,1.2,365,1,1,1,0,Fully-Furnished,7,18,13200
Malad,2BHK,2.9,665,1,1,0,0,Unfurnished,5,8,23700
Worli,2BHK,3.1,945,1,0,0,0,Fully-Furnished,2,13,44500
Bandra,Studio,1.6,231,1,0,0,0,Semi-Furnished,3,22,18100
Malad,1BHK,3.4,640,1,1,0,0,Semi-Furnished,3,8,14300
Borivali,PG,2.8,180,1,1,0,0,Unfurnished,17,3,7200
Thane,Studio,0.8,300,0,0,0,0,Semi-Furnished,0,24,9600
Powai,Studio,2.9,201,1,0,1,0,Semi-Furnished,20,19,17300
Powai,2BHK,1.6,1141,1,0,0,1,Semi-Furnished,20,6,41100
Thane,Studio,1.0,261,0,1,1,0,Fully-Furnished,18,35,11900
Powai,Shared Room,2.6,177,0,1,0,0,Unfurnished,10,16,6900
Juhu,Studio,0.8,381,1,0,0,0,Semi-Furnished,12,40,21800
Andheri,Shared Room,0.4,137,1,1,1,1,Unfurnished,4,27,8500
Powai,Shared Room,1.9,175,0,0,1,1,Fully-Furnished,2,11,8400
Borivali,1BHK,3.5,466,1,1,1,0,Semi-Furnished,16,11,14000
Powai,2BHK,3.4,766,1,1,0,1,Semi-Furnished,9,21,35800
Borivali,PG,0.9,225,0,1,1,1,Unfurnished,5,14,7300
Goregaon,2BHK,3.8,1048,1,0,0,1,Unfurnished,13,39,24500
Dadar,Shared Room,1.3,140,1,0,1,1,Semi-Furnished,2,28,7000
Powai,Studio,3.1,206,1,1,0,0,Semi-Furnished,19,1,16500
Andheri,1BHK,0.9,583,0,0,1,0,Unfurnished,16,5,22700
Powai,Studio,4.7,370,0,1,0,0,Fully-Furnished,14,28,16900
Powai,2BHK,2.6,878,1,0,1,1,Fully-Furnished,1,16,41200
Andheri,1BHK,3.4,605,1,1,0,1,Semi-Furnished,8,30,22400
Goregaon,1BHK,1.9,636,0,1,1,0,Fully-Furnished,20,6,22100
Juhu,Studio,2.9,408,1,1,0,1,Semi-Furnished,6,35,18300
Andheri,Shared Room,2.3,113,0,1,0,0,Semi-Furnished,19,16,8600
Dadar,Shared Room,2.9,189,1,0,0,1,Unfurnished,11,0,7700
Dadar,PG,2.7,215,1,0,0,0,Semi-Furnished,12,32,8400
Bandra,2BHK,4.8,711,0,1,1,0,Unfurnished,15,36,33000
Dadar,1BHK,0.9,450,1,1,0,0,Fully-Furnished,7,32,22600
Powai,1BHK,4.4,377,1,1,0,1,Semi-Furnished,17,17,21300
Goregaon,2BHK,0.4,648,1,0,0,0,Semi-Furnished,2,36,23800
Goregaon,1BHK,2.9,619,0,1,0,1,Unfurnished,8,25,12300
Dadar,Studio,3.6,407,0,0,0,0,Semi-Furnished,2,28,12400
Worli,Studio,4.5,210,1,0,1,0,Semi-Furnished,13,22,19800
Bandra,Studio,2.8,425,1,1,0,0,Fully-Furnished,9,14,22800
Dadar,PG,0.3,207,1,0,0,1,Fully-Furnished,1,21,10000
Bandra,Shared Room,0.6,132,1,1,0,1,Fully-Furnished,3,12,12000
Worli,2BHK,5.0,778,1,1,0,0,Semi-Furnished,17,6,41300
Bandra,Studio,0.6,266,1,1,0,0,Semi-Furnished,16,0,24300
Dadar,Shared Room,2.9,93,1,1,0,0,Semi-Furnished,0,24,6000
Thane,Studio,2.4,340,0,0,0,0,Fully-Furnished,12,6,10300
Juhu,2BHK,2.3,640,1,1,1,0,Fully-Furnished,9,32,44300
Worli,Studio,0.1,329,1,1,0,0,Unfurnished,5,17,20600
Powai,Shared Room,2.3,161,1,1,0,0,Fully-Furnished,18,40,8500
Thane,1BHK,2.4,406,1,1,0,1,Semi-Furnished,6,23,13700
Goregaon,1BHK,4.3,540,1,0,1,0,Semi-Furnished,14,36,13200
Powai,Shared Room,3.3,112,1,1,0,0,Fully-Furnished,5,17,9500
Borivali,1BHK,1.3,472,1,1,0,1,Fully-Furnished,16,7,21700
Borivali,Studio,1.4,296,0,1,1,1,Fully-Furnished,16,34,13500
Goregaon,Shared Room,1.7,88,0,1,0,0,Unfurnished,13,4,5700
Bandra,2BHK,4.6,664,1,0,1,0,Unfurnished,20,2,41900
Worli,Shared Room,4.7,146,0,1,1,0,Semi-Furnished,3,36,7500
Juhu,1BHK,1.7,404,1,0,1,1,Unfurnished,12,20,28100
Malad,Studio,1.4,376,0,1,0,0,Fully-Furnished,2,6,14000
Borivali,Studio,4.9,364,1,1,0,0,Semi-Furnished,15,1,12200
Juhu,2BHK,2.5,835,0,1,0,0,Unfurnished,18,25,31800
Malad,Shared Room,3.6,181,1,1,1,0,Unfurnished,9,15,5600
Malad,Studio,0.6,364,0,1,0,0,Fully-Furnished,10,21,13000
Thane,Shared Room,3.2,140,1,0,1,0,Fully-Furnished,17,25,4900
Malad,1BHK,2.6,363,1,0,0,0,Fully-Furnished,17,36,14700
Powai,2BHK,2.1,1164,1,0,0,1,Unfurnished,12,37,26900
Bandra,PG,3.4,183,1,1,1,0,Fully-Furnished,10,35,11500
Goregaon,PG,4.8,139,1,1,1,1,Fully-Furnished,8,21,9800
Andheri,PG,1.6,119,1,0,0,0,Semi-Furnished,0,35,7300
Thane,Studio,1.9,330,1,0,0,0,Fully-Furnished,16,21,11400
Bandra,Shared Room,3.8,168,1,0,0,0,Unfurnished,18,13,6500
Thane,Studio,1.9,234,0,1,0,0,Fully-Furnished,20,3,12500
Thane,Shared Room,0.2,143,1,0,0,1,Semi-Furnished,7,28,6100
Powai,Shared Room,4.4,122,1,1,1,0,Unfurnished,9,5,7400
Worli,Shared Room,2.1,103,0,0,0,0,Unfurnished,1,35,6700
Borivali,Shared Room,4.6,191,1,1,0,0,Unfurnished,8,13,5300
Goregaon,Shared Room,0.4,194,1,0,0,0,Fully-Furnished,9,37,6600
Borivali,PG,3.3,202,1,0,0,0,Unfurnished,19,16,6400
Thane,Shared Room,0.6,108,1,0,1,1,Semi-Furnished,13,15,7100
Malad,PG,2.1,162,0,0,0,0,Semi-Furnished,14,14,6700
Borivali,2BHK,3.7,1045,0,0,0,0,Semi-Furnished,20,12,26900
Goregaon,PG,3.5,159,1,1,0,0,Unfurnished,6,19,6700
Bandra,Studio,0.9,203,1,0,0,0,Fully-Furnished,4,37,19600
Goregaon,Shared Room,0.2,106,0,1,0,1,Fully-Furnished,12,16,8200
Juhu,PG,3.4,210,1,0,0,0,Unfurnished,0,15,10500
Juhu,Studio,0.9,333,1,1,0,0,Fully-Furnished,14,12,26100
Andheri,Studio,4.1,411,0,0,1,1,Fully-Furnished,6,8,15400
Andheri,PG,4.1,133,1,1,0,1,Unfurnished,7,40,8800
Malad,Studio,0.8,399,1,0,1,0,Unfurnished,11,40,10200
Andheri,2BHK,4.0,675,1,0,0,0,Fully-Furnished,1,11,34400
Borivali,Studio,3.3,260,1,1,1,0,Semi-Furnished,9,33,10900
Dadar,1BHK,1.5,621,1,0,0,0,Semi-Furnished,4,13,18100
Goregaon,2BHK,4.2,765,1,1,0,0,Unfurnished,14,30,23700
Borivali,PG,0.9,132,1,0,0,0,Fully-Furnished,13,35,6700
Juhu,Shared Room,1.0,111,1,0,0,0,Fully-Furnished,4,22,9100
Juhu,1BHK,3.6,533,0,1,0,0,Semi-Furnished,12,8,26900
Malad,PG,1.9,104,1,0,0,0,Semi-Furnished,16,31,6300
Worli,2BHK,3.3,1197,1,1,0,1,Unfurnished,7,26,40600
Bandra,PG,4.1,147,1,1,0,0,Semi-Furnished,2,6,9900
Goregaon,Shared Room,4.7,184,1,1,0,0,Fully-Furnished,1,39,4700
Thane,PG,3.0,202,1,0,1,1,Semi-Furnished,2,40,5800
Dadar,Shared Room,2.6,171,0,0,1,1,Unfurnished,17,15,8800
Powai,2BHK,3.8,769,1,0,0,1,Unfurnished,10,7,30800
Borivali,1BHK,4.4,576,1,1,0,0,Semi-Furnished,7,37,12500
Powai,2BHK,4.8,837,1,0,0,0,Fully-Furnished,18,33,33500
Borivali,1BHK,3.0,494,0,0,0,0,Semi-Furnished,13,26,11900
Goregaon,1BHK,1.8,417,0,1,0,0,Semi-Furnished,13,30,18600
Bandra,2BHK,2.9,922,1,0,0,1,Semi-Furnished,6,10,42000
Borivali,Shared Room,3.4,140,1,0,0,0,Unfurnished,14,2,4900
Juhu,PG,3.1,143,0,0,0,0,Unfurnished,10,2,10200
Juhu,Studio,3.5,363,1,1,0,0,Semi-Furnished,20,24,17800
Bandra,PG,1.2,136,0,0,0,0,Fully-Furnished,16,15,12900
Dadar,1BHK,0.8,439,1,0,1,0,Semi-Furnished,2,9,22000
Borivali,1BHK,2.5,615,1,1,0,1,Unfurnished,1,18,16200
Thane,1BHK,0.8,437,1,1,1,0,Semi-Furnished,19,0,17800
Thane,1BHK,2.3,473,0,1,1,1,Semi-Furnished,4,24,15200
Worli,Shared Room,3.5,110,1,0,0,0,Fully-Furnished,5,4,7600
Borivali,Shared Room,2.8,119,1,1,1,0,Semi-Furnished,12,35,5400
Borivali,Studio,2.5,364,1,0,1,0,Fully-Furnished,14,19,12200
Borivali,2BHK,2.4,898,1,1,0,0,Fully-Furnished,0,8,22400
Borivali,PG,2.1,112,1,0,1,1,Unfurnished,9,36,6400
Malad,PG,2.5,146,1,1,0,0,Semi-Furnished,20,14,8000
Goregaon,1BHK,1.9,468,1,0,1,0,Fully-Furnished,13,28,19300
Bandra,1BHK,3.5,621,1,1,0,1,Fully-Furnished,18,16,29000
Thane,Shared Room,2.2,88,0,0,1,0,Semi-Furnished,5,17,4400
Powai,Studio,3.2,247,1,1,0,0,Fully-Furnished,8,3,19600
Bandra,Shared Room,0.2,153,1,1,0,0,Unfurnished,4,18,7900
Malad,PG,2.4,234,1,1,0,0,Fully-Furnished,3,12,7200
Borivali,2BHK,3.6,1080,0,1,1,1,Unfurnished,6,2,22600
Malad,Shared Room,0.3,98,1,1,1,0,Fully-Furnished,14,26,6000
Borivali,2BHK,0.8,797,1,0,0,1,Fully-Furnished,10,9,30500
Malad,Studio,3.7,290,1,0,0,0,Fully-Furnished,14,28,11100
Worli,2BHK,1.1,603,0,1,0,0,Unfurnished,2,33,34800
Bandra,2BHK,4.1,787,1,0,1,0,Fully-Furnished,3,17,41000
Malad,PG,1.0,118,1,1,0,0,Unfurnished,10,6,6500
Powai,2BHK,0.6,755,1,1,1,0,Fully-Furnished,10,33,39800
Dadar,Shared Room,2.0,86,0,1,0,0,Unfurnished,15,36,5500
Bandra,2BHK,4.1,1140,1,1,0,0,Semi-Furnished,19,5,42500
Powai,2BHK,0.6,827,1,1,0,1,Fully-Furnished,6,18,42900
Goregaon,PG,5.0,215,0,1,0,0,Fully-Furnished,5,19,7500
Malad,1BHK,2.8,430,1,0,1,0,Fully-Furnished,2,38,13700
Andheri,2BHK,1.3,654,1,0,0,0,Semi-Furnished,19,33,32300
Worli,Shared Room,2.2,121,1,0,1,0,Fully-Furnished,0,20,8700
Thane,Shared Room,3.8,180,1,1,0,0,Semi-Furnished,5,15,4900
Juhu,Studio,2.1,208,1,1,1,0,Unfurnished,7,10,20200
Powai,PG,1.7,148,1,0,1,1,Unfurnished,7,40,9900
Juhu,1BHK,2.0,372,0,0,1,0,Unfurnished,13,0,29800
Andheri,1BHK,1.6,408,1,0,1,0,Unfurnished,16,19,21900
Goregaon,2BHK,4.9,1065,1,0,1,0,Unfurnished,17,13,20800
Malad,PG,2.9,199,0,1,1,0,Unfurnished,7,35,6100
Worli,PG,1.3,219,1,0,1,1,Unfurnished,9,3,13700
Borivali,2BHK,0.7,1167,0,1,0,0,Fully-Furnished,19,25,26700
Worli,Shared Room,4.4,172,1,0,0,0,Semi-Furnished,7,10,7400
Juhu,2BHK,0.5,814,1,0,0,0,Fully-Furnished,14,35,46500
Malad,Studio,0.4,271,1,1,1,0,Fully-Furnished,9,32,14000
Dadar,Studio,3.9,280,0,1,0,0,Unfurnished,19,13,14200
Bandra,1BHK,1.2,498,0,1,1,1,Fully-Furnished,13,10,31600
Thane,Studio,1.3,275,1,0,0,0,Fully-Furnished,0,20,9600
Bandra,Studio,2.4,252,1,0,0,0,Semi-Furnished,9,17,20300
Bandra,2BHK,2.2,849,0,1,0,0,Semi-Furnished,9,12,46800
Worli,Studio,3.7,332,1,1,1,0,Unfurnished,1,32,18800
Powai,2BHK,3.9,1002,1,1,1,1,Unfurnished,6,6,40200
Goregaon,Shared Room,1.5,101,1,0,1,1,Fully-Furnished,2,1,8700
Andheri,2BHK,5.0,1042,1,0,0,1,Unfurnished,10,19,25500
Thane,Studio,2.0,237,1,0,0,1,Fully-Furnished,6,7,10700
Malad,PG,1.6,133,1,0,0,1,Unfurnished,5,11,7400
Malad,Studio,3.1,375,1,0,0,0,Fully-Furnished,13,4,12200
Juhu,Studio,2.2,235,0,1,0,0,Semi-Furnished,15,13,18200
Malad,1BHK,4.1,578,0,0,1,1,Unfurnished,19,19,16000
Juhu,1BHK,3.4,623,1,1,1,1,Fully-Furnished,20,29,32700
Worli,Shared Room,3.1,137,0,1,0,0,Semi-Furnished,17,27,8100
Thane,PG,1.5,155,1,1,0,0,Fully-Furnished,11,18,7600
Dadar,PG,3.0,191,1,0,0,0,Semi-Furnished,10,33,8400
Borivali,PG,1.1,237,0,1,0,1,Unfurnished,17,24,7700
Andheri,1BHK,2.7,434,1,1,0,0,Fully-Furnished,9,8,26200
Thane,Studio,2.3,435,0,1,0,0,Semi-Furnished,5,29,9400
Dadar,2BHK,0.6,849,0,1,0,0,Fully-Furnished,3,5,42800
Bandra,Shared Room,1.5,123,1,1,0,0,Fully-Furnished,16,2,10300
Powai,Shared Room,4.3,84,1,1,0,0,Semi-Furnished,4,11,6300
Andheri,1BHK,0.7,458,1,1,0,1,Unfurnished,3,3,25700
Thane,2BHK,0.8,817,1,1,0,0,Fully-Furnished,17,11,26200
Powai,PG,4.3,169,0,1,0,0,Unfurnished,2,19,8200
Goregaon,Shared Room,0.9,86,1,1,1,0,Unfurnished,3,23,5600
Dadar,2BHK,4.6,1115,0,0,0,0,Semi-Furnished,9,24,27900
Powai,Shared Room,2.0,133,1,1,1,1,Unfurnished,19,7,11600
Dadar,PG,0.7,130,1,1,0,0,Semi-Furnished,2,38,9000
Goregaon,2BHK,1.6,1072,1,1,1,1,Semi-Furnished,15,13,29800
Thane,Shared Room,0.4,151,0,0,0,1,Semi-Furnished,8,5,6000
Dadar,1BHK,2.5,369,1,1,0,0,Unfurnished,12,40,16800
Goregaon,PG,0.9,203,0,0,1,0,Semi-Furnished,6,14,7500
Juhu,PG,1.5,119,1,1,0,1,Semi-Furnished,20,37,12500
Juhu,1BHK,3.8,542,1,0,1,0,Semi-Furnished,10,14,21800
Juhu,PG,3.3,243,1,1,1,0,Semi-Furnished,13,9,13300
Goregaon,2BHK,4.5,864,1,0,1,0,Fully-Furnished,15,0,27500
Powai,Shared Room,4.7,153,0,0,0,0,Unfurnished,12,13,5600
Thane,2BHK,1.8,824,0,0,0,0,Fully-Furnished,19,24,20400
Malad,Studio,2.1,323,0,0,0,0,Fully-Furnished,15,25,11300
Powai,Studio,2.0,239,0,1,0,0,Fully-Furnished,16,0,23400
Worli,Studio,1.4,351,0,1,1,1,Unfurnished,12,12,21100
Powai,2BHK,3.6,660,1,0,0,1,Unfurnished,11,8,30300
Goregaon,Shared Room,4.4,179,1,0,1,0,Unfurnished,18,37,6100
Worli,Shared Room,3.6,177,1,1,1,1,Semi-Furnished,8,27,8900
Goregaon,PG,2.7,246,1,0,0,1,Fully-Furnished,15,13,8600
Borivali,Shared Room,1.9,94,1,1,1,0,Unfurnished,3,11,5600
Goregaon,2BHK,2.7,905,1,0,0,0,Unfurnished,19,37,23900
Worli,2BHK,4.4,797,1,0,0,0,Fully-Furnished,15,22,41000
Powai,PG,2.8,138,1,0,1,0,Fully-Furnished,6,18,11600
Goregaon,Studio,4.8,252,1,0,0,1,Semi-Furnished,10,12,11700
Borivali,1BHK,2.3,450,1,1,1,1,Fully-Furnished,13,21,18500
Juhu,2BHK,4.5,933,1,1,0,0,Unfurnished,16,40,36100
Andheri,PG,2.6,124,1,0,0,0,Unfurnished,19,9,8200
Thane,Studio,4.1,359,1,1,1,0,Fully-Furnished,19,25,12500
Malad,PG,0.1,118,1,1,0,0,Unfurnished,17,36,6900
Powai,2BHK,1.2,1122,1,0,0,0,Fully-Furnished,15,35,42200
Thane,1BHK,1.9,555,1,0,0,1,Fully-Furnished,17,37,13700
Dadar,PG,2.4,222,1,0,1,0,Semi-Furnished,1,36,7900
Dadar,1BHK,3.4,434,1,1,1,0,Unfurnished,9,19,19300
Andheri,1BHK,3.1,452,1,0,0,0,Fully-Furnished,20,33,20100
Worli,1BHK,1.1,623,1,0,0,0,Semi-Furnished,8,30,28400
Dadar,Shared Room,2.1,162,1,0,0,0,Unfurnished,7,32,5200
Bandra,Shared Room,3.8,194,1,0,1,0,Semi-Furnished,16,18,8400
Malad,Shared Room,0.4,151,1,1,0,0,Semi-Furnished,12,11,7300
Worli,PG,0.3,238,1,0,0,0,Fully-Furnished,3,6,13400
Thane,1BHK,4.4,514,0,1,1,1,Fully-Furnished,8,13,14200
Worli,Shared Room,1.0,134,1,1,1,0,Fully-Furnished,7,12,11500
Malad,Shared Room,1.3,118,0,0,0,1,Semi-Furnished,7,28,5400
Worli,Studio,3.2,379,1,1,1,1,Semi-Furnished,4,34,19200
Thane,2BHK,3.7,763,0,1,1,1,Semi-Furnished,0,9,20400
Worli,Shared Room,3.2,142,0,0,0,0,Semi-Furnished,11,38,6700
Goregaon,PG,4.9,236,1,0,1,1,Semi-Furnished,18,8,9500
Powai,Shared Room,4.6,115,1,1,0,1,Unfurnished,4,4,8000
Thane,Shared Room,3.4,139,1,1,0,1,Semi-Furnished,15,36,5700
Borivali,1BHK,1.8,527,0,1,0,0,Unfurnished,19,4,16000
Malad,Studio,0.3,239,1,1,0,1,Fully-Furnished,16,5,15000
Powai,PG,3.5,118,0,1,0,0,Unfurnished,2,22,7900
Thane,Studio,1.4,372,1,0,1,1,Fully-Furnished,14,27,13100
Bandra,PG,5.0,172,1,0,1,0,Unfurnished,18,37,8700
Borivali,PG,0.4,237,1,0,0,0,Semi-Furnished,7,5,8100
Dadar,2BHK,1.7,862,1,1,1,0,Unfurnished,19,16,34200
Malad,1BHK,0.5,423,1,1,0,1,Unfurnished,8,5,16000
Goregaon,Studio,1.6,431,1,1,0,0,Fully-Furnished,15,14,17500
Bandra,Studio,2.4,427,1,0,1,0,Semi-Furnished,3,17,20600
Dadar,Studio,4.5,314,1,0,0,0,Fully-Furnished,8,25,14600
Worli,Shared Room,0.5,80,1,1,0,1,Semi-Furnished,6,30,9800
Andheri,1BHK,0.4,495,1,1,1,1,Fully-Furnished,10,4,26600
Borivali,Studio,4.9,353,1,1,0,1,Fully-Furnished,14,2,12200
Andheri,PG,2.6,167,0,1,0,0,Semi-Furnished,6,6,8900
Dadar,2BHK,0.2,707,1,1,0,1,Semi-Furnished,20,14,35900
Worli,Studio,0.8,322,1,0,0,1,Unfurnished,1,4,19300
Dadar,1BHK,4.4,560,0,0,0,1,Unfurnished,15,10,15700
Juhu,Shared Room,4.9,183,0,1,0,0,Fully-Furnished,20,27,9400
Powai,2BHK,1.3,671,1,1,1,1,Semi-Furnished,0,22,34800
Worli,Shared Room,0.2,128,1,0,0,0,Fully-Furnished,8,2,10500
Bandra,Shared Room,4.1,83,1,0,1,1,Semi-Furnished,8,25,8400
Powai,Shared Room,4.1,135,1,1,1,0,Semi-Furnished,13,38,7200
Powai,PG,4.8,241,1,1,1,0,Semi-Furnished,10,20,11400
Worli,PG,0.6,153,1,0,0,1,Semi-Furnished,10,33,13800
Worli,2BHK,3.6,1183,1,1,1,0,Unfurnished,12,20,41600
Malad,Shared Room,2.4,188,1,1,0,1,Unfurnished,4,13,6300
Juhu,1BHK,1.9,614,1,1,1,1,Unfurnished,8,12,31700
Powai,2BHK,3.6,768,1,1,1,0,Unfurnished,10,10,32700
Andheri,1BHK,3.1,533,0,1,1,0,Fully-Furnished,8,29,21000
Dadar,2BHK,4.9,949,1,0,0,0,Semi-Furnished,8,6,28700
Dadar,1BHK,4.6,354,1,1,1,0,Unfurnished,15,39,17000
Powai,Studio,2.8,346,1,0,0,0,Semi-Furnished,6,9,15100
Malad,PG,0.8,210,1,1,0,0,Fully-Furnished,20,33,8400
Bandra,Shared Room,1.7,186,1,0,1,1,Fully-Furnished,8,40,9700
Malad,PG,3.8,196,0,1,0,1,Unfurnished,2,28,6100
Bandra,2BHK,2.4,651,1,1,0,0,Unfurnished,4,35,33200
Worli,Shared Room,2.7,167,1,0,1,0,Fully-Furnished,18,33,9300
Borivali,Studio,1.6,260,1,0,0,0,Semi-Furnished,8,30,11100
Andheri,Studio,1.1,237,0,1,0,1,Fully-Furnished,13,30,18300
Dadar,Studio,2.5,289,1,1,0,0,Fully-Furnished,15,27,15700
Malad,PG,4.8,134,1,0,1,0,Unfurnished,1,39,5100
Thane,PG,3.4,104,1,0,0,0,Fully-Furnished,6,4,5900
Malad,1BHK,0.2,459,0,1,1,1,Unfurnished,18,31,19500
Bandra,2BHK,4.9,1116,1,0,1,0,Semi-Furnished,20,21,37500
Malad,PG,0.6,200,0,0,0,0,Fully-Furnished,3,39,6900
Powai,Studio,0.2,303,1,1,0,0,Semi-Furnished,1,23,19100
Worli,1BHK,1.9,578,1,1,1,1,Fully-Furnished,9,22,31900
Juhu,Studio,0.3,444,1,1,0,1,Unfurnished,9,25,21600
Goregaon,Studio,3.1,382,1,0,0,0,Fully-Furnished,10,27,14000
Bandra,2BHK,0.7,1145,0,0,0,0,Unfurnished,16,24,43100
Bandra,1BHK,1.3,620,1,0,1,0,Unfurnished,8,31,20600
Juhu,2BHK,3.1,964,1,1,0,1,Semi-Furnished,13,17,41800
Juhu,PG,3.2,127,1,1,1,0,Unfurnished,4,39,11700
Thane,Shared Room,3.1,86,1,0,0,0,Fully-Furnished,15,13,5100
Worli,Studio,2.9,431,0,1,1,0,Semi-Furnished,20,38,19800
Worli,1BHK,4.3,587,1,1,1,1,Unfurnished,2,38,22300
Malad,PG,4.2,201,1,0,0,0,Semi-Furnished,5,4,6800
Juhu,2BHK,3.2,1180,1,0,1,1,Semi-Furnished,14,30,41900
Malad,1BHK,0.2,634,0,1,0,0,Unfurnished,16,3,18800
Borivali,1BHK,4.8,575,1,1,1,0,Fully-Furnished,9,32,15300
Andheri,2BHK,1.2,1027,0,1,1,1,Semi-Furnished,3,22,34400
Juhu,Studio,3.1,319,1,0,1,0,Semi-Furnished,12,14,18900
Worli,Shared Room,1.1,196,1,0,1,0,Unfurnished,17,39,8900
Goregaon,Studio,4.3,390,1,1,0,0,Unfurnished,17,24,10800
Borivali,2BHK,2.3,912,1,1,1,0,Unfurnished,6,36,21200
Worli,Studio,2.2,443,0,1,0,1,Unfurnished,15,3,22400
Thane,Shared Room,2.1,83,1,0,0,0,Unfurnished,8,35,4100
Bandra,1BHK,1.5,492,0,0,1,0,Fully-Furnished,0,24,29500
Andheri,Studio,2.8,424,0,1,0,0,Unfurnished,17,0,16400
Dadar,Shared Room,4.9,157,1,0,1,0,Fully-Furnished,12,12,7200
Andheri,PG,2.7,163,1,0,1,0,Fully-Furnished,3,22,9500
Powai,1BHK,4.1,384,0,1,0,1,Semi-Furnished,20,21,23500
Malad,PG,3.0,164,1,0,1,1,Fully-Furnished,1,25,9000
Dadar,2BHK,4.1,810,0,1,0,0,Fully-Furnished,19,10,37200
Dadar,1BHK,3.3,604,0,1,0,1,Unfurnished,0,16,18800
Dadar,Shared Room,4.4,86,1,0,0,1,Unfurnished,17,19,7400
Thane,Studio,4.0,375,0,0,1,1,Unfurnished,11,29,9300
Malad,Shared Room,0.6,114,0,0,0,0,Semi-Furnished,19,33,5500
Worli,Studio,2.7,447,1,1,0,1,Fully-Furnished,9,23,20300
Malad,Shared Room,4.1,120,0,0,0,0,Semi-Furnished,6,3,4400
Andheri,Shared Room,4.8,131,1,0,1,0,Unfurnished,6,24,5900
Juhu,Shared Room,3.7,88,1,1,1,0,Fully-Furnished,4,38,8400
Goregaon,2BHK,1.0,745,1,0,0,1,Semi-Furnished,2,26,29500
Borivali,PG,2.6,118,0,0,0,0,Fully-Furnished,12,22,6000
Borivali,2BHK,1.5,1029,0,1,0,0,Fully-Furnished,14,8,28400
Malad,2BHK,3.1,834,1,1,1,0,Unfurnished,15,35,22400
Juhu,PG,2.1,200,1,1,0,0,Unfurnished,13,36,10800
Andheri,1BHK,2.2,421,1,0,0,0,Semi-Furnished,19,17,19200
Borivali,Studio,0.7,246,1,0,0,1,Semi-Furnished,7,11,13100
Powai,Shared Room,1.5,190,0,1,0,0,Unfurnished,9,31,6500
Powai,Shared Room,3.1,132,1,1,0,1,Semi-Furnished,19,1,10800
Malad,2BHK,2.6,1176,1,0,1,1,Fully-Furnished,19,31,31300
Bandra,1BHK,4.8,431,0,1,0,0,Unfurnished,6,34,20700
Worli,2BHK,1.9,733,0,1,0,0,Semi-Furnished,16,29,42900
Bandra,Studio,4.9,443,1,0,0,0,Semi-Furnished,10,1,17500
Andheri,PG,4.0,135,1,0,0,1,Semi-Furnished,9,19,8000
Thane,Shared Room,1.9,95,1,0,0,0,Unfurnished,19,18,4900
Worli,Shared Room,2.9,192,0,1,1,1,Semi-Furnished,14,40,8700
Worli,Studio,1.7,404,1,1,0,0,Fully-Furnished,15,32,22000
Thane,PG,4.3,189,1,0,0,0,Semi-Furnished,19,21,5800
Borivali,PG,0.4,178,1,1,1,0,Semi-Furnished,11,15,8500
Bandra,2BHK,4.5,790,0,0,0,1,Semi-Furnished,8,0,40200
Worli,Shared Room,4.8,140,1,0,1,0,Unfurnished,18,37,7700
Powai,1BHK,1.1,401,1,0,0,1,Fully-Furnished,17,26,24900
Thane,Studio,1.5,354,1,0,0,0,Semi-Furnished,2,29,8400
Malad,2BHK,2.5,1018,1,1,0,0,Unfurnished,9,26,22200
Malad,2BHK,2.5,734,1,0,0,0,Semi-Furnished,20,22,20300
Andheri,PG,4.5,151,0,0,0,1,Unfurnished,15,12,8600
Juhu,Studio,1.4,257,1,1,1,0,Fully-Furnished,14,34,24300
Malad,Shared Room,2.6,171,1,1,0,0,Unfurnished,4,15,4900
Powai,Shared Room,4.6,86,1,0,0,1,Unfurnished,14,21,6900
Thane,Shared Room,1.2,141,1,1,0,0,Unfurnished,20,14,5800
Worli,Shared Room,1.0,178,1,0,0,0,Unfurnished,12,30,7600
Andheri,2BHK,0.3,968,1,1,1,0,Unfurnished,15,4,37900
Thane,Studio,2.7,404,1,0,0,0,Fully-Furnished,17,12,12500
Juhu,1BHK,1.9,587,1,1,0,0,Unfurnished,13,8,31000
Goregaon,Studio,4.1,321,0,0,1,1,Fully-Furnished,18,21,13600
Andheri,PG,0.7,123,0,0,1,0,Fully-Furnished,13,37,11100
Dadar,2BHK,4.2,621,0,0,0,0,Fully-Furnished,7,20,28500
Andheri,2BHK,2.1,862,0,1,1,1,Fully-Furnished,0,2,43100
Thane,Studio,1.9,385,0,1,1,0,Unfurnished,9,32,11000
Thane,Studio,2.0,309,1,1,1,0,Semi-Furnished,4,21,8900
Thane,Shared Room,4.6,100,1,0,0,1,Unfurnished,16,20,5700
Andheri,1BHK,2.2,389,0,1,0,0,Fully-Furnished,16,22,22200
Borivali,PG,1.6,239,1,1,1,1,Fully-Furnished,10,23,11100
Dadar,2BHK,1.1,621,0,1,0,0,Unfurnished,4,21,26200
Powai,Shared Room,0.7,175,1,1,0,1,Unfurnished,0,20,8900
Andheri,1BHK,4.9,537,1,1,0,1,Semi-Furnished,20,30,21100
Malad,Shared Room,2.7,174,1,0,0,0,Semi-Furnished,18,24,5100
Dadar,2BHK,2.2,728,1,0,0,0,Unfurnished,12,17,27700
Goregaon,1BHK,1.7,447,1,0,1,0,Unfurnished,16,27,19000
Thane,1BHK,2.3,416,0,0,1,1,Unfurnished,4,15,13500
Goregaon,Shared Room,4.3,123,1,0,1,1,Semi-Furnished,8,39,5500
Andheri,2BHK,1.0,1157,1,1,1,0,Semi-Furnished,20,19,37700
Borivali,PG,1.6,134,1,0,1,0,Fully-Furnished,6,37,6700
Juhu,1BHK,3.3,632,0,0,0,0,Fully-Furnished,5,17,30700
Malad,Shared Room,4.9,194,1,1,1,1,Unfurnished,12,15,7500
Malad,2BHK,3.4,1069,1,1,0,0,Unfurnished,16,31,23600
Goregaon,2BHK,3.0,716,0,0,0,1,Fully-Furnished,12,13,28500
Andheri,Shared Room,3.3,171,1,0,0,0,Unfurnished,12,22,5500
Worli,2BHK,2.2,980,1,0,0,0,Unfurnished,12,40,38800
Worli,Shared Room,4.0,131,1,0,0,0,Unfurnished,5,34,5600
Thane,Studio,3.7,202,1,0,0,0,Semi-Furnished,3,12,9400
Juhu,2BHK,1.9,858,1,0,0,0,Fully-Furnished,2,15,49100
Malad,Studio,1.4,305,1,1,1,0,Fully-Furnished,14,37,13700
Bandra,Studio,2.2,389,1,1,0,1,Fully-Furnished,7,25,22600
Dadar,Studio,2.5,204,1,1,0,0,Unfurnished,4,0,15600
Powai,PG,2.4,144,1,0,1,1,Semi-Furnished,5,15,9900
Worli,PG,0.3,126,1,1,0,1,Fully-Furnished,15,38,14900
Goregaon,Studio,3.5,273,1,0,1,0,Unfurnished,12,4,11500
Dadar,2BHK,0.5,725,1,1,0,0,Fully-Furnished,2,34,36700
Bandra,Studio,3.8,420,1,1,0,0,Semi-Furnished,13,38,13900
Powai,2BHK,1.5,1004,0,0,1,0,Unfurnished,6,23,37800
Juhu,2BHK,0.9,883,0,0,0,0,Unfurnished,15,36,39500
Worli,PG,3.7,249,0,1,0,0,Unfurnished,3,15,10200
Borivali,2BHK,2.9,623,0,1,0,1,Semi-Furnished,16,35,19600
Worli,Studio,0.8,316,1,1,1,0,Fully-Furnished,7,39,24200
Borivali,Studio,4.4,367,1,0,0,0,Fully-Furnished,4,4,10300
Thane,Studio,3.9,429,0,0,0,0,Fully-Furnished,7,16,9000
Malad,Shared Room,3.2,168,0,0,0,0,Unfurnished,10,21,4200
Malad,Shared Room,4.6,123,0,0,0,0,Semi-Furnished,18,8,4900
Malad,1BHK,2.4,472,1,1,0,0,Semi-Furnished,5,0,16200
Andheri,Shared Room,4.2,188,1,1,0,1,Semi-Furnished,10,19,7500
Bandra,PG,2.9,192,0,1,0,1,Unfurnished,14,3,9600
Malad,Studio,0.8,326,0,1,0,0,Unfurnished,0,16,9400
Andheri,PG,4.3,136,0,0,1,0,Unfurnished,12,13,7700
Borivali,PG,1.1,124,1,1,1,1,Unfurnished,18,14,8900
Juhu,1BHK,2.9,452,1,1,1,0,Unfurnished,0,18,25200
Borivali,2BHK,1.4,711,1,1,0,0,Fully-Furnished,13,34,22400
Malad,PG,3.1,201,1,0,0,1,Semi-Furnished,0,35,7800
Bandra,1BHK,2.6,610,0,0,0,1,Semi-Furnished,17,1,27800
Borivali,Studio,0.7,363,1,0,1,0,Semi-Furnished,14,1,12400
Borivali,1BHK,1.0,398,0,0,0,0,Unfurnished,11,29,13100
Malad,1BHK,1.8,585,1,0,0,0,Unfurnished,4,37,13900
Borivali,2BHK,0.5,669,1,0,1,0,Semi-Furnished,9,11,22800
Goregaon,Studio,4.7,354,0,1,0,1,Unfurnished,19,9,13800
Juhu,Shared Room,1.9,183,1,1,1,0,Unfurnished,20,8,9200
Worli,PG,1.5,171,1,1,1,0,Fully-Furnished,18,17,14300
Juhu,1BHK,1.4,595,1,0,1,0,Semi-Furnished,6,5,31100
Malad,Shared Room,4.2,132,1,0,0,0,Unfurnished,12,14,5300
Andheri,Studio,0.7,367,1,1,1,1,Unfurnished,15,32,15400
Thane,PG,3.1,162,1,0,0,0,Fully-Furnished,11,21,6200
Powai,Studio,2.7,272,0,1,1,0,Unfurnished,15,14,15600
Thane,2BHK,3.0,716,1,1,1,0,Semi-Furnished,14,40,19600
Bandra,PG,0.8,161,1,0,0,0,Unfurnished,6,22,11600
Juhu,2BHK,1.1,1022,0,0,1,0,Unfurnished,20,30,44500
Juhu,1BHK,3.5,392,1,0,0,1,Semi-Furnished,19,34,25000
Worli,1BHK,0.2,509,0,1,0,1,Unfurnished,18,9,28600
Juhu,PG,2.5,208,1,0,0,0,Fully-Furnished,4,10,12500
Malad,Shared Room,2.9,90,1,1,0,0,Fully-Furnished,8,15,5500
Malad,1BHK,2.3,487,1,1,0,1,Fully-Furnished,19,29,17500
Juhu,2BHK,0.2,881,0,1,1,0,Unfurnished,12,20,46100
Thane,Shared Room,2.7,145,1,1,1,0,Unfurnished,7,34,4600
Juhu,Shared Room,1.4,124,1,0,0,0,Fully-Furnished,1,6,10300
Malad,Shared Room,4.5,111,1,0,0,0,Unfurnished,12,12,4200
Worli,PG,1.7,159,1,1,1,0,Fully-Furnished,9,28,13300
Goregaon,Studio,4.0,378,0,0,0,0,Semi-Furnished,13,7,13100
Worli,1BHK,1.2,441,0,0,0,0,Fully-Furnished,17,27,26800
Malad,Studio,2.5,402,1,1,0,0,Semi-Furnished,8,38,12700
Juhu,1BHK,1.2,627,1,0,1,1,Unfurnished,18,9,30200
Powai,1BHK,3.7,569,1,0,0,0,Semi-Furnished,17,10,22400
Juhu,PG,0.7,137,0,1,0,0,Semi-Furnished,17,19,12500
Andheri,Studio,0.3,234,1,0,1,0,Fully-Furnished,16,14,18400
Dadar,1BHK,2.9,476,1,0,0,1,Fully-Furnished,19,8,23900
Goregaon,Studio,4.8,224,0,1,1,0,Unfurnished,10,28,9100
Malad,Studio,3.3,444,1,1,1,0,Fully-Furnished,2,18,12300
Powai,Shared Room,0.4,147,0,1,1,1,Unfurnished,0,38,7400
Worli,1BHK,1.2,541,0,0,1,1,Fully-Furnished,18,29,34000
Powai,1BHK,0.6,587,1,1,0,0,Fully-Furnished,13,29,28200
Juhu,1BHK,3.1,417,1,0,0,0,Semi-Furnished,11,32,25400
Powai,PG,3.6,114,1,1,0,0,Fully-Furnished,7,33,10200
Juhu,Shared Room,3.1,129,1,0,1,1,Unfurnished,2,27,9100
Bandra,PG,2.6,245,0,1,0,0,Unfurnished,20,17,11300
Powai,Shared Room,4.0,99,1,1,1,0,Unfurnished,5,28,5600
Thane,Studio,4.2,449,0,1,1,0,Fully-Furnished,3,4,10500
Borivali,PG,1.4,158,1,1,0,1,Unfurnished,18,32,8700
Goregaon,2BHK,3.0,651,0,0,0,0,Semi-Furnished,5,2,25000
Goregaon,Shared Room,4.8,165,1,0,0,0,Unfurnished,9,9,5200
Dadar,PG,2.1,173,1,1,0,0,Fully-Furnished,0,33,9700
Dadar,Shared Room,4.0,118,1,1,1,0,Fully-Furnished,17,26,8300
Worli,2BHK,2.9,849,1,1,0,0,Unfurnished,2,6,40200
Worli,2BHK,0.6,720,0,1,0,1,Semi-Furnished,10,11,52900
Juhu,PG,0.2,238,0,1,1,1,Fully-Furnished,12,22,17100
Worli,1BHK,0.4,634,1,0,0,0,Unfurnished,7,39,23600
Dadar,2BHK,1.4,679,1,0,1,1,Unfurnished,13,17,32300
Dadar,Studio,4.5,443,1,0,0,0,Unfurnished,9,16,11500
Powai,Studio,3.6,382,1,1,0,1,Fully-Furnished,12,19,17800
Bandra,PG,4.1,171,0,0,0,0,Fully-Furnished,16,37,8100
Bandra,PG,2.5,131,1,0,0,1,Unfurnished,17,16,12100
Powai,1BHK,4.6,377,1,1,0,0,Fully-Furnished,16,30,22500
Worli,Shared Room,1.3,199,1,0,0,0,Fully-Furnished,8,14,9700
Dadar,2BHK,2.2,943,0,0,0,0,Fully-Furnished,11,23,37100
Goregaon,PG,1.1,144,1,1,1,0,Unfurnished,10,37,8100
Bandra,Studio,2.1,279,1,0,1,0,Fully-Furnished,2,40,17900
Juhu,PG,2.6,114,0,0,0,0,Unfurnished,12,14,10700
Thane,PG,4.5,150,1,0,1,1,Fully-Furnished,13,27,7200
Worli,Shared Room,4.3,193,1,0,0,0,Semi-Furnished,4,2,7500
Dadar,Studio,2.2,204,1,0,1,0,Unfurnished,13,36,12500
Andheri,PG,3.8,154,1,1,0,0,Semi-Furnished,1,13,7200
Malad,2BHK,3.2,1159,0,0,1,1,Unfurnished,3,36,20200
Andheri,Studio,0.2,311,0,0,0,1,Unfurnished,17,22,15400
Bandra,Studio,3.5,431,0,1,1,0,Semi-Furnished,16,24,14800
Worli,PG,4.3,177,1,1,0,0,Semi-Furnished,1,32,9900
Bandra,Shared Room,2.6,167,1,1,0,0,Unfurnished,12,4,7900
Worli,2BHK,2.4,634,0,1,1,0,Unfurnished,4,32,33300
Bandra,2BHK,3.9,1042,0,1,0,0,Fully-Furnished,5,5,44200
Andheri,Studio,2.3,266,1,0,0,0,Unfurnished,13,10,14000
Borivali,2BHK,0.8,717,1,0,1,0,Fully-Furnished,20,36,26700
Worli,Shared Room,4.1,89,0,0,0,0,Unfurnished,2,8,4900
Malad,Shared Room,4.1,141,1,1,1,1,Unfurnished,2,27,6200
Andheri,1BHK,4.2,405,0,0,1,1,Fully-Furnished,6,21,17300
Dadar,1BHK,0.4,420,1,0,1,1,Fully-Furnished,1,25,23500
Powai,2BHK,1.7,965,1,0,1,0,Semi-Furnished,18,15,38300
Malad,Shared Room,4.2,166,1,0,0,0,Unfurnished,12,15,4300
Borivali,2BHK,3.6,715,0,1,0,0,Unfurnished,10,16,19200
Juhu,PG,2.7,118,0,1,1,1,Semi-Furnished,5,15,14400
Worli,2BHK,1.6,640,1,0,1,1,Unfurnished,6,36,39100
Powai,2BHK,2.6,973,1,1,1,0,Unfurnished,10,12,37000
Dadar,2BHK,3.5,809,1,0,0,1,Fully-Furnished,19,6,30600
Powai,2BHK,4.1,1098,1,0,1,0,Unfurnished,9,17,33200
Bandra,2BHK,0.8,853,1,1,1,0,Fully-Furnished,2,20,54000
Dadar,2BHK,1.8,1035,1,0,0,0,Fully-Furnished,2,15,33700
Worli,Studio,2.5,339,0,1,0,0,Fully-Furnished,16,3,22800
Goregaon,Studio,4.9,372,0,1,1,0,Semi-Furnished,14,13,14600
Andheri,Studio,4.4,229,1,1,1,0,Fully-Furnished,11,5,20100
Andheri,2BHK,3.7,612,1,0,0,0,Semi-Furnished,1,10,30000
Goregaon,Studio,4.3,219,1,0,0,1,Unfurnished,12,21,11300
Andheri,PG,1.8,105,1,0,0,0,Fully-Furnished,8,4,9900
Bandra,PG,2.6,191,1,0,0,0,Semi-Furnished,4,10,11700
Thane,PG,1.2,106,1,1,0,0,Unfurnished,16,9,6800
Juhu,2BHK,4.2,643,1,0,0,1,Semi-Furnished,1,0,38600
Thane,Shared Room,2.1,103,0,1,0,0,Unfurnished,8,6,4600
Dadar,1BHK,4.9,521,0,0,1,0,Semi-Furnished,14,0,18900
Dadar,1BHK,3.5,445,1,0,1,1,Fully-Furnished,5,29,22600
Thane,2BHK,1.1,1002,1,1,1,0,Unfurnished,20,3,22300
Goregaon,1BHK,0.9,636,0,1,1,0,Fully-Furnished,20,21,22500
Goregaon,Shared Room,4.0,131,1,0,0,1,Semi-Furnished,1,32,4900
Powai,2BHK,0.3,956,0,1,1,0,Unfurnished,10,19,38000
Goregaon,1BHK,2.4,368,1,1,1,1,Semi-Furnished,11,29,18800
Thane,Studio,0.7,208,1,0,1,1,Unfurnished,2,15,11300
Powai,Shared Room,2.3,172,0,0,0,1,Fully-Furnished,6,13,7900
Juhu,Studio,1.9,371,1,0,1,1,Fully-Furnished,18,37,23900
Borivali,Studio,1.6,255,1,0,0,0,Fully-Furnished,18,5,12800
Malad,1BHK,3.0,397,1,1,1,0,Fully-Furnished,17,25,17800
Borivali,2BHK,0.7,764,1,0,0,0,Fully-Furnished,5,15,26200
Bandra,2BHK,0.9,839,0,1,1,1,Unfurnished,11,40,42100
Goregaon,PG,1.2,173,0,1,0,0,Unfurnished,4,40,6700
Malad,Studio,0.3,214,1,0,1,0,Unfurnished,11,24,10800
Dadar,1BHK,2.6,454,1,1,1,0,Fully-Furnished,16,30,20800
Dadar,Shared Room,3.3,148,0,1,1,0,Unfurnished,17,26,7000
Thane,2BHK,4.2,987,0,0,0,0,Fully-Furnished,2,15,23100
Juhu,2BHK,0.2,813,1,1,1,0,Unfurnished,5,21,40500
Powai,2BHK,2.8,1132,1,1,0,1,Fully-Furnished,19,3,46500
Bandra,Studio,3.8,279,0,0,0,0,Unfurnished,18,19,14600
Juhu,Shared Room,1.8,103,0,1,0,0,Semi-Furnished,1,11,7500
Goregaon,Studio,0.5,437,1,0,1,0,Unfurnished,0,30,12000
Goregaon,PG,2.1,227,1,1,1,1,Fully-Furnished,10,10,11800
Andheri,2BHK,1.9,641,1,0,1,0,Fully-Furnished,6,1,36100
Goregaon,1BHK,2.6,441,0,0,0,0,Semi-Furnished,4,20,13300
Borivali,Studio,0.1,332,1,1,0,0,Unfurnished,11,26,9700
Dadar,Studio,3.3,229,1,0,0,0,Semi-Furnished,10,3,13500
Goregaon,PG,0.1,107,0,1,1,0,Semi-Furnished,19,4,9900
Powai,PG,4.9,108,0,1,0,1,Unfurnished,17,3,10500
Dadar,Studio,4.0,386,1,1,0,0,Fully-Furnished,10,18,14500
Goregaon,Shared Room,3.6,110,1,0,0,0,Unfurnished,13,26,4400
Goregaon,PG,3.0,152,1,0,1,0,Fully-Furnished,0,16,7700
Juhu,1BHK,1.2,354,1,1,0,0,Unfurnished,14,29,26900
Worli,2BHK,1.6,1028,1,1,1,0,Unfurnished,9,37,37500
Juhu,PG,2.3,121,0,0,1,1,Unfurnished,6,7,11500
Worli,1BHK,5.0,642,1,1,0,1,Fully-Furnished,2,8,32900
Bandra,PG,2.9,241,1,0,0,0,Unfurnished,1,22,9100
Juhu,PG,1.0,128,1,1,1,0,Fully-Furnished,2,29,13200
Borivali,PG,0.3,160,1,1,1,1,Unfurnished,20,20,9200
Bandra,1BHK,3.5,357,1,0,0,0,Unfurnished,12,32,20200
Goregaon,Studio,3.2,285,1,1,0,0,Semi-Furnished,19,14,12800
Malad,Studio,1.9,418,0,1,0,0,Semi-Furnished,5,12,12200
Worli,1BHK,1.2,427,1,0,0,1,Semi-Furnished,8,11,33300
Thane,1BHK,0.1,360,1,1,0,1,Fully-Furnished,2,24,18300
Powai,PG,1.3,203,0,0,0,0,Semi-Furnished,9,39,9600
Powai,Shared Room,1.6,108,1,1,0,0,Semi-Furnished,19,27,8000
Worli,Studio,1.3,394,1,0,0,1,Semi-Furnished,3,6,24500
Borivali,1BHK,3.4,427,0,0,1,1,Semi-Furnished,6,15,13000
Bandra,Studio,3.4,433,1,1,0,0,Fully-Furnished,10,23,21600
Powai,PG,4.6,239,1,1,1,0,Unfurnished,10,17,9900
Juhu,Studio,2.1,423,1,0,1,0,Semi-Furnished,17,29,21600
Borivali,Studio,1.0,295,0,1,1,0,Semi-Furnished,8,18,14200
Goregaon,Studio,2.8,408,1,0,0,0,Fully-Furnished,15,27,12000
Dadar,PG,0.4,115,1,1,0,0,Unfurnished,1,29,8500
Dadar,2BHK,2.7,976,1,0,1,1,Unfurnished,9,2,32100
Borivali,1BHK,1.8,624,1,1,0,1,Unfurnished,10,5,15800
Malad,1BHK,0.6,440,1,1,0,0,Fully-Furnished,15,16,21800
Malad,Studio,2.9,442,1,0,0,1,Fully-Furnished,15,25,13200
Thane,Studio,2.9,244,0,1,1,1,Semi-Furnished,3,13,9900
Thane,PG,2.2,175,1,1,0,1,Unfurnished,7,38,7800
Goregaon,1BHK,2.4,639,1,0,0,1,Unfurnished,15,14,18300
Worli,PG,4.0,166,1,0,0,1,Fully-Furnished,11,30,10700
Worli,Studio,1.7,439,1,0,0,0,Unfurnished,19,31,21300
Andheri,1BHK,3.7,587,1,0,1,1,Fully-Furnished,0,37,20400
Malad,1BHK,2.1,629,1,0,0,0,Unfurnished,14,22,14700
Worli,1BHK,2.6,571,0,1,0,0,Semi-Furnished,3,16,25400
Borivali,Shared Room,5.0,126,1,1,1,0,Fully-Furnished,5,28,5000
Goregaon,2BHK,4.8,644,1,1,0,1,Semi-Furnished,0,35,25600
Malad,Studio,3.6,417,1,0,1,0,Fully-Furnished,7,1,14100
Andheri,1BHK,0.3,559,0,1,0,0,Fully-Furnished,4,30,22300
Malad,Shared Room,3.9,124,1,1,1,0,Semi-Furnished,4,9,6000
Juhu,Studio,4.5,445,1,0,0,0,Unfurnished,9,24,16800
Andheri,PG,4.5,108,1,1,1,0,Unfurnished,16,31,9300
Thane,Shared Room,0.6,145,1,0,1,0,Fully-Furnished,7,4,5900
Malad,2BHK,1.8,805,1,0,1,0,Semi-Furnished,7,14,25900
Goregaon,1BHK,1.0,483,1,1,0,0,Fully-Furnished,5,4,22100
Goregaon,Studio,1.7,260,0,1,0,0,Semi-Furnished,8,35,12900
Malad,1BHK,0.8,437,0,1,1,1,Unfurnished,12,23,18300
Dadar,2BHK,0.1,766,1,0,1,1,Unfurnished,10,32,32800
Borivali,1BHK,0.3,607,1,0,0,0,Unfurnished,11,2,15100
Juhu,2BHK,3.1,745,1,1,0,0,Unfurnished,16,1,42900
Dadar,1BHK,3.9,648,1,1,1,0,Unfurnished,17,32,15200
Borivali,Studio,1.9,375,1,1,1,1,Semi-Furnished,9,25,15000
Juhu,2BHK,1.2,983,1,0,1,0,Unfurnished,13,13,47300
Thane,1BHK,3.3,589,1,1,0,1,Unfurnished,20,36,14700
Borivali,Shared Room,0.4,193,1,1,0,0,Fully-Furnished,14,25,7500
Worli,Shared Room,4.6,149,0,1,1,1,Unfurnished,9,40,8400
Goregaon,Studio,4.3,340,1,1,0,1,Unfurnished,18,27,10600
Thane,1BHK,4.1,568,1,0,0,0,Unfurnished,15,16,12400
Juhu,Shared Room,0.5,102,1,1,1,0,Unfurnished,18,19,9800
Malad,Shared Room,1.8,85,0,0,0,1,Unfurnished,16,17,5800
Thane,2BHK,4.7,658,0,1,0,0,Unfurnished,9,12,18300
Goregaon,Shared Room,3.5,155,0,0,0,1,Semi-Furnished,13,38,5300
Thane,PG,3.4,147,0,1,1,0,Fully-Furnished,7,7,6400
Borivali,Shared Room,4.8,92,0,0,0,1,Unfurnished,0,31,3900
Juhu,1BHK,2.9,433,1,0,0,0,Semi-Furnished,7,13,28200
Dadar,Studio,1.9,287,1,0,0,0,Unfurnished,4,7,13100
Worli,1BHK,4.3,495,1,0,0,0,Semi-Furnished,12,2,25800
Dadar,PG,3.1,228,1,0,0,1,Fully-Furnished,18,23,10900
Andheri,Studio,4.7,322,1,1,0,0,Fully-Furnished,15,36,14400
Worli,Shared Room,1.0,122,0,1,0,1,Fully-Furnished,12,34,11000
Thane,1BHK,1.5,379,1,0,0,0,Unfurnished,10,31,11500
Bandra,Shared Room,4.5,125,0,0,1,0,Unfurnished,12,1,6600
Powai,Studio,2.7,332,0,0,0,0,Unfurnished,19,14,15800
Juhu,PG,0.5,243,0,0,0,1,Semi-Furnished,17,22,13900
Bandra,Studio,1.7,265,1,1,0,0,Fully-Furnished,7,30,18900
Dadar,1BHK,2.4,585,1,1,0,0,Fully-Furnished,8,40,18300
Andheri,2BHK,2.5,761,1,0,1,0,Unfurnished,15,11,31000
Worli,Studio,3.6,270,1,1,1,0,Unfurnished,3,18,15000
Malad,Studio,0.1,263,1,1,1,0,Semi-Furnished,8,38,11600
Thane,2BHK,1.6,1085,1,0,0,0,Fully-Furnished,8,6,23000
Borivali,Studio,3.9,408,0,0,1,0,Unfurnished,7,12,9900
Goregaon,Studio,5.0,389,0,1,1,1,Semi-Furnished,5,17,13600
Malad,1BHK,1.5,537,1,1,0,0,Fully-Furnished,11,38,16500
Malad,PG,2.9,205,1,0,1,1,Fully-Furnished,0,28,7000
Bandra,Studio,3.3,317,0,1,0,1,Unfurnished,20,5,18600
Andheri,Studio,3.5,392,1,1,1,1,Unfurnished,0,20,12300
Dadar,PG,3.4,212,1,0,1,0,Fully-Furnished,14,12,9500
Juhu,Studio,2.3,381,0,1,0,0,Fully-Furnished,18,22,24200
Worli,Studio,3.9,414,1,1,1,1,Fully-Furnished,15,35,20800
Juhu,2BHK,4.8,1139,1,0,0,0,Unfurnished,6,34,32000
Andheri,2BHK,4.2,755,1,0,1,1,Fully-Furnished,4,32,32200
Worli,Shared Room,2.0,101,1,0,1,0,Fully-Furnished,8,7,10100
Malad,PG,3.8,219,0,1,1,0,Fully-Furnished,19,15,9000
Worli,Shared Room,4.4,163,1,1,0,0,Fully-Furnished,12,3,10200
Bandra,Studio,1.8,340,0,1,0,0,Unfurnished,20,28,19900
Thane,Studio,4.5,328,1,1,0,0,Semi-Furnished,9,9,8800
Worli,Shared Room,1.6,99,1,1,0,1,Fully-Furnished,19,32,11600
Juhu,Studio,4.7,423,1,0,1,1,Fully-Furnished,4,18,21400
Goregaon,2BHK,3.8,615,1,0,0,0,Semi-Furnished,4,38,21900
Goregaon,1BHK,4.4,628,1,1,0,0,Unfurnished,3,30,13800
Goregaon,Shared Room,2.8,110,1,0,0,1,Fully-Furnished,10,15,6500
Bandra,Studio,0.6,351,1,0,0,0,Unfurnished,1,10,19600
Malad,1BHK,2.2,591,1,0,1,1,Unfurnished,12,14,15400
Dadar,1BHK,4.7,504,1,1,0,0,Unfurnished,7,11,19100
Worli,Shared Room,2.9,105,1,1,1,1,Unfurnished,19,19,8800
Juhu,2BHK,4.1,860,1,0,0,1,Unfurnished,7,0,41500
Andheri,1BHK,2.5,421,1,1,1,1,Fully-Furnished,7,29,21000
Bandra,2BHK,0.6,949,1,0,0,0,Unfurnished,17,32,40400
Dadar,2BHK,0.1,709,1,1,0,1,Semi-Furnished,1,5,32800
Bandra,Studio,2.6,288,1,1,0,0,Semi-Furnished,8,18,17500
Bandra,Shared Room,1.7,118,1,0,1,0,Unfurnished,5,27,7300
Bandra,Studio,1.5,446,0,0,0,0,Fully-Furnished,6,12,22200
Bandra,Shared Room,1.2,82,1,0,1,0,Semi-Furnished,13,23,9300
Borivali,Studio,1.5,213,1,0,0,1,Unfurnished,15,14,11500
Juhu,2BHK,0.6,656,1,0,0,1,Fully-Furnished,1,14,54200
Bandra,2BHK,0.7,877,0,0,0,0,Semi-Furnished,1,28,42200
Dadar,PG,3.7,160,1,0,1,0,Unfurnished,19,6,8600
Borivali,Studio,3.4,206,1,0,1,0,Fully-Furnished,2,38,8200
Powai,Shared Room,2.7,109,1,1,0,0,Fully-Furnished,7,5,7900
Andheri,PG,2.4,219,0,1,0,1,Fully-Furnished,14,39,10900
Dadar,Shared Room,0.3,164,0,1,1,1,Fully-Furnished,6,30,8300
Dadar,Studio,0.3,293,0,1,0,0,Fully-Furnished,5,10,15700
Powai,2BHK,2.6,1178,1,0,0,0,Fully-Furnished,2,37,36600
Malad,PG,2.3,238,0,1,1,0,Semi-Furnished,13,13,8300
Borivali,Shared Room,4.3,80,1,1,1,0,Unfurnished,12,2,5500
Goregaon,Shared Room,1.7,146,1,1,0,1,Fully-Furnished,6,25,7100
Malad,2BHK,3.6,1032,1,1,0,1,Unfurnished,11,5,25000
Thane,1BHK,1.4,625,1,1,0,0,Semi-Furnished,9,40,14600
Bandra,2BHK,4.6,605,1,0,0,0,Fully-Furnished,16,17,38000
Juhu,1BHK,4.4,360,0,1,0,0,Fully-Furnished,0,38,21600
Goregaon,PG,0.2,223,1,1,0,1,Unfurnished,14,16,8100
Goregaon,Studio,1.8,383,1,1,0,0,Fully-Furnished,8,29,14000
Thane,PG,1.2,218,1,0,0,0,Semi-Furnished,1,38,5000
Powai,Studio,2.6,430,0,1,0,1,Semi-Furnished,13,26,19300
Powai,1BHK,1.5,491,1,0,1,0,Unfurnished,9,9,22900
Goregaon,2BHK,2.8,1111,1,0,0,0,Semi-Furnished,1,17,29100
Juhu,Studio,4.9,274,1,1,0,0,Unfurnished,8,9,17500
Goregaon,2BHK,0.1,1140,1,1,1,1,Unfurnished,13,3,29900
Powai,Shared Room,2.9,80,0,0,1,1,Semi-Furnished,13,3,10200
Powai,2BHK,3.3,641,1,0,1,0,Fully-Furnished,3,14,39300
Andheri,PG,2.2,146,1,1,0,0,Fully-Furnished,0,12,8500
Powai,Studio,4.2,273,0,1,1,0,Fully-Furnished,19,4,19900
Juhu,Shared Room,4.5,151,1,0,0,0,Unfurnished,0,2,6800
Bandra,Studio,5.0,255,1,1,0,0,Unfurnished,11,12,16100
Bandra,2BHK,3.4,1116,0,0,0,0,Fully-Furnished,18,28,42200
Powai,PG,3.0,126,1,1,1,0,Fully-Furnished,16,26,11700
Borivali,Shared Room,4.4,129,1,1,0,1,Fully-Furnished,19,36,7000
Bandra,Shared Room,3.0,125,1,1,0,1,Semi-Furnished,0,29,8100
Borivali,Shared Room,2.0,103,0,0,0,1,Fully-Furnished,8,16,5300
Powai,2BHK,0.5,812,0,0,0,0,Fully-Furnished,14,12,53300
Dadar,Shared Room,2.1,173,1,0,1,1,Unfurnished,1,29,6700
Dadar,PG,1.2,227,0,0,0,0,Unfurnished,11,9,8600
Bandra,PG,1.8,132,0,0,0,1,Unfurnished,2,28,9100
Goregaon,Shared Room,1.4,92,1,0,0,1,Unfurnished,16,17,7500
Powai,Shared Room,1.3,142,1,1,0,1,Semi-Furnished,20,9,10100
Malad,PG,1.8,169,1,0,0,0,Fully-Furnished,7,2,9000
Goregaon,Shared Room,3.2,197,1,1,0,0,Unfurnished,0,27,5300
Bandra,Studio,0.2,206,0,0,1,1,Fully-Furnished,13,30,22100
Andheri,1BHK,1.6,584,1,0,0,0,Fully-Furnished,12,26,23200
Bandra,2BHK,3.1,838,1,1,0,0,Semi-Furnished,19,28,39100
Thane,PG,4.8,226,1,0,1,1,Fully-Furnished,6,2,8600
Thane,Shared Room,2.8,129,1,1,1,1,Fully-Furnished,16,14,8000
Dadar,2BHK,2.0,1089,1,1,0,0,Unfurnished,19,28,31800
Andheri,1BHK,1.5,378,1,1,1,0,Fully-Furnished,17,27,22600
Bandra,PG,3.1,139,1,0,0,1,Fully-Furnished,3,34,10800
Powai,1BHK,4.6,437,1,1,1,1,Fully-Furnished,6,37,21400
Thane,2BHK,1.7,785,1,1,0,0,Semi-Furnished,14,38,19900
Goregaon,2BHK,3.6,1032,1,1,1,1,Fully-Furnished,4,26,29000
Goregaon,Studio,1.3,328,0,1,0,0,Semi-Furnished,0,17,12700
Powai,PG,0.2,219,1,1,1,0,Fully-Furnished,9,26,13400
Juhu,1BHK,0.6,618,1,0,1,0,Unfurnished,2,25,26700
Powai,1BHK,4.3,434,1,1,0,1,Unfurnished,13,15,21000
Powai,Studio,2.4,210,1,1,1,1,Unfurnished,12,11,21100
Juhu,1BHK,1.9,552,1,0,0,0,Fully-Furnished,14,39,28600
Dadar,2BHK,3.7,999,1,1,1,0,Fully-Furnished,11,16,31900
Dadar,PG,2.2,142,0,1,0,1,Semi-Furnished,8,16,10100
Worli,PG,2.9,190,1,1,0,0,Unfurnished,4,37,10000
Worli,2BHK,1.5,1193,1,0,1,0,Fully-Furnished,11,24,45800
Malad,Shared Room,5.0,150,1,0,0,1,Unfurnished,8,9,5100
Powai,Studio,1.8,350,1,1,0,0,Fully-Furnished,4,29,17200
Goregaon,Shared Room,0.6,108,1,1,1,0,Unfurnished,8,39,5900
Malad,PG,0.6,192,1,0,0,0,Semi-Furnished,19,34,7600
Goregaon,2BHK,0.7,620,1,1,0,0,Unfurnished,4,12,23100
Thane,PG,3.2,120,1,0,1,0,Semi-Furnished,10,8,5400
Goregaon,2BHK,0.6,1041,1,1,0,1,Unfurnished,18,26,28000
Worli,PG,1.1,150,1,0,0,0,Fully-Furnished,4,29,13200
Bandra,2BHK,1.7,965,1,0,1,0,Unfurnished,11,28,34600
Bandra,PG,2.2,220,1,1,1,0,Fully-Furnished,20,38,12700
Thane,Studio,4.0,312,0,1,0,1,Unfurnished,12,7,10800
Powai,Studio,1.2,367,1,0,0,0,Fully-Furnished,20,17,19400
Thane,PG,1.3,178,1,1,0,1,Semi-Furnished,9,31,7400
Malad,Shared Room,3.1,137,1,0,1,1,Semi-Furnished,13,3,7400
Juhu,2BHK,2.1,1122,1,1,0,0,Semi-Furnished,0,27,41300
Dadar,1BHK,1.9,409,1,0,0,1,Semi-Furnished,7,17,21700
Worli,Shared Room,2.3,137,0,0,0,0,Semi-Furnished,5,38,7500
Andheri,PG,1.7,200,1,0,0,0,Unfurnished,1,3,7800
Bandra,2BHK,3.3,1182,0,1,1,0,Semi-Furnished,10,5,44300
Powai,1BHK,4.3,450,1,1,0,0,Unfurnished,0,1,20300
Goregaon,PG,1.7,212,0,0,1,0,Unfurnished,18,4,9500
Juhu,Shared Room,0.3,110,0,1,0,0,Fully-Furnished,7,20,10600
Malad,2BHK,4.3,758,1,0,1,0,Fully-Furnished,12,36,25800
Borivali,Shared Room,4.5,191,1,0,0,0,Fully-Furnished,5,33,4300
Goregaon,Shared Room,3.8,143,1,0,0,0,Unfurnished,19,27,5200
Powai,PG,2.2,154,0,1,1,0,Fully-Furnished,19,35,11400
Andheri,Studio,3.0,235,1,0,0,1,Semi-Furnished,4,27,13100
Worli,1BHK,0.4,578,1,0,1,0,Semi-Furnished,20,9,33000
Thane,2BHK,4.0,699,1,1,1,1,Fully-Furnished,2,0,21400
Juhu,PG,2.6,174,1,0,0,1,Semi-Furnished,12,28,11600
Andheri,1BHK,3.0,380,0,1,0,0,Fully-Furnished,10,39,17100
Malad,Shared Room,2.2,168,0,1,1,0,Unfurnished,8,37,4900
Thane,1BHK,1.1,352,1,0,1,0,Semi-Furnished,16,0,14900
Goregaon,Shared Room,3.3,158,0,0,1,0,Unfurnished,10,26,5000
Dadar,PG,2.6,112,1,1,0,0,Unfurnished,13,29,7600
Worli,PG,0.2,162,1,1,0,0,Fully-Furnished,14,34,14600
Dadar,2BHK,3.5,962,1,1,0,0,Fully-Furnished,18,8,37400
Thane,Shared Room,3.6,152,0,0,0,0,Unfurnished,17,23,3800
Goregaon,Studio,3.1,295,1,0,1,0,Unfurnished,2,11,12400
Andheri,1BHK,3.7,545,1,0,0,0,Unfurnished,8,29,16600
Worli,2BHK,3.9,1056,1,0,0,0,Fully-Furnished,20,27,44500
Malad,2BHK,3.3,798,1,0,0,1,Semi-Furnished,18,37,21300
Powai,Studio,1.8,305,1,0,0,1,Fully-Furnished,15,8,20900
Dadar,1BHK,3.5,545,1,0,1,1,Semi-Furnished,4,19,20300
Malad,1BHK,2.4,579,0,1,0,1,Unfurnished,12,40,16400
Goregaon,2BHK,0.8,878,1,0,0,0,Semi-Furnished,1,2,30900
Goregaon,PG,2.6,237,1,0,1,1,Fully-Furnished,5,36,8500
Thane,Studio,2.0,357,0,1,1,0,Unfurnished,7,29,10200
Thane,2BHK,4.6,1134,0,1,1,1,Unfurnished,8,22,22500
Goregaon,PG,1.5,118,1,0,0,0,Fully-Furnished,3,10,7300
Malad,PG,0.5,187,0,1,1,0,Unfurnished,16,25,8700
Malad,Studio,0.9,306,1,0,1,0,Fully-Furnished,16,5,17300
Bandra,Shared Room,1.6,199,1,0,0,0,Fully-Furnished,8,40,8400
Dadar,Studio,0.9,261,1,1,0,0,Unfurnished,19,11,14900
Powai,Shared Room,4.2,183,1,0,0,0,Fully-Furnished,8,16,7200
Thane,1BHK,1.0,431,1,0,1,0,Fully-Furnished,8,38,14100
Bandra,Studio,2.0,267,1,0,1,0,Unfurnished,15,21,18500
Dadar,PG,2.3,202,1,1,0,0,Unfurnished,20,13,10800
Juhu,Studio,4.5,434,1,1,0,0,Unfurnished,8,19,15300
Worli,PG,4.0,179,0,1,0,0,Fully-Furnished,15,3,12300
Bandra,Shared Room,4.1,197,0,0,1,0,Unfurnished,14,40,6600
Goregaon,PG,4.0,211,1,1,1,0,Semi-Furnished,10,28,7500
Malad,1BHK,2.0,448,1,0,1,1,Fully-Furnished,15,4,20100
Powai,PG,4.5,212,0,0,1,0,Semi-Furnished,15,12,10000
Juhu,Studio,1.5,349,0,0,0,0,Unfurnished,19,30,20300
Worli,2BHK,3.4,663,1,1,1,0,Fully-Furnished,10,38,41100
Worli,Studio,3.4,381,0,1,1,0,Semi-Furnished,3,32,16600
Borivali,Studio,3.8,215,1,1,0,0,Fully-Furnished,19,20,11600
Powai,1BHK,2.5,634,0,0,0,0,Semi-Furnished,5,18,23200
Borivali,1BHK,0.2,481,1,0,0,1,Fully-Furnished,2,20,15600
Thane,Studio,3.9,230,1,0,0,0,Unfurnished,10,6,7900
Powai,1BHK,1.6,600,1,1,1,1,Fully-Furnished,20,19,31100
Bandra,1BHK,1.2,383,1,0,0,0,Semi-Furnished,7,18,27300
Malad,Shared Room,4.6,188,0,1,1,0,Semi-Furnished,17,25,6000
Thane,Shared Room,3.6,114,1,1,0,0,Fully-Furnished,16,12,6300
Malad,Shared Room,3.0,139,0,0,0,1,Semi-Furnished,10,28,5900
Borivali,PG,2.8,194,1,1,0,0,Semi-Furnished,13,30,7400
Malad,Shared Room,1.6,112,0,0,0,0,Fully-Furnished,5,31,4900
Thane,Studio,4.5,388,1,0,1,1,Fully-Furnished,0,6,11300
Worli,Shared Room,2.3,187,1,1,0,1,Fully-Furnished,14,5,11200
Powai,2BHK,1.1,792,1,0,1,1,Unfurnished,20,8,39700
Malad,Studio,2.4,397,1,0,0,0,Unfurnished,16,25,10100
Goregaon,Shared Room,3.7,173,0,1,0,0,Semi-Furnished,13,38,5200
Andheri,2BHK,4.7,867,1,0,1,0,Semi-Furnished,20,39,25500
Worli,2BHK,5.0,683,1,0,1,0,Semi-Furnished,3,28,32800
Borivali,PG,0.3,188,1,1,1,0,Semi-Furnished,8,22,7700
Powai,1BHK,0.6,614,1,0,0,0,Unfurnished,1,36,18000
Goregaon,2BHK,0.5,1066,1,0,0,1,Fully-Furnished,15,29,33600
Juhu,1BHK,0.5,355,1,1,0,1,Unfurnished,11,19,31600
Goregaon,Studio,3.2,438,1,0,0,0,Fully-Furnished,11,1,13800
Dadar,Studio,1.4,364,1,1,1,0,Semi-Furnished,13,33,15700
Thane,Shared Room,1.5,140,0,1,0,1,Semi-Furnished,15,29,6800
Dadar,PG,0.3,228,0,0,1,1,Semi-Furnished,19,20,11600
Malad,2BHK,1.0,753,1,1,0,0,Unfurnished,11,29,24500
Juhu,Studio,0.2,214,1,1,1,1,Unfurnished,13,39,22200
Worli,Studio,2.6,423,0,0,0,0,Unfurnished,14,16,17900
Powai,1BHK,2.0,599,1,0,1,0,Fully-Furnished,10,11,28300
Dadar,PG,4.2,241,1,1,1,0,Semi-Furnished,20,39,8600
Dadar,Studio,4.3,361,1,1,1,0,Unfurnished,2,23,14100
Andheri,2BHK,0.2,1068,1,1,0,1,Unfurnished,9,38,33600
Borivali,PG,2.8,113,1,0,0,1,Fully-Furnished,10,26,6800
Andheri,1BHK,1.7,604,0,0,0,0,Fully-Furnished,20,13,25700
Juhu,PG,0.9,210,1,0,0,0,Semi-Furnished,14,7,14100
Andheri,PG,1.1,226,0,1,1,0,Semi-Furnished,19,25,11600
Goregaon,Shared Room,4.1,100,1,0,1,0,Unfurnished,1,15,4600
Juhu,1BHK,4.9,360,1,1,0,1,Fully-Furnished,13,39,23600
Thane,Studio,1.5,261,1,1,0,0,Unfurnished,15,34,9600
Dadar,PG,4.9,239,0,1,0,0,Fully-Furnished,20,34,8900
Worli,Studio,0.6,334,0,1,1,0,Semi-Furnished,12,0,20800
Bandra,1BHK,2.1,472,0,1,0,1,Fully-Furnished,13,12,30200
Bandra,Shared Room,2.5,132,1,1,1,0,Semi-Furnished,18,19,8600
Borivali,PG,2.7,104,1,1,0,0,Semi-Furnished,4,5,5700
Worli,Studio,0.1,339,1,1,0,0,Semi-Furnished,3,33,23000
Borivali,Shared Room,0.1,98,0,0,1,0,Fully-Furnished,9,7,6500
Malad,Shared Room,0.2,154,0,0,0,0,Unfurnished,7,11,4900
Worli,Shared Room,1.6,163,0,0,0,0,Semi-Furnished,8,14,8300
Borivali,PG,2.8,163,0,0,1,1,Semi-Furnished,11,27,6000
Powai,PG,4.6,114,1,0,1,0,Semi-Furnished,2,4,9000
Andheri,Shared Room,2.2,164,1,1,0,0,Fully-Furnished,6,4,8800
Andheri,PG,3.0,236,1,1,0,1,Fully-Furnished,6,11,10800
Bandra,1BHK,1.2,402,1,0,1,0,Fully-Furnished,10,30,28900
Andheri,1BHK,4.5,599,1,1,0,0,Fully-Furnished,6,9,21900
Powai,2BHK,4.5,718,1,1,1,0,Fully-Furnished,9,39,35200
Goregaon,Studio,1.5,358,1,1,1,0,Fully-Furnished,17,20,17700
Worli,1BHK,3.6,437,1,1,0,0,Unfurnished,11,13,23300
Worli,1BHK,4.1,401,0,1,1,0,Semi-Furnished,9,37,22300
Borivali,PG,4.8,222,1,0,1,0,Semi-Furnished,7,4,6700
Bandra,1BHK,3.0,583,1,1,0,0,Unfurnished,17,5,25800
Goregaon,2BHK,4.3,1154,0,1,0,0,Unfurnished,11,2,23900
Bandra,Shared Room,2.7,92,1,0,0,1,Fully-Furnished,9,34,8400
Malad,Shared Room,0.5,133,1,1,0,0,Semi-Furnished,1,16,6500
Borivali,1BHK,2.6,647,1,0,1,0,Unfurnished,17,30,14100
Powai,PG,3.4,204,1,1,1,0,Semi-Furnished,13,35,9900
Bandra,1BHK,1.1,379,1,0,0,0,Semi-Furnished,9,1,32500
Powai,1BHK,1.4,357,1,0,0,0,Fully-Furnished,0,23,23800
Borivali,Studio,4.4,242,0,0,0,0,Unfurnished,5,1,7900
Malad,PG,2.3,231,1,0,0,0,Fully-Furnished,12,0,8500
Thane,Shared Room,4.5,184,0,1,1,0,Unfurnished,13,30,5500
Goregaon,Studio,2.1,275,1,0,1,0,Fully-Furnished,13,30,14100
Worli,PG,4.5,219,1,0,1,1,Unfurnished,6,36,11000
Dadar,1BHK,5.0,520,1,0,1,1,Unfurnished,1,7,17200
Dadar,PG,4.3,165,0,0,1,0,Fully-Furnished,20,23,9200
Dadar,2BHK,4.0,763,1,1,1,1,Unfurnished,12,39,27600
Andheri,1BHK,4.1,648,0,0,1,1,Semi-Furnished,2,7,21400
Dadar,Shared Room,1.6,146,0,0,1,0,Semi-Furnished,15,20,7300
Thane,1BHK,3.8,389,1,0,0,0,Unfurnished,13,14,12000
Juhu,PG,4.5,179,1,0,0,1,Unfurnished,7,7,11100
Worli,PG,2.7,206,1,0,0,0,Fully-Furnished,5,39,10700
Worli,1BHK,0.7,386,1,1,0,0,Unfurnished,17,23,26500
Andheri,2BHK,2.9,891,1,1,0,0,Unfurnished,9,37,26700
Goregaon,Shared Room,1.7,183,0,0,0,0,Fully-Furnished,5,16,5100
Goregaon,Shared Room,4.1,134,0,1,0,1,Unfurnished,19,4,6800
Bandra,Studio,4.2,257,0,1,0,0,Fully-Furnished,17,25,17700
Andheri,Shared Room,4.7,118,1,1,0,0,Semi-Furnished,12,30,6100
Juhu,Studio,3.8,429,1,1,0,0,Unfurnished,16,37,15900
Thane,1BHK,5.0,582,1,1,0,0,Fully-Furnished,9,26,12300
Goregaon,PG,4.4,232,1,0,0,0,Semi-Furnished,13,2,6500
Borivali,Studio,4.1,219,0,1,1,1,Fully-Furnished,3,15,11800
Andheri,Shared Room,1.7,94,1,1,0,1,Semi-Furnished,5,29,7000
Borivali,2BHK,4.2,1171,1,0,0,1,Fully-Furnished,9,9,24200
Goregaon,1BHK,3.2,435,1,1,0,1,Semi-Furnished,12,3,18500
Goregaon,1BHK,4.3,386,1,0,1,1,Unfurnished,6,2,14600
Borivali,2BHK,0.1,941,1,1,0,0,Unfurnished,8,1,25900
Bandra,1BHK,3.4,477,0,0,1,0,Unfurnished,5,21,22400
Borivali,Studio,1.9,244,0,0,1,0,Fully-Furnished,3,12,11400
Dadar,PG,0.2,164,1,1,0,1,Fully-Furnished,2,7,12600
Goregaon,2BHK,4.8,728,0,1,0,0,Unfurnished,14,39,18300
Juhu,PG,1.9,101,0,0,1,1,Semi-Furnished,19,8,14900
Goregaon,PG,3.6,243,1,1,0,0,Unfurnished,7,22,7300
Thane,2BHK,3.9,967,1,0,1,0,Unfurnished,6,3,19500
Powai,1BHK,1.5,511,1,0,0,0,Semi-Furnished,0,15,25200
Goregaon,2BHK,3.8,1027,1,0,0,0,Unfurnished,0,20,20900
Powai,PG,3.1,196,1,0,1,0,Semi-Furnished,0,13,8700
Andheri,Shared Room,0.6,196,1,0,1,0,Semi-Furnished,2,5,8000
Andheri,1BHK,5.0,645,1,0,0,1,Semi-Furnished,7,4,19200
Malad,Studio,1.5,344,1,1,0,0,Semi-Furnished,20,27,12800
Goregaon,2BHK,1.7,1182,1,0,0,0,Unfurnished,9,22,29200
Borivali,Studio,2.0,287,1,1,0,0,Semi-Furnished,3,1,10300
Andheri,1BHK,2.3,418,0,0,0,0,Semi-Furnished,19,17,24000
Borivali,PG,1.8,202,0,1,1,0,Unfurnished,19,22,7900
Juhu,1BHK,0.2,528,1,1,0,0,Fully-Furnished,7,38,35300
Powai,Shared Room,4.9,125,1,0,0,0,Unfurnished,6,15,6200
Andheri,2BHK,3.4,969,1,0,1,0,Unfurnished,14,3,29000
Worli,Studio,3.1,305,0,0,1,1,Semi-Furnished,4,14,21300
Worli,Shared Room,3.3,143,1,0,1,1,Fully-Furnished,18,40,11100
Thane,Shared Room,0.3,150,0,1,0,0,Unfurnished,3,10,5000
Worli,2BHK,2.3,1165,1,1,0,1,Fully-Furnished,18,35,49200
Powai,Studio,3.1,253,1,1,1,1,Semi-Furnished,15,25,17700
Thane,Shared Room,0.5,146,0,1,1,0,Fully-Furnished,12,21,5800
Juhu,1BHK,0.3,420,0,0,1,0,Semi-Furnished,1,32,24600
Malad,1BHK,0.8,437,1,0,1,0,Unfurnished,20,22,18100
Worli,Studio,3.6,241,1,1,0,0,Semi-Furnished,7,37,17400
Dadar,1BHK,3.0,593,0,0,0,0,Unfurnished,3,3,19700
Goregaon,PG,1.6,165,1,0,1,0,Fully-Furnished,18,21,8000
Juhu,PG,2.4,165,1,1,0,1,Unfurnished,15,13,12500
Juhu,PG,3.5,214,1,1,0,0,Unfurnished,3,32,8800
Borivali,1BHK,4.8,395,1,0,0,1,Unfurnished,8,23,14200
Goregaon,Shared Room,0.4,124,0,0,0,0,Unfurnished,20,15,5200
Juhu,Shared Room,0.7,190,1,1,1,1,Unfurnished,5,34,10000
Thane,Studio,2.7,395,0,1,1,0,Unfurnished,14,13,11600
Powai,Shared Room,3.6,104,1,0,1,1,Semi-Furnished,12,19,9100
Thane,Studio,1.9,227,1,1,1,1,Unfurnished,19,22,10900
Thane,Shared Room,0.6,156,1,1,0,0,Semi-Furnished,1,4,5500
Bandra,2BHK,3.1,619,1,0,1,0,Unfurnished,2,32,30200
Dadar,PG,4.1,133,1,0,1,0,Unfurnished,11,39,6600
Dadar,2BHK,1.2,1133,0,0,0,0,Semi-Furnished,1,21,34700
Worli,Studio,4.5,235,1,1,0,1,Unfurnished,4,1,17100
Bandra,2BHK,1.8,1112,0,1,0,0,Unfurnished,14,10,42500
Juhu,Shared Room,0.7,167,1,1,0,0,Semi-Furnished,14,5,12100
Dadar,1BHK,2.3,578,0,0,0,0,Unfurnished,4,0,18700
Malad,Studio,1.3,407,1,0,0,1,Unfurnished,16,23,12300
Bandra,2BHK,1.9,756,1,1,0,1,Unfurnished,13,12,45000
Dadar,2BHK,4.8,920,1,1,0,0,Fully-Furnished,15,17,33200
Andheri,1BHK,0.5,415,0,1,0,0,Semi-Furnished,20,29,22100
Juhu,Shared Room,2.9,87,1,1,0,0,Semi-Furnished,7,19,8300
Worli,PG,1.1,118,1,0,1,0,Fully-Furnished,18,23,15400
Dadar,Shared Room,0.3,162,1,0,0,0,Semi-Furnished,6,6,7800
Worli,Shared Room,1.0,162,1,0,0,1,Semi-Furnished,0,33,8200
Borivali,PG,3.6,154,1,0,0,1,Fully-Furnished,3,29,5900
Bandra,1BHK,1.0,518,1,0,0,0,Unfurnished,17,14,24300
Bandra,Shared Room,0.4,125,1,0,0,0,Fully-Furnished,12,30,8700
Worli,Studio,2.5,313,0,1,0,0,Unfurnished,14,38,16200
Juhu,2BHK,2.8,627,0,1,1,1,Fully-Furnished,16,7,54600
Juhu,Studio,4.0,388,0,0,0,0,Unfurnished,16,17,18300
Worli,Shared Room,1.8,163,1,0,0,1,Unfurnished,11,13,7400
Thane,PG,1.4,184,1,1,0,0,Unfurnished,20,21,6500
Dadar,Studio,4.5,426,1,1,0,0,Unfurnished,10,17,13800
Borivali,Shared Room,3.3,147,0,1,1,0,Fully-Furnished,6,39,5100
Powai,2BHK,2.2,600,0,0,1,0,Semi-Furnished,11,40,30900
Malad,1BHK,2.9,450,1,1,1,0,Semi-Furnished,17,0,20900
Goregaon,1BHK,4.9,367,1,0,1,0,Fully-Furnished,14,23,16300
Bandra,Studio,4.4,354,1,1,0,0,Fully-Furnished,14,11,21800
Dadar,Shared Room,3.4,115,1,0,1,1,Semi-Furnished,15,14,8100
Dadar,Shared Room,2.3,169,1,1,0,0,Semi-Furnished,6,22,6600
Malad,Studio,2.8,300,1,0,0,0,Semi-Furnished,14,24,8800
Andheri,Shared Room,2.4,84,0,0,0,1,Fully-Furnished,1,24,6400
Bandra,1BHK,3.1,514,0,0,0,0,Unfurnished,11,17,24900
Andheri,2BHK,1.2,1005,1,1,1,0,Fully-Furnished,3,37,34400
Worli,Shared Room,3.6,150,1,0,0,0,Semi-Furnished,14,40,7300
Bandra,1BHK,3.8,525,1,0,1,1,Fully-Furnished,0,11,29600
Powai,PG,3.2,183,1,0,0,0,Unfurnished,2,1,8300
Powai,PG,3.0,190,0,1,1,1,Semi-Furnished,11,27,11500
Worli,1BHK,2.0,352,1,0,0,0,Fully-Furnished,4,2,28800
Thane,2BHK,2.5,996,1,1,0,0,Unfurnished,10,30,18100
Juhu,2BHK,4.8,736,1,1,0,1,Unfurnished,11,18,36800
Worli,1BHK,1.8,478,0,1,0,0,Semi-Furnished,4,10,26700
Andheri,Shared Room,2.1,143,0,1,0,0,Unfurnished,1,10,6200
Goregaon,1BHK,3.4,612,0,1,0,1,Semi-Furnished,2,7,16000
Malad,Shared Room,1.1,127,1,1,0,0,Unfurnished,3,26,5400
Borivali,2BHK,3.1,813,1,1,0,0,Semi-Furnished,4,25,22700
Thane,2BHK,1.7,685,1,0,1,0,Unfurnished,8,22,18400
Worli,PG,0.9,242,1,1,0,0,Unfurnished,15,20,11000
Worli,Shared Room,4.2,183,1,1,1,0,Semi-Furnished,10,5,9000
Malad,Shared Room,1.7,118,1,0,0,0,Semi-Furnished,1,37,3900
Thane,Studio,4.5,349,1,1,1,0,Fully-Furnished,14,2,12400
Thane,2BHK,4.0,1147,1,0,0,0,Fully-Furnished,2,34,20900
Andheri,PG,1.9,140,1,0,1,1,Semi-Furnished,9,14,9300
Goregaon,PG,2.4,225,1,1,0,0,Semi-Furnished,19,17,7800
Goregaon,2BHK,3.5,849,1,0,0,0,Semi-Furnished,7,25,21500
Malad,PG,1.4,153,0,1,0,1,Fully-Furnished,1,29,7800
Thane,Studio,3.2,301,1,0,1,1,Unfurnished,16,12,10300
Thane,PG,1.8,230,0,1,1,1,Fully-Furnished,1,16,7500
Bandra,Studio,4.8,422,0,1,1,0,Unfurnished,15,35,15000
Andheri,1BHK,3.5,606,1,0,0,0,Semi-Furnished,9,37,16800
Andheri,2BHK,3.0,1174,1,1,0,0,Fully-Furnished,12,33,38600
Dadar,1BHK,3.4,385,0,1,0,0,Unfurnished,1,37,15100
Goregaon,2BHK,2.5,1077,1,0,0,0,Unfurnished,8,24,23800
Malad,PG,2.9,226,1,0,1,0,Unfurnished,13,24,7100
Thane,1BHK,1.8,631,1,0,1,0,Semi-Furnished,12,0,17600
Dadar,Studio,4.1,414,0,1,1,1,Unfurnished,17,12,13700
Bandra,Shared Room,2.7,119,1,0,1,0,Semi-Furnished,2,30,7300
Powai,Shared Room,2.6,189,0,0,1,0,Semi-Furnished,6,6,7500
Goregaon,1BHK,0.7,647,1,1,1,0,Fully-Furnished,5,15,26000
Dadar,2BHK,1.5,1023,1,1,1,0,Fully-Furnished,11,3,41500
Bandra,Shared Room,1.4,181,1,0,1,0,Unfurnished,10,9,9200
Goregaon,Studio,2.9,435,1,1,0,0,Semi-Furnished,11,40,11300
Juhu,Shared Room,4.2,126,1,1,1,0,Fully-Furnished,15,10,10600
Thane,PG,4.5,226,0,1,0,0,Semi-Furnished,4,32,5300
Worli,1BHK,2.7,629,1,1,1,0,Fully-Furnished,10,2,27100
Malad,Studio,4.1,330,0,1,1,0,Fully-Furnished,10,0,11700
Worli,1BHK,1.8,371,0,0,0,1,Fully-Furnished,10,22,29200
Bandra,Studio,2.8,334,0,1,0,1,Semi-Furnished,7,31,16600
Dadar,PG,1.2,240,1,0,0,1,Fully-Furnished,1,38,8900
Juhu,1BHK,1.7,627,0,1,1,0,Unfurnished,11,0,25300
Borivali,Studio,4.4,369,1,0,1,0,Semi-Furnished,15,23,10200
Dadar,Shared Room,1.3,141,1,1,0,0,Semi-Furnished,19,10,8100
Malad,2BHK,3.3,758,1,1,0,0,Semi-Furnished,12,30,22600
Powai,Studio,2.9,279,1,1,1,0,Unfurnished,9,38,15700
Goregaon,1BHK,0.8,494,0,1,1,0,Unfurnished,3,39,17500
Malad,PG,3.0,186,1,0,0,1,Fully-Furnished,19,26,9000
Worli,2BHK,4.1,999,1,1,0,0,Unfurnished,15,12,34400
Bandra,Shared Room,4.5,110,0,1,0,0,Semi-Furnished,4,21,7200
Powai,2BHK,1.2,958,1,0,0,0,Fully-Furnished,20,33,43700
Juhu,Studio,1.4,396,0,0,1,0,Fully-Furnished,18,2,27700
Bandra,PG,4.9,175,0,0,0,0,Unfurnished,4,3,8500
Bandra,Studio,4.4,275,1,1,0,1,Semi-Furnished,5,24,17100
Dadar,2BHK,1.8,677,1,0,1,1,Unfurnished,2,29,30000
Powai,1BHK,3.1,542,0,0,0,0,Fully-Furnished,3,27,24200
Powai,1BHK,2.8,458,1,1,0,1,Semi-Furnished,12,13,27300
Juhu,2BHK,4.0,1097,1,0,0,0,Semi-Furnished,14,38,35700
Bandra,2BHK,1.0,1145,1,0,1,0,Fully-Furnished,15,27,50800
Borivali,Shared Room,4.5,82,0,1,1,1,Semi-Furnished,5,11,5900
Powai,1BHK,2.9,379,1,0,0,0,Unfurnished,8,38,20600
Malad,2BHK,2.6,1105,1,1,1,0,Unfurnished,14,37,20800
Goregaon,Studio,1.6,361,1,0,0,1,Semi-Furnished,7,10,10700
Bandra,PG,4.0,115,1,0,0,0,Semi-Furnished,18,14,10200
Worli,Studio,2.5,428,0,0,0,0,Semi-Furnished,4,27,18500
Malad,Shared Room,3.6,147,1,1,0,1,Fully-Furnished,1,33,7200
Borivali,Shared Room,3.8,132,1,1,0,0,Fully-Furnished,19,10,6700
Thane,Shared Room,1.4,190,0,1,1,0,Semi-Furnished,11,7,7000
Juhu,2BHK,0.2,1152,1,0,1,0,Unfurnished,12,36,45300
Thane,2BHK,3.8,711,1,1,1,0,Semi-Furnished,5,3,20300
Malad,PG,3.4,184,1,0,0,1,Semi-Furnished,20,17,7900
Andheri,PG,4.6,145,0,1,0,0,Unfurnished,9,25,7000
Juhu,2BHK,4.8,1106,0,1,0,0,Unfurnished,6,26,33000
Bandra,1BHK,1.3,637,1,1,0,0,Fully-Furnished,0,17,30000
Juhu,PG,1.3,102,1,0,1,0,Semi-Furnished,12,20,13000
Dadar,Shared Room,2.0,108,1,1,0,0,Semi-Furnished,5,26,6300
Dadar,Shared Room,0.5,119,1,1,1,1,Unfurnished,7,6,8300
Powai,1BHK,3.6,475,0,1,0,1,Fully-Furnished,13,0,26600
Thane,Studio,4.9,408,1,0,1,1,Unfurnished,3,5,11800
Malad,PG,4.0,216,1,1,0,0,Fully-Furnished,16,0,8200
Bandra,Studio,2.6,240,0,1,0,1,Fully-Furnished,8,19,23800
Thane,2BHK,1.5,959,0,0,0,0,Fully-Furnished,15,2,27000
Borivali,2BHK,3.1,866,1,0,0,0,Fully-Furnished,2,36,16000
Andheri,PG,1.4,179,1,0,0,0,Semi-Furnished,14,0,9600
Bandra,2BHK,3.9,702,1,1,0,0,Semi-Furnished,7,12,38500
Thane,1BHK,4.3,597,0,1,1,1,Unfurnished,18,6,16100
Juhu,2BHK,1.7,810,0,0,0,1,Semi-Furnished,10,7,49900
Borivali,Studio,2.9,357,1,1,0,1,Fully-Furnished,13,19,12000
Thane,PG,3.6,160,0,1,0,0,Unfurnished,8,6,5900
Thane,Studio,3.7,353,0,1,0,0,Fully-Furnished,16,30,9800
Borivali,2BHK,3.5,1125,0,1,0,0,Fully-Furnished,12,19,20500
Andheri,2BHK,3.5,781,1,0,0,0,Fully-Furnished,0,38,30500
Goregaon,1BHK,0.4,555,1,0,1,0,Unfurnished,15,32,17100
Thane,2BHK,4.9,979,0,1,0,1,Fully-Furnished,10,9,22300
Dadar,PG,4.0,215,1,0,0,0,Semi-Furnished,12,36,6700
Andheri,PG,2.4,248,1,1,0,0,Fully-Furnished,18,29,11700
Thane,Studio,4.1,210,1,1,0,0,Semi-Furnished,18,14,9500
Worli,Studio,1.7,340,1,1,1,0,Semi-Furnished,1,15,19300
Malad,Shared Room,3.0,188,1,0,0,1,Unfurnished,19,24,6500
Malad,Shared Room,1.6,102,1,1,0,1,Fully-Furnished,9,15,7800
Dadar,2BHK,0.9,626,1,0,1,0,Semi-Furnished,17,16,32300
Andheri,1BHK,4.2,623,1,1,0,0,Semi-Furnished,2,32,15500
Dadar,Studio,0.3,434,1,0,1,0,Semi-Furnished,15,14,17800
Thane,PG,1.7,162,0,1,0,1,Fully-Furnished,11,5,8900
Dadar,2BHK,1.8,630,0,1,0,1,Semi-Furnished,20,9,32400
Thane,1BHK,2.3,397,1,1,0,1,Semi-Furnished,18,4,15300
Dadar,Shared Room,1.6,160,1,0,1,1,Semi-Furnished,16,36,8200
Borivali,PG,1.8,215,1,1,1,0,Unfurnished,16,37,6800
Malad,Studio,3.6,424,0,0,0,0,Semi-Furnished,0,23,10300
Dadar,Studio,3.2,311,1,1,1,0,Fully-Furnished,8,24,16400
Bandra,Shared Room,1.3,169,1,0,1,0,Semi-Furnished,4,4,9000
Bandra,PG,0.4,200,1,1,1,0,Fully-Furnished,11,38,12200
Borivali,PG,4.7,232,0,1,1,0,Unfurnished,14,8,7900
Worli,2BHK,2.4,1172,1,1,0,0,Unfurnished,9,33,33800
Worli,Shared Room,1.2,192,1,1,1,0,Fully-Furnished,12,11,11100
Juhu,Studio,1.6,310,0,1,1,0,Semi-Furnished,3,31,21200
Thane,PG,4.6,234,0,1,0,0,Semi-Furnished,0,10,5100
Worli,PG,4.0,155,1,0,1,1,Semi-Furnished,8,1,12700
Goregaon,2BHK,0.8,1018,1,0,0,1,Unfurnished,3,32,24700
Goregaon,PG,3.3,247,1,1,1,0,Unfurnished,6,23,6600
Thane,PG,3.6,168,1,1,0,0,Semi-Furnished,19,18,6300
Andheri,Studio,3.4,373,1,0,0,1,Semi-Furnished,9,27,12800
Dadar,Shared Room,1.7,137,1,1,1,0,Semi-Furnished,3,28,7300
Dadar,Studio,3.7,336,1,1,0,0,Fully-Furnished,0,1,15000
Andheri,Studio,0.9,422,0,1,1,1,Unfurnished,4,21,17500
Malad,PG,3.4,100,1,0,0,0,Fully-Furnished,9,17,6800
Malad,2BHK,0.5,728,1,0,0,1,Fully-Furnished,20,0,36300
Borivali,PG,4.4,132,1,0,0,0,Fully-Furnished,9,20,6200
Goregaon,PG,0.4,116,0,1,1,0,Fully-Furnished,8,31,9200
Goregaon,Studio,3.1,313,0,1,0,1,Unfurnished,6,13,11500
Juhu,2BHK,3.0,985,0,1,0,0,Unfurnished,8,1,44200
Powai,PG,0.9,122,1,0,0,1,Semi-Furnished,6,19,11000
Andheri,PG,3.4,186,1,0,1,0,Unfurnished,5,38,6900
Worli,2BHK,0.5,1110,0,1,0,0,Fully-Furnished,7,23,50700
Thane,1BHK,4.7,632,1,1,0,0,Semi-Furnished,5,39,11000
Andheri,Studio,3.9,237,1,1,0,0,Fully-Furnished,6,35,14900
Goregaon,PG,2.6,152,1,0,1,1,Unfurnished,14,24,9500
Borivali,Shared Room,4.0,110,1,0,0,0,Unfurnished,7,18,3800
Malad,Studio,2.5,336,1,0,0,0,Semi-Furnished,6,27,9600
Goregaon,PG,1.8,142,0,1,0,0,Unfurnished,5,33,7100
Juhu,2BHK,2.4,621,1,1,1,0,Fully-Furnished,20,37,46900
Goregaon,Shared Room,4.5,169,1,0,1,1,Semi-Furnished,17,6,6900
Worli,PG,1.1,152,1,0,0,0,Fully-Furnished,13,26,13500
Worli,Shared Room,4.0,98,1,1,0,0,Fully-Furnished,3,28,8000
Borivali,2BHK,4.4,858,1,1,1,0,Fully-Furnished,20,5,25800
Powai,Shared Room,0.7,189,1,1,0,0,Semi-Furnished,2,22,8300
Andheri,2BHK,4.0,821,0,0,0,0,Semi-Furnished,16,13,30500
Juhu,Studio,3.2,229,1,0,0,0,Semi-Furnished,5,16,18000
Dadar,PG,4.9,103,1,0,0,1,Fully-Furnished,17,38,8300
Goregaon,1BHK,1.5,444,1,1,1,0,Fully-Furnished,5,10,20600
Andheri,2BHK,4.7,1099,1,0,1,1,Fully-Furnished,14,2,37700
Powai,1BHK,3.1,645,1,1,1,0,Fully-Furnished,6,10,28300
Bandra,Studio,4.7,360,1,0,1,0,Semi-Furnished,7,26,17300
Goregaon,2BHK,4.1,651,1,0,1,0,Semi-Furnished,8,21,23600
Goregaon,2BHK,3.9,888,0,1,0,0,Unfurnished,7,33,19700
Goregaon,1BHK,2.7,529,1,0,0,0,Fully-Furnished,1,40,14200
Bandra,Shared Room,0.9,129,1,0,0,0,Semi-Furnished,6,39,7700
Powai,Studio,3.0,250,0,0,1,0,Semi-Furnished,10,0,16700
Worli,Shared Room,0.5,131,1,1,0,0,Semi-Furnished,4,2,11100
Bandra,PG,0.6,128,1,0,0,0,Unfurnished,15,31,9300
Goregaon,2BHK,0.1,1091,1,0,0,0,Fully-Furnished,8,26,36100
Andheri,1BHK,4.5,403,0,0,1,0,Fully-Furnished,16,17,19400
Goregaon,Studio,2.3,388,0,1,1,0,Semi-Furnished,11,16,13100
Malad,Studio,0.5,439,1,0,0,0,Unfurnished,11,29,10500
Worli,Studio,3.4,246,1,1,1,0,Fully-Furnished,4,29,17700
Thane,Shared Room,4.8,92,0,1,0,0,Fully-Furnished,18,38,4400
Bandra,PG,0.6,213,1,0,1,0,Semi-Furnished,0,38,10100
Juhu,2BHK,2.1,901,1,1,0,0,Fully-Furnished,7,28,42000
Goregaon,2BHK,0.4,639,1,1,0,0,Fully-Furnished,1,6,33500
Thane,Studio,1.5,327,1,0,0,0,Semi-Furnished,0,35,7600
Thane,1BHK,4.3,610,1,1,0,0,Fully-Furnished,20,34,16200
Goregaon,1BHK,0.2,387,0,0,1,0,Fully-Furnished,10,7,21100
Thane,PG,0.7,130,0,0,0,0,Semi-Furnished,14,30,6000
Andheri,1BHK,3.0,563,1,0,0,0,Unfurnished,1,32,13500
Juhu,Studio,4.0,294,1,0,1,0,Semi-Furnished,12,13,17500
Borivali,2BHK,4.0,1069,1,1,1,1,Semi-Furnished,16,19,22100
Juhu,Shared Room,3.3,192,1,0,0,0,Unfurnished,14,7,7800
Andheri,Shared Room,0.4,144,1,0,0,1,Semi-Furnished,11,9,8200
Worli,2BHK,0.5,686,0,0,1,0,Semi-Furnished,6,5,48400
Juhu,PG,2.7,200,1,1,0,0,Unfurnished,11,21,11000
Powai,1BHK,4.0,481,1,0,1,1,Unfurnished,19,36,17600
Malad,Studio,2.0,282,1,1,0,0,Fully-Furnished,9,16,12200
Malad,Studio,2.9,333,0,0,0,1,Semi-Furnished,18,21,12700
Malad,PG,3.5,105,1,1,0,0,Fully-Furnished,15,27,6500
Worli,1BHK,4.9,453,0,0,1,1,Unfurnished,12,25,22500
Borivali,Studio,4.7,271,1,0,1,0,Unfurnished,5,3,8200
Malad,Shared Room,3.7,97,0,0,1,0,Unfurnished,4,40,3400
Borivali,PG,3.7,118,0,1,0,0,Fully-Furnished,0,15,5800
Goregaon,1BHK,2.8,404,0,0,1,0,Semi-Furnished,16,12,17700
Worli,1BHK,4.2,406,0,1,0,1,Fully-Furnished,10,13,34700
Borivali,1BHK,2.9,440,0,1,1,0,Semi-Furnished,1,18,14400
Dadar,PG,0.5,214,1,0,0,1,Unfurnished,3,14,9300
Malad,Studio,1.9,362,1,0,1,1,Semi-Furnished,2,31,12600
Juhu,PG,3.4,114,1,0,1,0,Unfurnished,0,30,10200
Thane,1BHK,1.8,382,1,1,0,1,Fully-Furnished,1,30,15700
Borivali,2BHK,3.3,1130,1,0,0,1,Fully-Furnished,4,9,25800
Dadar,Shared Room,0.9,189,1,0,1,0,Fully-Furnished,10,3,9500
Goregaon,1BHK,0.2,469,0,1,0,0,Semi-Furnished,7,22,17700
Borivali,1BHK,0.1,530,0,0,0,0,Unfurnished,5,21,14600
Malad,2BHK,2.9,1105,1,1,1,0,Unfurnished,0,4,24400
Dadar,PG,4.2,159,1,0,0,0,Semi-Furnished,15,16,7900
Worli,Studio,1.8,280,0,1,0,0,Unfurnished,12,15,19100
Borivali,1BHK,0.6,535,1,0,1,0,Semi-Furnished,12,12,18700
Dadar,2BHK,0.3,917,1,0,0,0,Unfurnished,3,31,32000
Malad,1BHK,3.7,571,1,0,1,1,Semi-Furnished,11,23,15600
Borivali,Shared Room,2.2,121,1,0,1,0,Fully-Furnished,2,28,4800
Malad,Shared Room,0.9,96,1,0,1,0,Fully-Furnished,15,17,6400
Bandra,1BHK,0.2,621,1,1,1,0,Unfurnished,18,33,27400
Borivali,2BHK,4.4,969,0,1,0,0,Fully-Furnished,8,7,20700
Thane,1BHK,3.3,386,0,1,1,1,Fully-Furnished,2,3,15300
Goregaon,1BHK,1.9,370,1,1,0,0,Fully-Furnished,14,29,19300
Dadar,PG,4.8,137,1,0,0,1,Unfurnished,5,22,7300
Thane,1BHK,3.7,550,0,1,0,1,Fully-Furnished,8,15,15700
Goregaon,2BHK,0.5,900,0,0,1,0,Fully-Furnished,6,38,27600
Dadar,Shared Room,3.2,140,0,0,1,0,Semi-Furnished,20,6,6700
Dadar,PG,3.5,223,0,0,1,0,Unfurnished,15,1,8500
Juhu,1BHK,4.1,439,0,1,1,0,Unfurnished,19,13,24600
Goregaon,Shared Room,3.7,133,0,0,1,0,Semi-Furnished,11,37,5000
Powai,PG,2.3,222,1,1,1,0,Unfurnished,16,25,10600
Goregaon,2BHK,0.7,606,1,1,0,0,Fully-Furnished,1,32,31300
Worli,Studio,0.1,274,1,1,1,0,Semi-Furnished,2,40,18600
Thane,2BHK,4.5,652,0,0,0,0,Semi-Furnished,0,34,17000
Malad,1BHK,2.1,569,1,0,0,1,Semi-Furnished,7,1,18200
Goregaon,PG,3.3,143,1,0,0,1,Fully-Furnished,7,38,8100
Malad,PG,3.9,213,1,1,0,0,Unfurnished,20,24,7600
Dadar,Studio,4.1,320,1,1,1,1,Unfurnished,17,25,13000
Dadar,PG,2.2,227,0,1,0,0,Semi-Furnished,11,18,7800
Andheri,Studio,0.7,316,1,0,0,0,Semi-Furnished,10,25,16600
Borivali,1BHK,4.5,523,1,1,1,0,Semi-Furnished,16,12,15700
Goregaon,Studio,4.0,261,1,1,1,0,Unfurnished,14,6,12300
Juhu,Shared Room,4.6,88,0,1,0,0,Fully-Furnished,14,24,9600
Malad,2BHK,1.4,629,1,0,0,1,Fully-Furnished,7,35,27700
Powai,1BHK,4.4,377,1,1,1,0,Semi-Furnished,12,36,21100
Andheri,Studio,4.7,202,1,0,0,0,Unfurnished,20,40,9500
Powai,PG,3.2,173,1,0,0,0,Unfurnished,13,15,8700
Goregaon,Studio,4.6,294,1,1,1,0,Semi-Furnished,7,19,11400
Andheri,Studio,0.3,345,1,1,0,1,Fully-Furnished,16,26,21000
Dadar,Shared Room,2.1,157,1,0,1,0,Unfurnished,3,29,5200
Worli,1BHK,0.8,561,1,0,1,0,Semi-Furnished,16,21,28300
Dadar,1BHK,2.7,644,1,0,0,1,Semi-Furnished,20,6,22100
Goregaon,Shared Room,0.9,93,1,1,0,0,Semi-Furnished,2,12,5500
Goregaon,Shared Room,1.9,128,1,0,1,0,Unfurnished,11,40,5000
Borivali,Shared Room,3.9,125,1,1,1,0,Semi-Furnished,1,20,4800
Malad,1BHK,0.5,598,1,1,1,1,Fully-Furnished,10,40,21100
Thane,Shared Room,2.0,120,1,0,1,0,Fully-Furnished,16,2,6900
Andheri,2BHK,0.7,778,0,1,0,1,Unfurnished,20,39,32800
Andheri,1BHK,4.8,426,0,0,0,0,Unfurnished,9,7,15500
Powai,Shared Room,0.6,171,1,1,0,0,Unfurnished,9,39,7300
Borivali,PG,0.8,227,0,1,1,0,Fully-Furnished,1,30,9000
Dadar,Shared Room,4.4,190,0,1,0,0,Unfurnished,12,19,5300
Powai,2BHK,1.2,747,0,0,0,0,Fully-Furnished,3,16,38200
Worli,Shared Room,0.3,198,1,0,0,1,Fully-Furnished,14,4,13100
Malad,PG,2.4,115,0,1,0,0,Unfurnished,5,4,5600
Worli,1BHK,3.4,524,0,0,0,1,Unfurnished,15,8,27100
Powai,Studio,1.8,380,0,0,0,0,Semi-Furnished,20,14,16600
Borivali,PG,2.5,145,1,1,0,1,Unfurnished,8,2,8300
Andheri,1BHK,2.6,385,1,0,1,0,Fully-Furnished,20,4,25100
Goregaon,PG,0.2,142,1,1,0,0,Semi-Furnished,11,32,8300
Malad,1BHK,2.5,376,0,1,0,0,Semi-Furnished,9,37,13900
Goregaon,PG,0.2,104,1,1,0,0,Fully-Furnished,19,35,8900
Worli,PG,2.5,125,1,1,0,0,Semi-Furnished,15,8,12900
Juhu,Studio,4.7,286,1,0,0,0,Semi-Furnished,7,6,19500
Powai,Shared Room,1.1,89,1,1,0,0,Semi-Furnished,16,36,7800
Dadar,Studio,1.1,331,1,0,1,0,Semi-Furnished,4,13,15900
Thane,1BHK,0.3,470,1,1,1,0,Fully-Furnished,10,23,18800
Juhu,Shared Room,2.3,184,0,1,1,0,Fully-Furnished,13,16,12500
Borivali,Studio,3.8,316,0,1,0,0,Unfurnished,15,36,8900
Thane,1BHK,2.3,556,1,1,0,0,Unfurnished,19,22,13700
Borivali,PG,3.4,188,1,1,0,0,Semi-Furnished,9,32,6600
Goregaon,PG,0.6,245,1,1,0,0,Unfurnished,5,37,6100
Bandra,Studio,3.5,246,1,0,0,0,Fully-Furnished,7,9,16600
Thane,Studio,4.2,437,1,0,0,0,Fully-Furnished,10,4,12700
Goregaon,2BHK,3.9,910,1,0,1,0,Semi-Furnished,6,14,28600
Powai,2BHK,0.3,669,0,0,0,0,Fully-Furnished,10,11,45400
Goregaon,2BHK,4.2,804,1,0,0,0,Semi-Furnished,10,37,20600
Thane,PG,1.5,173,1,0,1,0,Unfurnished,8,27,5600
Borivali,Studio,4.7,327,0,0,0,0,Semi-Furnished,16,31,9700
Dadar,Shared Room,2.7,101,1,1,1,0,Unfurnished,3,9,6900
Dadar,Studio,3.0,318,1,0,0,0,Unfurnished,15,38,11400
Bandra,PG,1.1,173,1,0,0,0,Fully-Furnished,10,29,12700
Powai,1BHK,1.0,372,1,1,1,1,Semi-Furnished,6,26,29400
Andheri,Studio,3.5,402,1,0,0,1,Fully-Furnished,18,27,16300
Borivali,Shared Room,3.9,103,1,0,0,0,Unfurnished,6,30,3200
Juhu,PG,2.3,185,1,0,0,0,Semi-Furnished,11,8,11800
Bandra,Shared Room,3.1,125,1,0,0,0,Fully-Furnished,0,1,8200
Goregaon,2BHK,2.0,786,0,1,0,0,Fully-Furnished,19,20,28000
Juhu,Shared Room,3.0,128,1,0,1,1,Unfurnished,9,23,9600
Goregaon,PG,4.8,102,0,0,0,0,Semi-Furnished,14,24,5800
Bandra,Studio,4.5,222,1,0,1,0,Unfurnished,9,3,16100
Worli,PG,1.8,196,1,1,0,1,Fully-Furnished,3,19,13500
Juhu,PG,1.1,191,0,0,0,1,Unfurnished,3,29,11600
Juhu,Shared Room,1.2,117,1,0,0,0,Unfurnished,1,26,6700
Malad,Shared Room,3.2,139,1,1,0,1,Semi-Furnished,20,28,7300
Bandra,PG,0.4,198,1,1,1,1,Semi-Furnished,1,23,12600
Goregaon,Studio,0.1,263,1,0,0,0,Semi-Furnished,15,20,15300
Borivali,PG,2.7,183,1,1,1,1,Unfurnished,6,11,8200
Andheri,1BHK,1.6,545,1,0,0,0,Unfurnished,13,7,22000
Dadar,PG,0.2,156,1,1,0,0,Semi-Furnished,9,32,8700
Borivali,Shared Room,0.7,107,1,1,1,1,Semi-Furnished,1,20,6600
Bandra,Shared Room,1.5,120,1,1,1,1,Unfurnished,14,14,11500
Powai,2BHK,0.9,659,1,0,1,0,Fully-Furnished,18,11,44800
Borivali,Shared Room,1.3,139,1,1,0,0,Fully-Furnished,19,27,6900
Thane,Shared Room,2.6,130,1,0,0,0,Fully-Furnished,14,22,4500
Bandra,1BHK,1.1,631,1,0,1,0,Fully-Furnished,6,33,32100
Thane,Studio,1.3,404,1,0,1,0,Unfurnished,18,0,11100
Goregaon,Shared Room,4.9,145,1,0,0,1,Fully-Furnished,1,13,6600
Dadar,PG,0.7,211,0,1,0,0,Semi-Furnished,20,38,10200
Goregaon,1BHK,1.5,435,1,0,0,1,Semi-Furnished,14,13,18400
Juhu,Shared Room,1.9,107,0,1,1,0,Unfurnished,13,10,8800
Worli,1BHK,0.1,584,0,0,1,0,Semi-Furnished,9,5,27300
Juhu,1BHK,4.1,553,1,1,1,1,Semi-Furnished,7,29,23900
Bandra,1BHK,2.6,352,0,1,0,1,Unfurnished,18,29,22400
Worli,2BHK,0.5,743,0,0,0,0,Unfurnished,18,14,38800
Goregaon,2BHK,0.8,932,1,1,0,1,Fully-Furnished,9,37,33200
Dadar,1BHK,1.6,471,1,0,1,0,Unfurnished,18,40,19900
Juhu,Shared Room,3.8,109,0,0,0,1,Semi-Furnished,18,19,9300
Andheri,PG,3.6,182,1,1,0,0,Unfurnished,12,18,7900
Powai,Studio,2.7,300,0,1,0,0,Semi-Furnished,5,10,19000
Dadar,Shared Room,2.4,125,0,1,1,0,Fully-Furnished,18,20,8600
Bandra,PG,3.3,144,1,0,0,0,Unfurnished,15,9,10300
Andheri,Studio,4.2,362,1,0,0,0,Semi-Furnished,1,5,12500
Malad,2BHK,4.2,1179,1,0,0,0,Fully-Furnished,4,2,26600
Thane,2BHK,0.8,725,1,0,1,0,Unfurnished,3,39,19800
Juhu,2BHK,0.7,807,0,1,1,0,Semi-Furnished,16,32,41600
Malad,Shared Room,0.3,172,1,1,0,0,Unfurnished,0,29,5300
Malad,1BHK,4.5,487,1,0,0,0,Fully-Furnished,20,11,14800
Thane,2BHK,4.6,879,1,0,0,0,Unfurnished,18,0,20800
Borivali,Shared Room,2.0,151,1,0,0,1,Fully-Furnished,11,39,5100
Juhu,PG,0.2,245,0,1,1,0,Fully-Furnished,3,12,15400
Borivali,Shared Room,2.9,166,0,0,1,0,Fully-Furnished,6,19,5100
Bandra,Studio,3.9,366,1,1,0,0,Semi-Furnished,11,27,19100
Goregaon,Studio,2.4,437,0,1,1,0,Unfurnished,6,0,13000
Goregaon,Studio,2.9,302,1,0,1,0,Unfurnished,1,37,9300
Bandra,1BHK,0.8,560,1,1,0,0,Fully-Furnished,19,31,30900
Goregaon,Studio,4.1,449,1,0,1,0,Semi-Furnished,0,17,11400
Goregaon,Shared Room,1.1,163,1,0,1,0,Semi-Furnished,8,2,5900
Andheri,Shared Room,0.6,190,1,0,0,1,Semi-Furnished,7,4,8800
Borivali,2BHK,4.9,1140,0,0,0,0,Unfurnished,1,8,18500
Andheri,1BHK,2.3,640,1,0,1,0,Semi-Furnished,1,37,16300
Dadar,1BHK,1.9,434,0,1,1,1,Fully-Furnished,20,10,26300
Thane,1BHK,2.9,406,1,1,0,0,Unfurnished,7,0,12400
Malad,1BHK,2.3,431,1,0,1,1,Fully-Furnished,15,9,18100
Powai,2BHK,4.3,600,0,1,1,1,Fully-Furnished,18,33,38900
Andheri,Studio,1.4,401,0,0,1,0,Unfurnished,15,3,17100
Juhu,Studio,2.6,332,0,1,1,1,Unfurnished,10,32,19700
Borivali,2BHK,3.7,806,1,0,1,1,Unfurnished,7,34,18700
Bandra,PG,1.8,233,1,0,1,0,Fully-Furnished,12,23,13100
Goregaon,Shared Room,2.4,112,1,0,1,0,Unfurnished,7,12,5500
Powai,2BHK,0.7,944,1,1,1,0,Semi-Furnished,2,3,42600
Powai,1BHK,3.4,398,1,1,0,0,Unfurnished,11,38,18500
Thane,2BHK,3.7,646,1,0,0,0,Unfurnished,10,20,15500
Bandra,Studio,2.3,261,1,1,0,1,Unfurnished,10,36,16800
Borivali,2BHK,4.2,1109,0,1,0,0,Fully-Furnished,20,32,24700
Bandra,1BHK,0.2,570,0,0,0,1,Semi-Furnished,9,2,29000
Bandra,1BHK,2.3,634,0,1,1,0,Semi-Furnished,3,7,31300
Borivali,2BHK,2.9,1160,0,0,0,0,Unfurnished,13,22,20200
Goregaon,PG,2.9,136,0,0,0,0,Fully-Furnished,1,29,6000
Dadar,PG,1.0,142,1,0,0,1,Fully-Furnished,4,0,12400
Goregaon,Shared Room,0.7,160,1,0,1,0,Unfurnished,7,14,6000
Powai,2BHK,1.1,746,0,1,0,0,Fully-Furnished,17,17,44200
Malad,Shared Room,4.8,137,0,0,1,1,Unfurnished,19,19,6600
Thane,PG,4.8,175,0,0,0,1,Unfurnished,3,34,3400
Juhu,1BHK,3.1,393,1,0,1,1,Semi-Furnished,14,16,27000
Borivali,1BHK,1.6,495,1,1,0,0,Semi-Furnished,0,11,15500
Powai,1BHK,2.2,532,0,0,1,1,Unfurnished,1,34,20800
Malad,Shared Room,3.3,164,0,1,1,1,Unfurnished,4,30,5900
Juhu,PG,3.5,247,1,1,1,1,Unfurnished,20,37,12300
Thane,1BHK,1.7,534,0,0,0,1,Unfurnished,11,35,13500
Dadar,Shared Room,0.7,199,0,1,1,0,Semi-Furnished,9,35,6900
Goregaon,2BHK,0.6,934,1,0,0,0,Unfurnished,14,8,27700
Malad,1BHK,0.1,468,1,0,0,0,Unfurnished,17,29,16800
Dadar,PG,2.6,153,0,1,0,1,Fully-Furnished,12,2,12200
Malad,2BHK,2.8,1080,1,0,1,0,Semi-Furnished,12,7,25400
Borivali,1BHK,0.2,596,1,0,1,0,Semi-Furnished,4,7,16700
Malad,1BHK,0.6,512,1,0,1,0,Fully-Furnished,1,7,22300
Goregaon,Shared Room,0.7,171,1,0,1,0,Semi-Furnished,3,35,6500
Bandra,2BHK,4.8,988,1,0,0,1,Semi-Furnished,0,30,32200
Thane,Studio,1.4,431,1,0,1,0,Semi-Furnished,10,2,11500
Worli,2BHK,0.9,654,0,1,0,0,Fully-Furnished,7,17,51100
Juhu,PG,1.1,143,1,1,0,0,Semi-Furnished,8,9,12300
Andheri,2BHK,0.8,754,1,0,1,0,Semi-Furnished,3,39,29500
Powai,Shared Room,1.8,124,1,0,1,1,Unfurnished,18,3,8900
Worli,PG,1.5,116,0,1,1,0,Unfurnished,10,13,12100
Andheri,Studio,2.0,356,0,0,1,1,Fully-Furnished,2,17,17800
Thane,1BHK,0.3,589,1,0,0,0,Unfurnished,6,21,14400
Juhu,Shared Room,4.2,118,0,1,0,0,Semi-Furnished,4,23,7700
Goregaon,2BHK,1.6,659,0,1,0,0,Semi-Furnished,9,13,31600
Andheri,1BHK,2.8,555,1,0,1,0,Semi-Furnished,9,9,23500
Thane,1BHK,0.4,418,1,1,0,0,Semi-Furnished,10,13,17600
Dadar,2BHK,1.1,965,1,1,0,0,Fully-Furnished,1,24,38100
Bandra,PG,1.8,245,1,0,0,1,Fully-Furnished,17,23,15000
Borivali,Shared Room,1.3,110,0,0,1,0,Unfurnished,12,1,5300
Powai,Shared Room,2.9,111,0,0,1,0,Semi-Furnished,1,22,7100
Bandra,PG,1.4,208,0,0,0,0,Semi-Furnished,15,13,9900
Goregaon,1BHK,4.7,613,1,1,1,1,Unfurnished,19,2,19100
Goregaon,PG,1.0,239,1,1,0,0,Semi-Furnished,20,27,9100
Bandra,Studio,2.6,219,1,0,1,0,Unfurnished,5,9,17400
Juhu,Shared Room,0.7,154,1,1,1,0,Unfurnished,2,18,8900
Powai,Shared Room,2.4,156,1,0,0,1,Semi-Furnished,19,1,10400
Juhu,Shared Room,1.4,96,1,0,1,0,Fully-Furnished,12,1,11800
Andheri,2BHK,2.0,1149,1,1,1,1,Fully-Furnished,20,2,41700
Goregaon,PG,1.7,101,0,1,1,1,Semi-Furnished,2,3,8300
Andheri,PG,2.7,154,0,0,1,0,Fully-Furnished,1,2,10600
Borivali,1BHK,1.0,445,1,1,0,1,Unfurnished,12,7,17200
Worli,PG,3.6,246,1,0,0,0,Semi-Furnished,13,27,9000
Malad,PG,5.0,158,0,1,1,0,Unfurnished,10,27,6300
Malad,PG,2.1,194,1,1,1,0,Semi-Furnished,16,6,9100
Juhu,2BHK,1.5,632,1,1,1,0,Semi-Furnished,19,17,42700
Goregaon,PG,3.2,233,1,0,0,0,Semi-Furnished,6,40,5800
Dadar,2BHK,0.2,1121,1,0,0,0,Semi-Furnished,11,28,32400
Powai,1BHK,2.8,571,1,0,0,1,Semi-Furnished,12,25,19100
Andheri,Shared Room,2.9,151,1,0,0,0,Semi-Furnished,1,8,6200
Bandra,1BHK,1.9,582,1,0,1,0,Fully-Furnished,15,38,23800
Powai,Studio,2.7,254,1,1,1,1,Semi-Furnished,2,28,14100
Juhu,Shared Room,4.9,120,1,1,0,1,Unfurnished,12,9,9700
Worli,1BHK,2.6,621,1,0,1,0,Semi-Furnished,10,39,25800
Thane,1BHK,1.5,522,0,0,0,0,Semi-Furnished,15,8,15800
Goregaon,1BHK,0.2,509,1,0,1,0,Semi-Furnished,9,9,21200
Malad,Studio,1.7,363,0,1,0,0,Semi-Furnished,7,16,11600
Goregaon,Shared Room,0.8,172,0,0,1,1,Unfurnished,14,21,7000
Malad,Shared Room,4.3,142,1,0,0,0,Semi-Furnished,18,10,5500
Andheri,Shared Room,4.3,90,1,1,0,0,Unfurnished,19,22,6500
Juhu,2BHK,1.0,781,1,0,0,1,Semi-Furnished,12,18,52000
Andheri,Studio,3.6,427,0,1,0,0,Semi-Furnished,2,2,17400
Dadar,Studio,0.2,205,0,1,0,1,Fully-Furnished,12,35,20100
Goregaon,1BHK,0.3,618,1,1,0,0,Semi-Furnished,15,35,18300
Dadar,1BHK,4.2,443,1,1,0,1,Semi-Furnished,16,29,18600
Powai,2BHK,1.8,604,1,0,0,0,Fully-Furnished,2,35,35000
Goregaon,1BHK,0.8,465,1,0,1,0,Unfurnished,11,1,17200
Borivali,PG,2.7,102,0,1,0,1,Semi-Furnished,9,25,6800
Powai,PG,2.6,143,1,0,0,1,Unfurnished,9,13,10400
Bandra,Shared Room,0.8,140,1,0,0,0,Fully-Furnished,13,30,9600
Thane,2BHK,3.4,1007,1,1,0,0,Unfurnished,13,37,17500
Andheri,2BHK,2.1,620,1,1,0,0,Semi-Furnished,10,33,29300
Bandra,2BHK,0.8,831,1,1,0,0,Semi-Furnished,18,20,44000
Thane,2BHK,1.4,664,1,1,1,0,Fully-Furnished,11,7,25800
Bandra,Studio,2.7,205,0,0,1,1,Unfurnished,10,15,17100
Juhu,Studio,2.0,335,0,0,0,0,Semi-Furnished,1,28,20900
Dadar,Shared Room,2.0,108,0,1,1,1,Unfurnished,6,40,6100
Powai,1BHK,3.0,425,0,1,0,0,Semi-Furnished,19,19,24000
Juhu,2BHK,3.6,1005,0,1,1,0,Fully-Furnished,2,37,43700
Andheri,1BHK,3.4,497,1,0,0,0,Unfurnished,13,17,15700
Goregaon,2BHK,0.4,815,1,1,0,0,Semi-Furnished,0,2,33400
Bandra,1BHK,1.3,378,1,0,1,0,Fully-Furnished,18,15,30700
Powai,Studio,1.9,315,1,1,0,1,Semi-Furnished,18,22,20900
Bandra,Studio,0.4,243,0,1,0,0,Semi-Furnished,15,21,19800
Malad,Studio,0.7,434,1,1,1,0,Unfurnished,10,8,12700
Dadar,Shared Room,2.6,194,1,0,1,0,Unfurnished,15,22,6100
Dadar,PG,3.9,212,1,0,0,0,Fully-Furnished,13,3,10000
Dadar,PG,1.2,207,1,1,0,0,Fully-Furnished,11,36,10500
Worli,PG,0.9,228,1,1,0,0,Semi-Furnished,19,2,14100
Goregaon,Studio,2.1,270,1,1,1,1,Fully-Furnished,2,28,15200
Borivali,Shared Room,4.0,124,1,1,0,0,Semi-Furnished,20,23,6100
Bandra,2BHK,0.9,1075,1,0,0,0,Fully-Furnished,6,0,53100
Andheri,PG,4.4,116,1,0,1,0,Unfurnished,12,35,7200
Bandra,PG,4.6,126,1,1,0,0,Semi-Furnished,11,1,11500
Bandra,PG,1.7,201,0,1,1,0,Semi-Furnished,11,21,13000
Goregaon,1BHK,4.0,592,1,1,0,0,Fully-Furnished,1,10,17900
Juhu,2BHK,3.2,1024,1,1,0,1,Unfurnished,12,29,39200
Goregaon,Shared Room,1.1,187,1,0,1,0,Fully-Furnished,19,27,7000
Juhu,PG,1.5,170,0,0,0,0,Fully-Furnished,0,19,11600
Goregaon,2BHK,4.1,1137,1,0,0,0,Unfurnished,17,35,18200
Dadar,1BHK,3.4,400,0,1,1,0,Fully-Furnished,7,35,18000
Dadar,PG,3.0,216,1,1,1,0,Fully-Furnished,0,30,9300
Dadar,Shared Room,3.2,88,0,0,1,0,Semi-Furnished,18,7,7200
Andheri,PG,3.9,129,1,0,1,0,Fully-Furnished,3,11,8600
Bandra,2BHK,1.1,1129,1,1,1,0,Fully-Furnished,12,38,50000
Worli,PG,0.9,148,1,0,0,1,Unfurnished,0,27,11200
Powai,2BHK,1.3,644,0,0,0,0,Fully-Furnished,20,28,41200
Powai,Studio,0.2,270,0,0,0,1,Unfurnished,15,13,17800
Dadar,1BHK,2.0,437,1,0,1,0,Unfurnished,16,39,18000
Dadar,Studio,2.3,202,1,0,0,0,Unfurnished,8,36,11100
Dadar,1BHK,2.1,563,1,1,0,0,Fully-Furnished,20,5,25600
Powai,1BHK,0.8,593,0,1,1,0,Unfurnished,11,6,23400
Andheri,Studio,1.1,361,1,1,1,0,Semi-Furnished,9,11,19000
Andheri,Shared Room,3.3,179,1,0,0,0,Semi-Furnished,9,1,6000
Powai,Shared Room,3.2,142,1,1,1,0,Semi-Furnished,17,13,8800
Malad,PG,3.6,125,1,1,0,0,Semi-Furnished,19,4,7500
Bandra,1BHK,3.0,406,1,0,1,0,Unfurnished,3,27,22600
Powai,1BHK,3.2,401,0,0,0,1,Semi-Furnished,17,17,22200
Borivali,Studio,3.7,256,1,0,0,1,Semi-Furnished,18,39,11500
Malad,1BHK,2.3,452,1,1,1,0,Semi-Furnished,18,0,20800
Borivali,PG,0.7,227,0,1,0,1,Fully-Furnished,18,29,9200
Goregaon,PG,0.6,147,1,1,0,1,Fully-Furnished,12,12,10600
Goregaon,Shared Room,3.5,156,1,1,0,0,Semi-Furnished,4,27,5900
Juhu,Shared Room,0.3,135,1,1,0,0,Fully-Furnished,5,15,10700
Juhu,Shared Room,4.5,160,1,1,0,0,Semi-Furnished,1,18,6500
Juhu,PG,1.6,204,1,1,1,0,Fully-Furnished,12,24,15900
Dadar,2BHK,4.6,1133,1,1,0,1,Unfurnished,15,13,31000
Dadar,Shared Room,3.4,185,0,1,1,0,Fully-Furnished,16,17,7100
Juhu,Studio,0.2,369,1,0,0,1,Unfurnished,17,27,21900
Malad,1BHK,2.5,518,1,0,0,0,Semi-Furnished,19,19,17600
Goregaon,Shared Room,3.5,106,1,1,1,0,Fully-Furnished,1,29,6000
Malad,1BHK,4.7,477,1,1,0,0,Semi-Furnished,6,19,15200
Goregaon,1BHK,0.8,407,1,0,1,0,Fully-Furnished,7,15,23000
Goregaon,PG,2.5,182,1,1,0,0,Semi-Furnished,11,17,8800
Bandra,Shared Room,1.0,158,1,1,0,0,Fully-Furnished,9,26,9200
Powai,2BHK,2.0,718,1,1,0,0,Semi-Furnished,8,21,33500
Worli,1BHK,0.2,537,0,0,0,0,Fully-Furnished,15,28,28500
Thane,Shared Room,4.1,81,1,1,1,0,Semi-Furnished,17,0,6200
Worli,PG,3.3,214,0,1,1,1,Fully-Furnished,2,5,14200
Thane,2BHK,4.3,978,0,0,1,1,Semi-Furnished,1,39,17300
Powai,1BHK,0.8,527,1,0,0,0,Unfurnished,9,35,21100
Malad,2BHK,4.8,1128,0,1,0,0,Unfurnished,12,17,22000
Thane,2BHK,0.8,776,1,0,0,0,Fully-Furnished,10,26,25100
Bandra,Shared Room,2.2,119,0,0,0,0,Unfurnished,18,0,7200
Borivali,2BHK,0.1,1105,1,1,0,0,Fully-Furnished,16,25,28800
Dadar,Shared Room,1.4,193,0,0,1,1,Semi-Furnished,13,11,8300
Juhu,Studio,3.7,329,1,0,0,1,Unfurnished,7,22,13400
Borivali,Studio,4.3,404,1,1,0,1,Fully-Furnished,5,38,9800
Malad,2BHK,3.7,958,0,1,1,0,Unfurnished,19,25,22200
Powai,Studio,1.8,389,0,0,0,0,Fully-Furnished,4,17,20300
Andheri,1BHK,4.3,387,0,0,0,0,Unfurnished,8,4,18300
Juhu,Studio,2.1,383,0,1,0,1,Fully-Furnished,19,29,24800
Thane,Studio,3.7,385,0,1,1,1,Unfurnished,8,20,9500
Andheri,1BHK,2.9,377,1,0,0,1,Unfurnished,6,22,20500
Goregaon,Studio,0.9,340,1,1,0,1,Semi-Furnished,2,28,13600
Dadar,Shared Room,3.0,172,1,0,0,1,Fully-Furnished,14,7,10500
Malad,1BHK,1.8,491,1,1,0,1,Semi-Furnished,15,9,18000
Thane,Shared Room,0.2,91,1,1,0,0,Fully-Furnished,19,35,6400
Goregaon,1BHK,4.6,579,1,1,0,1,Fully-Furnished,7,12,18700
Powai,Studio,2.6,331,1,1,0,1,Semi-Furnished,19,10,21000
Juhu,Studio,0.2,227,1,1,0,0,Fully-Furnished,3,30,24900
Thane,2BHK,5.0,1192,1,0,0,1,Unfurnished,15,39,16700
Powai,1BHK,2.0,598,1,0,1,1,Unfurnished,18,14,26300
Andheri,1BHK,4.1,486,1,0,0,0,Semi-Furnished,19,9,20200
Powai,Studio,4.3,409,1,1,0,0,Semi-Furnished,15,2,16600
Borivali,2BHK,0.6,652,1,1,1,0,Fully-Furnished,17,24,28700
Worli,Studio,2.6,435,0,1,1,0,Unfurnished,0,34,15800
Borivali,2BHK,2.5,882,0,1,1,0,Fully-Furnished,3,31,22000
Worli,Shared Room,4.9,178,0,0,0,0,Fully-Furnished,1,6,7200
Dadar,1BHK,3.2,468,1,1,1,1,Fully-Furnished,2,29,21300
Andheri,2BHK,1.8,1023,0,1,0,0,Fully-Furnished,18,39,33200
Malad,2BHK,3.1,776,0,0,0,0,Semi-Furnished,10,0,28300
Dadar,PG,1.1,241,1,1,1,1,Semi-Furnished,11,23,11800
Juhu,Studio,2.2,373,0,1,1,0,Fully-Furnished,11,36,23600
Malad,2BHK,2.1,860,0,0,1,0,Unfurnished,2,9,22300
Goregaon,PG,4.4,144,1,1,0,0,Semi-Furnished,2,19,6300
Bandra,PG,3.5,155,1,0,0,0,Semi-Furnished,15,33,7900
Juhu,2BHK,1.2,1029,1,1,1,1,Semi-Furnished,9,23,45800
Malad,1BHK,3.9,444,1,1,0,0,Fully-Furnished,11,27,15200
Thane,2BHK,0.5,1026,1,0,0,0,Fully-Furnished,2,7,25900
Powai,2BHK,1.9,882,0,1,1,1,Unfurnished,10,37,37900
Dadar,Shared Room,4.7,198,0,1,0,0,Unfurnished,6,35,4200
Dadar,1BHK,3.2,486,0,0,0,1,Unfurnished,18,37,15400
Bandra,Shared Room,5.0,173,0,0,0,1,Unfurnished,9,40,6300
Bandra,Studio,0.2,233,0,0,1,1,Semi-Furnished,14,25,21700
Dadar,2BHK,0.2,871,1,0,1,0,Unfurnished,12,37,29800
Andheri,Shared Room,3.9,94,1,0,1,0,Fully-Furnished,6,38,5700
Goregaon,PG,3.6,221,1,1,1,1,Unfurnished,1,2,8900
Borivali,2BHK,1.4,806,1,1,0,0,Fully-Furnished,3,4,30100
Juhu,2BHK,1.6,1122,1,1,1,1,Fully-Furnished,12,40,51700
Thane,Studio,1.9,215,1,1,1,1,Fully-Furnished,15,3,13300
Goregaon,1BHK,0.1,611,1,0,1,1,Semi-Furnished,9,13,22800
Thane,Studio,3.7,409,0,0,1,0,Semi-Furnished,16,32,10700
Goregaon,Studio,3.7,414,1,0,0,1,Semi-Furnished,6,23,15100
Malad,2BHK,0.2,727,1,1,1,0,Unfurnished,6,5,22800
Worli,PG,4.0,146,0,0,1,1,Semi-Furnished,6,9,11900
Powai,PG,3.1,189,1,0,0,0,Semi-Furnished,5,18,8400
Malad,Studio,2.4,391,1,1,1,1,Semi-Furnished,20,8,15600
Dadar,Shared Room,4.8,89,1,0,0,0,Semi-Furnished,12,0,6100
Borivali,1BHK,3.3,508,1,1,0,1,Semi-Furnished,5,14,17100
Juhu,Shared Room,4.7,153,0,1,0,0,Fully-Furnished,14,14,8400
Thane,PG,1.7,237,1,1,0,0,Fully-Furnished,7,14,7200
Thane,PG,1.1,122,1,0,0,0,Unfurnished,13,12,5500
Worli,Studio,1.9,391,1,1,0,0,Fully-Furnished,0,40,20000
Andheri,Shared Room,4.6,81,1,0,0,0,Semi-Furnished,0,20,4400
Worli,Shared Room,1.1,128,1,1,0,1,Semi-Furnished,6,0,10300
Juhu,Shared Room,3.1,172,0,0,1,0,Unfurnished,11,36,7200
Andheri,Shared Room,4.8,106,1,0,0,0,Fully-Furnished,17,28,5600
Juhu,PG,1.8,108,1,0,0,0,Semi-Furnished,1,3,11400
Juhu,PG,4.7,117,0,1,0,0,Unfurnished,3,29,9000
Bandra,2BHK,4.0,1002,1,0,0,0,Fully-Furnished,15,9,43900
Powai,Shared Room,2.7,132,0,0,1,1,Semi-Furnished,11,23,8300
Powai,Shared Room,3.3,109,1,0,1,0,Semi-Furnished,1,30,7400
Worli,Shared Room,3.0,199,1,0,1,0,Semi-Furnished,20,21,10000
Andheri,Shared Room,2.4,149,0,0,1,0,Fully-Furnished,14,5,7300
Worli,1BHK,0.9,546,1,1,0,0,Unfurnished,5,5,30400
Juhu,2BHK,1.5,703,1,1,0,1,Semi-Furnished,11,27,41600
Worli,Studio,4.1,353,1,1,0,0,Fully-Furnished,3,3,20600
Worli,Studio,2.3,351,0,0,0,0,Fully-Furnished,3,17,21400
Thane,PG,3.3,133,0,0,0,1,Unfurnished,15,35,5200
Malad,2BHK,3.6,952,1,1,1,0,Semi-Furnished,2,14,22000
Borivali,1BHK,0.4,574,1,1,0,0,Unfurnished,5,17,13800
Juhu,Studio,0.9,402,1,1,0,0,Semi-Furnished,7,19,21800
Borivali,Studio,1.4,417,1,1,0,1,Semi-Furnished,14,25,12400
Thane,1BHK,4.7,476,1,1,0,1,Unfurnished,0,28,12000
Goregaon,Studio,0.6,222,1,0,0,0,Fully-Furnished,6,17,13300
Powai,1BHK,1.1,541,1,1,1,0,Unfurnished,20,30,22500
Andheri,Shared Room,1.4,189,1,0,1,1,Fully-Furnished,15,16,9700
Worli,Studio,3.9,394,1,0,0,0,Unfurnished,2,1,17100
Bandra,Studio,3.0,262,0,1,1,0,Unfurnished,11,30,17100
Thane,1BHK,4.9,372,0,1,0,0,Semi-Furnished,12,31,11100
Borivali,2BHK,0.6,1051,1,0,0,1,Fully-Furnished,3,4,28300
Powai,2BHK,4.1,1073,0,1,0,0,Unfurnished,9,22,26900
Thane,1BHK,1.9,561,1,0,1,0,Semi-Furnished,2,30,14100
Goregaon,Studio,2.2,284,1,0,1,0,Unfurnished,11,16,11500
Andheri,PG,1.6,137,0,1,0,0,Fully-Furnished,19,38,9600
Juhu,Studio,4.7,224,1,0,1,0,Unfurnished,13,1,17200
Bandra,2BHK,1.5,883,0,1,1,1,Semi-Furnished,13,26,43300
Dadar,PG,2.0,192,1,1,0,0,Unfurnished,9,36,8200
Andheri,Studio,0.1,277,0,1,1,0,Unfurnished,0,16,15100
Worli,Shared Room,2.0,174,1,1,0,0,Unfurnished,10,6,8900
Powai,2BHK,2.9,749,1,1,1,0,Unfurnished,1,23,32000
Malad,Studio,1.8,308,1,0,0,0,Fully-Furnished,0,22,12000
Thane,Studio,0.9,236,1,0,0,0,Fully-Furnished,6,7,10100
Malad,2BHK,2.2,1185,1,0,0,1,Unfurnished,2,14,22500
Juhu,2BHK,1.6,942,1,0,0,0,Fully-Furnished,7,3,50000
Malad,PG,1.8,221,1,1,0,0,Fully-Furnished,0,29,7500
Powai,PG,0.3,113,1,0,1,1,Unfurnished,20,2,13700
Worli,Shared Room,1.9,100,1,0,1,1,Semi-Furnished,2,29,8600
Powai,2BHK,2.8,860,1,0,0,0,Unfurnished,2,27,26700
Thane,1BHK,1.4,469,1,1,1,0,Semi-Furnished,19,36,15400
Thane,Studio,2.1,278,0,1,0,0,Fully-Furnished,16,40,10100
Juhu,Studio,0.8,229,1,0,1,1,Unfurnished,10,14,23400
Dadar,Studio,5.0,358,1,1,1,0,Fully-Furnished,0,36,16900
Thane,Shared Room,1.4,120,1,1,0,0,Unfurnished,20,6,6400
Bandra,2BHK,2.9,814,1,0,1,0,Semi-Furnished,1,39,33800
Borivali,PG,1.5,153,1,1,1,1,Unfurnished,9,22,8600
Worli,1BHK,3.1,415,1,0,1,1,Unfurnished,1,1,25500
Malad,PG,0.8,235,1,1,0,0,Fully-Furnished,13,0,10500
Malad,PG,4.9,208,1,0,0,1,Semi-Furnished,18,25,7900
Powai,2BHK,2.1,687,1,1,1,1,Unfurnished,1,8,35800
Andheri,Studio,0.2,201,1,0,0,1,Fully-Furnished,5,16,16700
Bandra,2BHK,2.2,669,1,0,1,1,Unfurnished,7,24,34700
Borivali,Shared Room,0.2,106,1,1,0,0,Fully-Furnished,9,2,6600
Powai,1BHK,3.7,432,0,1,0,1,Semi-Furnished,15,16,20100
Goregaon,Shared Room,4.9,99,1,1,0,0,Semi-Furnished,13,13,5500
Juhu,2BHK,4.9,996,1,1,1,0,Fully-Furnished,14,10,49400
Borivali,Shared Room,4.9,123,0,1,0,1,Unfurnished,5,37,4700
Thane,Studio,2.7,387,1,0,0,0,Fully-Furnished,16,40,10700
Borivali,PG,2.8,151,1,1,0,1,Unfurnished,10,9,7700
Juhu,Shared Room,0.1,118,0,0,0,0,Unfurnished,1,24,6700
Malad,2BHK,4.5,769,0,0,0,1,Unfurnished,10,33,18000
Thane,Shared Room,3.2,142,0,1,0,0,Semi-Furnished,6,10,4500
Dadar,1BHK,1.5,628,0,0,1,1,Semi-Furnished,9,13,26500
Malad,PG,0.3,168,0,0,0,0,Semi-Furnished,3,29,5700
Dadar,Shared Room,3.9,93,1,0,1,1,Semi-Furnished,3,12,7700
Malad,1BHK,1.4,351,1,0,0,0,Fully-Furnished,6,34,17100
Bandra,2BHK,0.6,600,1,1,1,0,Fully-Furnished,14,20,46400
Bandra,1BHK,0.8,371,1,0,1,0,Unfurnished,19,28,23400
Powai,Studio,4.8,375,0,1,1,1,Semi-Furnished,13,5,17100
Thane,Studio,1.4,405,1,1,0,0,Fully-Furnished,2,6,11200
Powai,Studio,4.7,222,1,0,1,0,Semi-Furnished,15,12,15200
Thane,2BHK,1.5,1145,1,0,1,0,Semi-Furnished,7,33,18300
Bandra,2BHK,3.5,613,1,0,1,0,Unfurnished,8,14,28700
Juhu,Shared Room,2.6,141,1,0,0,1,Semi-Furnished,5,20,8500
Dadar,2BHK,2.6,1060,0,1,1,0,Semi-Furnished,1,26,31600
Malad,1BHK,1.3,533,0,0,0,0,Unfurnished,3,37,13800
Malad,Shared Room,2.2,147,1,0,1,1,Semi-Furnished,2,6,6900
Borivali,Studio,1.6,297,1,1,0,0,Semi-Furnished,5,2,13300
Andheri,PG,1.8,108,1,1,0,0,Unfurnished,0,12,8500
Juhu,Shared Room,4.4,154,1,1,0,0,Semi-Furnished,15,37,8100
Andheri,Shared Room,2.7,170,1,1,0,0,Fully-Furnished,4,21,7200
Thane,2BHK,3.5,995,1,1,1,0,Unfurnished,16,31,19300
Thane,Shared Room,3.1,116,1,1,0,0,Unfurnished,3,19,4600
Worli,Shared Room,4.0,105,1,0,0,0,Unfurnished,2,32,6300
Juhu,Studio,3.4,227,0,1,0,1,Fully-Furnished,2,30,19500
Powai,2BHK,0.5,974,0,1,0,1,Semi-Furnished,14,34,43600
Andheri,2BHK,1.7,994,1,1,1,0,Fully-Furnished,0,12,38600
Juhu,Shared Room,0.7,127,1,1,1,0,Unfurnished,6,16,8700
Bandra,PG,2.6,212,1,1,0,0,Unfurnished,0,15,8900
Thane,PG,0.3,195,1,0,0,0,Unfurnished,17,40,5900
Dadar,Studio,1.9,300,1,0,1,1,Semi-Furnished,10,28,15600
Borivali,Studio,0.6,211,1,0,1,0,Fully-Furnished,18,38,11900
Dadar,PG,1.7,139,0,0,0,1,Fully-Furnished,9,33,9300
Andheri,PG,2.2,127,1,1,0,0,Unfurnished,15,27,9000
Worli,1BHK,2.0,568,1,1,1,0,Fully-Furnished,3,7,30300
Powai,Studio,4.9,323,0,0,0,1,Fully-Furnished,18,11,18600
Goregaon,Shared Room,1.7,98,0,1,1,0,Fully-Furnished,4,33,5400
Juhu,2BHK,2.2,687,1,1,0,1,Unfurnished,8,14,37800
Powai,Shared Room,1.1,165,1,0,0,0,Semi-Furnished,16,22,8900
Powai,PG,4.4,183,0,0,1,1,Unfurnished,14,6,10100
Goregaon,PG,3.8,185,1,1,0,0,Fully-Furnished,7,13,7900
Juhu,1BHK,2.8,414,1,0,0,0,Fully-Furnished,1,35,28600
Malad,Shared Room,1.3,105,0,0,1,0,Semi-Furnished,20,14,6500
Andheri,1BHK,1.8,525,0,1,0,0,Fully-Furnished,12,19,26800
Bandra,Studio,4.2,208,1,1,0,1,Unfurnished,15,33,15500
Thane,Studio,3.7,315,0,0,1,0,Unfurnished,14,18,8600
Juhu,2BHK,3.4,899,0,1,1,0,Fully-Furnished,20,7,41700
Dadar,Studio,2.7,326,1,0,0,0,Unfurnished,16,21,14000
Dadar,2BHK,4.2,854,1,1,1,0,Fully-Furnished,8,22,27800
Malad,Studio,2.2,435,1,0,1,0,Fully-Furnished,20,3,17400
Powai,Studio,3.8,263,1,1,1,0,Fully-Furnished,19,40,17000
Malad,PG,3.7,104,0,0,0,0,Fully-Furnished,11,1,6500
Thane,2BHK,1.0,841,1,1,0,0,Unfurnished,18,16,24600
Juhu,1BHK,2.5,635,1,0,1,0,Fully-Furnished,1,11,27500
Thane,PG,4.5,213,1,0,1,0,Unfurnished,2,33,4600
Juhu,1BHK,4.8,429,0,0,0,0,Unfurnished,17,22,20300
Thane,Shared Room,1.2,144,1,1,0,0,Unfurnished,13,34,5000
Juhu,Shared Room,2.9,167,1,0,0,0,Fully-Furnished,4,5,7800
Borivali,PG,4.4,146,0,1,0,1,Fully-Furnished,2,40,6300
Worli,Shared Room,2.7,151,0,1,1,0,Fully-Furnished,9,17,8100
Dadar,Studio,3.6,393,1,1,0,1,Semi-Furnished,3,18,15400
Juhu,Shared Room,2.4,167,1,0,0,0,Unfurnished,17,29,8300
Malad,2BHK,4.9,846,1,0,1,0,Unfurnished,2,29,17800
Borivali,PG,2.9,162,1,0,0,0,Semi-Furnished,10,21,5700
Powai,1BHK,3.7,378,1,0,1,1,Unfurnished,12,1,23700
Borivali,Shared Room,3.2,122,1,1,0,1,Semi-Furnished,13,28,6300
Andheri,1BHK,5.0,376,1,0,0,1,Unfurnished,6,18,16200
Borivali,PG,2.0,231,1,1,0,1,Unfurnished,19,28,7900
Powai,2BHK,1.5,1131,1,1,1,0,Fully-Furnished,17,36,43500
Dadar,Shared Room,1.0,96,0,1,1,1,Semi-Furnished,1,37,7000
Borivali,PG,3.5,206,1,1,1,0,Semi-Furnished,4,2,7900
Dadar,Shared Room,4.7,89,1,0,0,0,Fully-Furnished,13,27,6000
Thane,Shared Room,4.4,131,1,1,1,1,Semi-Furnished,13,26,6600
Borivali,Studio,2.8,222,1,0,1,0,Unfurnished,7,17,9000
Dadar,2BHK,3.0,758,1,1,0,0,Fully-Furnished,18,9,31200
Malad,Shared Room,3.4,107,1,0,0,0,Semi-Furnished,15,40,4700
Malad,Studio,1.1,206,1,1,1,0,Unfurnished,1,28,11300
Goregaon,Studio,1.2,300,1,0,1,0,Unfurnished,15,26,11900
Goregaon,2BHK,2.9,761,0,0,1,0,Unfurnished,3,22,23000
Thane,2BHK,3.6,618,1,1,1,0,Semi-Furnished,16,27,18300
Juhu,PG,3.7,115,1,1,1,0,Fully-Furnished,19,40,10800
Dadar,PG,4.4,131,1,1,1,0,Unfurnished,9,31,6600
Andheri,2BHK,1.5,963,1,0,0,0,Semi-Furnished,1,10,32800
Malad,1BHK,1.4,467,1,0,0,0,Semi-Furnished,19,24,17000
Malad,1BHK,1.6,384,1,0,0,0,Semi-Furnished,6,9,18100
Bandra,PG,3.1,147,1,0,1,1,Fully-Furnished,16,6,13100
Dadar,PG,3.8,246,1,1,1,0,Unfurnished,12,33,8100
Powai,2BHK,4.5,741,0,1,0,1,Unfurnished,4,0,33200
Bandra,PG,1.7,201,1,0,0,0,Semi-Furnished,8,1,9400
Malad,Shared Room,2.0,192,1,0,1,0,Fully-Furnished,4,17,5400
Juhu,PG,0.3,161,0,1,1,0,Fully-Furnished,6,15,15900
Dadar,1BHK,3.0,633,1,0,0,0,Unfurnished,9,35,13900
Bandra,1BHK,4.0,516,1,1,1,0,Semi-Furnished,9,31,24600
Powai,Studio,3.7,261,1,1,0,1,Unfurnished,17,15,17900
Borivali,Studio,3.4,359,0,1,0,0,Unfurnished,6,13,9500
Malad,PG,1.6,116,0,1,1,0,Fully-Furnished,5,13,8300
Malad,2BHK,0.6,1085,1,0,0,0,Semi-Furnished,16,34,28400
Thane,Shared Room,4.1,101,1,0,0,1,Fully-Furnished,20,8,6500
Thane,Studio,0.5,244,1,0,0,1,Unfurnished,14,18,11500
Juhu,2BHK,0.6,933,1,1,0,0,Fully-Furnished,13,19,58500
Malad,1BHK,4.6,365,1,0,1,0,Semi-Furnished,2,21,12600
Malad,Shared Room,4.6,137,1,0,0,1,Unfurnished,17,26,6400
Borivali,1BHK,2.8,468,1,0,0,0,Fully-Furnished,1,28,15300
Juhu,PG,0.9,108,0,0,0,0,Unfurnished,14,23,11200
Dadar,2BHK,3.6,1123,1,0,0,0,Fully-Furnished,2,35,27500
Dadar,Shared Room,4.0,171,0,0,1,0,Semi-Furnished,11,1,6600
Bandra,Shared Room,0.6,100,0,0,0,0,Semi-Furnished,20,28,8300
Andheri,PG,1.8,154,1,1,0,0,Fully-Furnished,18,0,10900
Powai,Shared Room,2.3,193,1,1,0,1,Unfurnished,12,10,8600
Thane,2BHK,0.9,641,0,1,1,0,Unfurnished,8,22,20100
Bandra,Studio,4.0,302,1,1,0,1,Semi-Furnished,4,20,20100
Juhu,PG,3.4,231,1,0,1,0,Fully-Furnished,9,34,10000
Malad,1BHK,2.0,641,0,0,0,1,Fully-Furnished,3,26,19600
Dadar,Studio,0.3,304,1,1,1,0,Fully-Furnished,12,25,18000
Borivali,Shared Room,0.9,97,1,1,1,0,Unfurnished,11,28,7000
Malad,2BHK,0.2,1083,0,1,1,0,Fully-Furnished,7,24,27500
Thane,1BHK,1.3,373,0,1,1,0,Unfurnished,12,11,12300
Thane,1BHK,0.5,463,1,1,0,0,Fully-Furnished,0,35,13300
Malad,Shared Room,2.9,130,1,1,1,0,Unfurnished,7,11,5900
Dadar,2BHK,2.9,665,0,0,1,1,Fully-Furnished,6,13,36200
Juhu,1BHK,3.8,542,1,0,1,0,Fully-Furnished,5,23,29800
Andheri,PG,2.8,155,1,1,0,1,Fully-Furnished,2,23,9700
Dadar,2BHK,1.5,734,0,1,0,0,Fully-Furnished,19,31,36400
Thane,2BHK,2.7,807,1,0,1,0,Unfurnished,20,23,17700
Thane,1BHK,2.2,557,0,1,0,1,Unfurnished,0,16,13200
Andheri,Studio,0.1,275,1,0,0,0,Unfurnished,17,11,16100
Juhu,1BHK,3.8,353,1,0,0,0,Semi-Furnished,13,3,27800
Dadar,PG,1.8,110,1,0,1,0,Fully-Furnished,13,2,10000
Dadar,2BHK,5.0,846,1,0,0,0,Semi-Furnished,3,28,25000
Powai,2BHK,4.1,610,0,0,1,1,Semi-Furnished,7,22,33000
Borivali,Studio,1.1,270,1,0,0,0,Fully-Furnished,11,35,10100
Worli,PG,0.8,203,1,1,0,0,Unfurnished,4,20,11600
Dadar,1BHK,3.8,603,1,1,0,0,Semi-Furnished,15,38,17700
Dadar,1BHK,3.9,623,1,0,1,1,Fully-Furnished,13,4,21300
Worli,PG,2.5,161,1,0,0,0,Fully-Furnished,5,16,10700
Andheri,2BHK,3.9,618,0,0,0,0,Unfurnished,6,33,23300
Malad,PG,2.4,216,1,1,1,0,Unfurnished,18,26,7700
Bandra,Studio,0.4,285,1,0,0,0,Fully-Furnished,6,16,21800
Andheri,1BHK,1.3,447,1,0,1,0,Fully-Furnished,18,5,27400
Bandra,Shared Room,1.0,93,1,1,0,1,Semi-Furnished,7,11,11400
Goregaon,PG,1.8,178,1,1,0,1,Fully-Furnished,13,16,11100
Worli,2BHK,3.0,1019,0,0,1,0,Fully-Furnished,8,35,41400
Bandra,2BHK,1.6,983,1,0,0,0,Semi-Furnished,6,0,42200
Dadar,Shared Room,4.9,137,0,0,0,0,Unfurnished,19,18,5400
Malad,Shared Room,1.4,194,1,0,0,1,Fully-Furnished,10,16,6800
Malad,Studio,4.2,316,1,1,0,1,Fully-Furnished,15,9,13600
Goregaon,Shared Room,4.2,175,1,1,0,0,Semi-Furnished,11,32,4700
Thane,Shared Room,2.4,158,1,1,0,0,Fully-Furnished,11,27,5000
Juhu,2BHK,4.9,613,1,1,0,1,Fully-Furnished,0,21,45500
Dadar,1BHK,4.4,458,1,1,0,1,Semi-Furnished,3,6,22300
Bandra,2BHK,3.9,1075,1,1,1,1,Fully-Furnished,20,25,42700
Andheri,2BHK,3.8,888,1,1,0,0,Semi-Furnished,14,37,28600
Thane,1BHK,2.4,542,1,1,1,1,Fully-Furnished,14,19,16000
Powai,1BHK,2.4,475,0,0,0,0,Unfurnished,6,23,20600
Bandra,Studio,4.6,403,1,0,0,1,Unfurnished,7,36,14500
Juhu,1BHK,4.0,570,1,0,0,0,Semi-Furnished,13,5,27500
Bandra,PG,3.6,121,1,0,0,0,Fully-Furnished,18,36,8800
Powai,1BHK,4.9,634,0,0,1,0,Semi-Furnished,20,3,23100
Dadar,Studio,1.7,221,1,1,1,1,Fully-Furnished,11,34,18800
Juhu,Shared Room,1.5,189,1,0,1,0,Unfurnished,16,17,8600
Borivali,Shared Room,1.7,157,1,1,1,1,Semi-Furnished,0,3,7200
Juhu,PG,0.9,139,0,1,1,0,Unfurnished,11,13,12400
Worli,2BHK,2.0,731,1,1,1,1,Semi-Furnished,0,40,41500
Juhu,Shared Room,3.1,161,0,0,0,1,Fully-Furnished,7,26,8500
Powai,1BHK,3.6,474,1,0,0,0,Semi-Furnished,18,36,21200
Goregaon,Studio,3.5,203,1,1,1,0,Semi-Furnished,1,9,11200
Powai,PG,3.3,103,1,0,1,0,Unfurnished,3,18,8400
Dadar,Studio,1.8,301,1,1,0,1,Unfurnished,2,18,14200
Goregaon,2BHK,3.0,1103,1,0,0,0,Semi-Furnished,19,6,28900
Thane,Shared Room,3.1,184,1,0,0,0,Unfurnished,14,7,4700
Malad,PG,1.6,132,1,0,1,1,Unfurnished,9,2,9000
Juhu,2BHK,2.1,768,1,1,1,1,Semi-Furnished,17,38,43100
Malad,1BHK,0.4,533,1,1,1,0,Semi-Furnished,11,33,20000
Worli,PG,0.8,160,0,1,0,1,Semi-Furnished,11,16,13700
Borivali,Studio,2.3,270,1,0,0,0,Semi-Furnished,3,30,8800
Juhu,Shared Room,4.3,95,0,0,1,0,Semi-Furnished,15,20,8500
Dadar,2BHK,3.6,779,1,1,1,0,Semi-Furnished,10,28,30300
Powai,Studio,3.0,325,1,1,0,1,Fully-Furnished,5,1,23400
Dadar,PG,4.9,214,1,0,0,1,Unfurnished,8,31,7500
Bandra,2BHK,1.1,807,0,0,0,0,Unfurnished,5,6,40600
Malad,Studio,3.1,301,1,1,0,1,Fully-Furnished,10,19,14600
Juhu,Shared Room,1.0,118,0,0,0,0,Unfurnished,8,25,7300
Juhu,2BHK,1.4,998,1,1,0,0,Fully-Furnished,19,20,45800
Powai,PG,4.4,164,1,0,1,0,Semi-Furnished,8,5,8600
Worli,Studio,1.4,315,1,1,0,0,Fully-Furnished,7,36,20800
Juhu,Shared Room,3.7,139,1,0,0,1,Fully-Furnished,12,14,10900
Juhu,1BHK,4.4,610,0,1,0,0,Semi-Furnished,5,18,20300
Goregaon,Studio,0.3,205,0,1,0,0,Fully-Furnished,8,29,13300
Juhu,PG,1.5,247,1,1,1,0,Semi-Furnished,11,36,13600
Worli,Shared Room,0.8,186,1,1,1,1,Fully-Furnished,10,11,13000
Goregaon,1BHK,4.5,515,0,0,0,0,Unfurnished,12,6,14300
Bandra,1BHK,1.6,621,0,1,0,0,Fully-Furnished,11,9,30600
Dadar,PG,2.3,139,1,0,1,0,Fully-Furnished,3,10,9400
Worli,PG,3.0,101,1,0,0,0,Semi-Furnished,18,35,10500
Goregaon,PG,1.5,239,1,0,1,0,Semi-Furnished,0,9,7600
Malad,Shared Room,1.5,93,1,1,0,1,Semi-Furnished,3,24,6300
Borivali,1BHK,4.6,384,0,0,0,0,Fully-Furnished,15,13,15000
Bandra,Shared Room,2.3,166,1,0,0,0,Fully-Furnished,2,23,8500
Worli,Shared Room,1.8,131,1,0,0,0,Fully-Furnished,9,34,9300
Thane,Shared Room,3.7,195,1,1,1,0,Semi-Furnished,17,39,5800
Goregaon,Studio,3.0,405,1,1,0,0,Semi-Furnished,11,12,13300
Worli,PG,3.3,197,1,1,0,1,Fully-Furnished,7,0,15700
Powai,Shared Room,4.1,99,0,1,0,1,Unfurnished,3,3,6200
Worli,1BHK,3.1,462,1,1,0,0,Semi-Furnished,7,28,23300
Malad,2BHK,3.9,1181,0,1,0,0,Semi-Furnished,19,13,23700
Malad,2BHK,4.3,768,0,0,1,0,Semi-Furnished,16,25,21300
Dadar,Shared Room,4.6,139,1,0,0,1,Fully-Furnished,7,23,6800
Thane,PG,1.3,121,1,1,1,0,Fully-Furnished,17,13,7500
Powai,Studio,0.5,430,0,0,1,0,Unfurnished,1,34,15800
Malad,PG,4.7,141,1,1,1,0,Semi-Furnished,5,33,7000
Bandra,PG,4.4,169,0,1,0,0,Unfurnished,15,37,7400
Juhu,1BHK,3.4,382,1,0,1,0,Unfurnished,7,10,25400
Powai,PG,4.9,196,1,0,0,0,Semi-Furnished,20,20,10000
Thane,2BHK,3.1,852,1,1,1,0,Fully-Furnished,15,28,24500
Bandra,Studio,0.5,242,1,1,0,0,Unfurnished,4,20,18500
Dadar,PG,3.8,201,1,0,1,1,Semi-Furnished,18,30,10900
Dadar,Studio,1.9,409,1,1,0,1,Fully-Furnished,13,37,19400
Dadar,PG,1.9,109,1,0,0,0,Fully-Furnished,4,33,8400
Powai,1BHK,1.0,576,1,1,0,0,Fully-Furnished,5,20,28900
Borivali,Studio,4.7,382,0,1,0,1,Fully-Furnished,20,3,10700
Thane,2BHK,2.6,626,1,0,0,1,Semi-Furnished,13,35,21500
Goregaon,1BHK,3.4,420,1,1,1,0,Semi-Furnished,13,15,17600
Thane,PG,1.7,175,1,1,0,0,Semi-Furnished,11,20,6000
Dadar,2BHK,3.5,1165,1,1,0,1,Semi-Furnished,5,21,31600
Goregaon,Studio,3.5,430,0,1,1,0,Fully-Furnished,8,21,13700
Borivali,1BHK,0.2,467,1,1,1,1,Semi-Furnished,20,16,19500
Powai,Shared Room,4.5,101,1,0,0,0,Fully-Furnished,12,16,6200
Andheri,PG,3.8,176,0,0,1,0,Fully-Furnished,11,16,9300
Juhu,2BHK,0.4,1184,0,0,1,1,Fully-Furnished,17,6,62600
Thane,Shared Room,0.5,101,0,0,1,0,Unfurnished,5,13,3800
Dadar,2BHK,0.6,1100,0,0,0,0,Semi-Furnished,2,0,38200
Juhu,2BHK,0.5,921,1,1,1,0,Fully-Furnished,4,28,47400
Bandra,Shared Room,2.6,149,1,1,1,0,Semi-Furnished,16,9,8900
Thane,1BHK,3.5,361,1,1,0,0,Unfurnished,10,14,13300
Goregaon,2BHK,0.6,1191,1,1,1,0,Fully-Furnished,19,19,34600
Goregaon,Studio,3.8,398,1,0,0,0,Fully-Furnished,4,26,12600
Worli,1BHK,0.4,518,1,0,0,1,Unfurnished,12,19,26100
Borivali,PG,1.7,104,0,0,1,0,Fully-Furnished,9,40,6300
Goregaon,PG,0.9,240,1,0,0,0,Unfurnished,16,29,6100
Borivali,PG,3.1,161,0,1,1,0,Semi-Furnished,8,36,6700
Thane,Shared Room,2.5,133,1,1,0,0,Fully-Furnished,2,15,4400
Andheri,Shared Room,1.9,184,0,1,0,0,Fully-Furnished,17,21,8600
Bandra,2BHK,2.7,1161,0,0,0,0,Unfurnished,3,3,34900
Dadar,PG,3.5,244,1,0,0,0,Unfurnished,16,18,8000
Juhu,Shared Room,2.4,182,1,1,0,0,Semi-Furnished,1,34,6700
Malad,Studio,1.6,240,0,1,0,0,Unfurnished,11,39,9800
Bandra,PG,3.3,117,1,0,0,1,Unfurnished,6,23,8900
Worli,2BHK,4.9,978,1,0,1,0,Unfurnished,11,35,31700
Dadar,Studio,2.0,332,0,0,0,0,Unfurnished,7,16,13000
Worli,1BHK,1.0,598,1,0,1,0,Unfurnished,14,8,31500
Powai,PG,2.3,223,0,0,1,0,Unfurnished,0,12,9000
Goregaon,1BHK,2.2,588,1,1,0,1,Semi-Furnished,4,2,18200
Bandra,PG,2.5,192,1,1,0,0,Unfurnished,6,9,10800
Worli,1BHK,3.5,425,0,0,0,0,Unfurnished,2,37,19200
Juhu,2BHK,0.3,820,1,0,0,0,Unfurnished,4,37,43400
Bandra,Shared Room,4.4,152,1,1,1,0,Semi-Furnished,17,16,10200
Malad,PG,0.9,202,1,1,1,0,Fully-Furnished,1,13,9900
Worli,Shared Room,2.1,147,1,1,1,0,Semi-Furnished,19,32,9500
Bandra,Studio,0.3,374,1,0,1,1,Semi-Furnished,10,37,19500
Andheri,1BHK,2.2,519,0,1,1,0,Unfurnished,0,40,19500
Andheri,2BHK,4.6,636,1,0,1,0,Fully-Furnished,7,25,30400
Andheri,Studio,2.7,449,0,1,1,0,Fully-Furnished,6,25,15500
Andheri,PG,4.3,171,1,0,1,1,Unfurnished,13,31,8400
Powai,2BHK,3.1,918,1,1,0,0,Unfurnished,15,15,35100
Borivali,Studio,1.9,285,1,1,1,0,Semi-Furnished,11,35,10500
Worli,Studio,1.3,327,0,1,1,0,Unfurnished,2,8,20200
Thane,Studio,3.7,395,1,1,0,0,Semi-Furnished,3,20,9100
Worli,Shared Room,2.9,134,1,0,1,1,Unfurnished,19,0,10000
Juhu,Shared Room,2.4,140,1,1,0,0,Semi-Furnished,5,10,8500
Juhu,Shared Room,4.0,193,0,1,1,0,Semi-Furnished,15,11,10400
Goregaon,Shared Room,4.9,80,1,0,1,1,Semi-Furnished,18,38,6400
Malad,Shared Room,2.1,159,0,0,0,0,Semi-Furnished,4,26,4200
Goregaon,Studio,0.4,358,0,1,0,0,Unfurnished,9,24,13400
Malad,Shared Room,4.5,193,0,1,0,0,Unfurnished,5,14,4200
Juhu,Studio,0.7,377,1,1,1,0,Semi-Furnished,11,8,24500
Worli,Studio,2.9,373,0,0,0,1,Semi-Furnished,9,26,18600
Juhu,Shared Room,2.3,168,0,0,1,0,Unfurnished,16,13,9100
Dadar,Studio,3.0,208,1,1,0,1,Unfurnished,0,10,13300
Bandra,1BHK,1.4,611,1,1,1,1,Fully-Furnished,9,22,32600
Worli,1BHK,2.2,540,0,0,1,0,Fully-Furnished,0,35,30400
Worli,Shared Room,4.7,142,0,0,0,1,Semi-Furnished,12,39,6700
Thane,2BHK,2.3,1154,1,0,0,1,Unfurnished,3,26,19500
Andheri,1BHK,3.3,418,0,1,1,1,Fully-Furnished,17,26,22100
Dadar,2BHK,1.2,1082,1,0,1,1,Fully-Furnished,9,31,34600
Goregaon,PG,3.1,175,1,0,0,0,Unfurnished,0,9,5600
Dadar,Shared Room,0.2,141,1,1,0,1,Unfurnished,6,31,7600
Thane,Shared Room,0.4,151,1,1,0,1,Unfurnished,10,21,6000
Worli,1BHK,4.1,636,1,1,0,1,Semi-Furnished,6,5,28100
Juhu,Studio,1.5,431,0,1,0,0,Unfurnished,11,14,22500
Juhu,Studio,3.0,412,0,1,1,0,Fully-Furnished,10,40,17500
Bandra,1BHK,2.7,371,0,0,1,0,Unfurnished,5,5,19800
Dadar,1BHK,4.0,413,1,1,1,1,Semi-Furnished,13,14,23500
Andheri,1BHK,1.3,441,0,0,1,0,Unfurnished,0,9,20300
Dadar,Shared Room,4.5,153,1,0,1,0,Unfurnished,6,3,5900
Borivali,Studio,0.9,382,1,1,1,1,Fully-Furnished,0,21,12100
Borivali,Studio,1.7,437,1,1,0,0,Fully-Furnished,12,31,13700
Andheri,Studio,1.5,430,0,1,1,0,Unfurnished,6,29,13000
Borivali,2BHK,3.1,1191,1,1,0,1,Fully-Furnished,11,23,26200
Thane,Studio,3.4,250,1,0,0,0,Unfurnished,14,16,8100
Bandra,2BHK,2.0,1066,1,0,1,1,Semi-Furnished,2,34,36400
Malad,Studio,3.3,440,0,1,1,0,Unfurnished,12,31,9500
Juhu,PG,1.6,181,1,0,0,0,Fully-Furnished,8,21,14600
Thane,2BHK,1.7,1156,1,0,0,1,Unfurnished,11,37,18700
Andheri,2BHK,1.8,1150,1,1,1,0,Unfurnished,6,15,33500
Powai,Shared Room,1.4,122,1,0,0,0,Semi-Furnished,18,5,8100
Powai,PG,2.3,157,1,0,0,0,Fully-Furnished,17,11,12600
Dadar,2BHK,4.0,1145,1,1,0,0,Unfurnished,16,18,26900
Borivali,Studio,4.7,302,0,0,0,0,Unfurnished,15,35,8400
Borivali,2BHK,1.8,678,1,0,1,0,Fully-Furnished,2,27,23200
Goregaon,PG,2.4,137,1,1,1,1,Semi-Furnished,2,39,7900
Dadar,1BHK,2.0,388,1,1,0,1,Fully-Furnished,8,22,21300
Thane,1BHK,4.8,505,1,0,0,0,Unfurnished,11,33,11300
Bandra,2BHK,0.8,925,1,1,0,0,Semi-Furnished,7,17,46400
Powai,Shared Room,2.0,157,1,0,1,0,Fully-Furnished,17,13,9500
Powai,Studio,4.9,307,1,1,0,1,Fully-Furnished,9,3,21400
Thane,1BHK,1.9,509,1,1,0,0,Unfurnished,18,19,15400
Borivali,Studio,3.6,351,0,1,0,0,Semi-Furnished,15,21,10600
Malad,Shared Room,3.8,81,0,1,0,0,Unfurnished,2,17,4300
Goregaon,Shared Room,1.7,169,1,0,0,0,Fully-Furnished,5,33,5500
Borivali,Shared Room,4.7,190,0,0,0,0,Semi-Furnished,10,34,4300
Powai,PG,1.2,227,1,0,1,0,Fully-Furnished,8,23,12200
Bandra,Studio,4.4,239,1,1,1,1,Unfurnished,15,35,16700
Thane,Studio,0.4,366,1,1,1,0,Unfurnished,10,18,10600
Borivali,PG,3.5,134,1,1,1,0,Unfurnished,19,17,8300
Powai,Shared Room,3.5,156,1,0,0,0,Fully-Furnished,7,10,7300
Andheri,1BHK,0.7,581,1,1,1,1,Fully-Furnished,6,1,26500
Bandra,2BHK,3.4,1138,0,0,0,0,Unfurnished,17,4,35500
Goregaon,Studio,2.2,435,0,0,0,0,Semi-Furnished,9,25,13600
Andheri,Shared Room,4.2,153,1,0,1,1,Unfurnished,10,8,7300
Powai,2BHK,4.6,743,1,1,1,0,Semi-Furnished,18,36,28900
Dadar,PG,3.5,164,1,0,1,1,Unfurnished,19,11,8900
Borivali,1BHK,3.9,442,1,0,1,0,Semi-Furnished,9,37,12900
Dadar,Studio,4.9,303,1,0,1,0,Unfurnished,5,5,11800
Andheri,Studio,0.7,422,1,1,1,0,Fully-Furnished,11,16,17900
Juhu,2BHK,3.5,1132,0,1,1,1,Unfurnished,1,29,37400
Goregaon,Shared Room,2.6,106,0,0,1,1,Unfurnished,14,33,6200
Malad,1BHK,0.4,439,1,0,0,0,Unfurnished,14,23,15300
Andheri,1BHK,1.7,533,0,0,1,0,Unfurnished,11,32,20900
Dadar,1BHK,1.4,640,0,1,1,0,Semi-Furnished,12,36,21000
Powai,1BHK,3.0,392,1,0,0,0,Unfurnished,8,14,19900
Worli,Shared Room,0.3,184,1,1,1,0,Fully-Furnished,17,31,10900
Bandra,2BHK,1.4,1104,1,1,1,1,Semi-Furnished,15,39,41400
Juhu,1BHK,2.4,491,1,0,1,0,Semi-Furnished,20,17,27600
Malad,1BHK,0.9,446,1,0,1,0,Unfurnished,8,31,15900
Bandra,Shared Room,1.9,101,0,0,0,0,Unfurnished,16,30,6400
Dadar,2BHK,3.5,965,0,1,1,1,Fully-Furnished,17,20,41000
Worli,Studio,3.7,297,0,0,0,0,Semi-Furnished,8,30,15000
Borivali,Shared Room,2.2,141,0,0,0,0,Semi-Furnished,0,29,3400
Bandra,2BHK,4.3,998,1,0,0,1,Unfurnished,3,4,38500
Thane,2BHK,2.6,711,1,0,0,0,Unfurnished,18,10,18500
Powai,Shared Room,1.7,129,0,0,0,1,Unfurnished,19,25,8300
Thane,1BHK,4.7,433,1,0,0,0,Unfurnished,2,6,10300
Thane,Shared Room,2.9,153,1,1,1,0,Unfurnished,0,2,5400
Dadar,Shared Room,1.6,93,1,1,0,1,Semi-Furnished,6,29,7700
Andheri,PG,1.9,116,0,1,1,1,Unfurnished,8,34,10200
Borivali,Shared Room,1.9,87,1,1,1,0,Unfurnished,16,11,6200
Goregaon,Studio,3.5,342,1,1,1,1,Fully-Furnished,7,29,14600
Goregaon,Studio,4.2,417,1,1,1,1,Fully-Furnished,10,2,16000
Andheri,Studio,4.5,424,1,0,0,1,Semi-Furnished,2,6,13800
Juhu,Studio,4.7,394,1,0,1,1,Fully-Furnished,5,38,21400
Bandra,Studio,3.8,221,1,1,0,0,Fully-Furnished,5,11,19600
Thane,1BHK,2.4,612,1,1,0,0,Unfurnished,12,39,13300
Borivali,2BHK,2.5,954,1,1,0,0,Unfurnished,1,37,18400
Goregaon,Studio,4.8,446,1,0,0,0,Semi-Furnished,19,38,11800
Worli,Studio,2.0,210,1,1,1,0,Fully-Furnished,15,37,22600
Juhu,Studio,4.6,335,1,0,1,0,Unfurnished,13,9,15200
Juhu,Shared Room,0.6,199,0,0,1,0,Unfurnished,15,28,8300
Powai,2BHK,2.0,870,0,1,0,0,Fully-Furnished,19,3,36200
Worli,Studio,2.0,350,1,0,1,1,Unfurnished,17,23,17000
Borivali,Shared Room,1.2,173,1,1,1,0,Fully-Furnished,11,14,7300
Goregaon,Shared Room,3.8,177,0,0,1,0,Fully-Furnished,18,37,5900
Dadar,Shared Room,1.0,154,0,0,1,0,Fully-Furnished,4,20,6600
Andheri,2BHK,2.5,849,0,1,1,0,Fully-Furnished,19,20,30700
Goregaon,2BHK,0.4,1023,1,1,0,0,Unfurnished,11,23,29800
Powai,Shared Room,4.5,196,1,1,1,0,Semi-Furnished,17,4,9500
Goregaon,PG,4.8,101,0,0,1,0,Fully-Furnished,17,10,7700
Goregaon,Studio,1.6,380,1,1,1,0,Unfurnished,14,40,11300
Worli,PG,0.3,166,0,0,0,0,Unfurnished,0,9,10700
Borivali,Shared Room,4.6,161,1,1,0,1,Unfurnished,14,33,6100
Dadar,PG,1.1,190,1,0,1,1,Unfurnished,17,40,9700
Dadar,Studio,4.4,234,0,0,0,0,Unfurnished,17,4,11900
Thane,2BHK,1.0,1180,1,0,1,0,Unfurnished,1,5,24000
Juhu,2BHK,4.9,1181,1,0,0,0,Semi-Furnished,19,2,46000
Goregaon,2BHK,5.0,1049,1,0,0,0,Fully-Furnished,10,32,20500
Juhu,Shared Room,2.5,154,1,0,0,0,Unfurnished,13,40,8000
Borivali,2BHK,3.3,628,1,1,1,0,Semi-Furnished,4,4,23000
Goregaon,2BHK,4.4,860,1,0,0,0,Semi-Furnished,0,13,23500
Worli,1BHK,0.8,431,1,1,1,0,Semi-Furnished,2,4,31700
Dadar,Studio,1.6,240,1,0,1,0,Semi-Furnished,16,26,16600
Goregaon,Studio,2.2,228,0,1,0,0,Unfurnished,18,39,11300
Juhu,PG,4.7,214,1,1,0,1,Unfurnished,3,6,11800
Andheri,1BHK,0.7,415,1,0,0,0,Semi-Furnished,18,5,25600
Dadar,Studio,4.9,361,1,1,0,1,Semi-Furnished,14,23,11400
Malad,PG,3.0,190,1,0,1,1,Fully-Furnished,18,3,10200
Borivali,Studio,2.8,224,0,0,0,0,Semi-Furnished,17,13,8400
Andheri,PG,2.7,108,0,1,0,0,Semi-Furnished,1,0,7800
Goregaon,1BHK,1.6,463,0,1,0,0,Fully-Furnished,2,36,17700
Malad,1BHK,4.9,371,0,1,0,0,Unfurnished,19,26,13000
Powai,2BHK,3.8,785,1,0,0,1,Fully-Furnished,8,15,35100
Worli,Shared Room,1.7,172,1,0,0,0,Unfurnished,20,14,10000
Worli,Shared Room,1.7,146,1,0,1,0,Fully-Furnished,10,10,10900
Dadar,1BHK,1.6,640,1,1,1,0,Fully-Furnished,12,18,28000
Andheri,PG,4.6,138,0,0,0,0,Fully-Furnished,7,38,7300
Powai,1BHK,1.0,473,1,0,1,0,Unfurnished,6,1,24100
Powai,PG,4.2,148,1,0,1,0,Unfurnished,8,31,9000
Goregaon,Studio,3.0,262,1,1,0,1,Fully-Furnished,14,5,14600
Malad,2BHK,4.3,713,1,0,1,0,Fully-Furnished,3,3,24700
Andheri,PG,4.6,176,1,1,0,0,Unfurnished,16,40,8700
Bandra,2BHK,4.4,677,1,0,0,0,Unfurnished,3,7,30400
Thane,PG,1.9,221,1,0,0,0,Unfurnished,4,0,5600
Andheri,Shared Room,2.3,125,1,1,0,0,Semi-Furnished,19,13,7300
Borivali,2BHK,3.1,1038,0,0,1,0,Fully-Furnished,4,21,27300
Malad,1BHK,3.3,530,1,1,0,1,Fully-Furnished,14,18,18800
Powai,Studio,2.0,240,1,0,0,1,Unfurnished,9,6,12300
Juhu,2BHK,0.9,661,0,1,0,0,Semi-Furnished,15,39,40000
Borivali,Shared Room,3.0,133,1,0,0,1,Fully-Furnished,6,22,5800
Thane,2BHK,3.3,1169,1,1,0,0,Fully-Furnished,20,37,21800
Goregaon,Shared Room,3.7,108,0,0,1,1,Fully-Furnished,2,13,6100
Dadar,1BHK,3.8,649,1,0,0,0,Unfurnished,16,16,17100
Borivali,Studio,0.3,307,1,1,1,0,Semi-Furnished,12,15,12400
Malad,2BHK,3.4,1097,0,0,1,0,Unfurnished,1,33,20000
Borivali,1BHK,0.5,395,1,1,1,0,Semi-Furnished,1,28,15000
Dadar,Studio,3.5,428,1,0,0,0,Unfurnished,6,31,12800
Juhu,Studio,1.6,259,1,1,0,0,Unfurnished,11,29,17900
Dadar,Studio,2.0,428,1,0,1,0,Fully-Furnished,17,19,18100
Andheri,1BHK,2.1,572,1,0,1,0,Fully-Furnished,2,15,22400
Andheri,PG,3.0,249,1,0,1,1,Semi-Furnished,6,39,8800
Dadar,Studio,0.2,202,1,0,0,1,Fully-Furnished,0,35,15900
Bandra,1BHK,0.6,597,1,1,1,1,Unfurnished,5,7,30500
Bandra,PG,2.6,157,1,0,0,0,Semi-Furnished,5,13,10300
Dadar,Studio,1.7,281,1,1,0,0,Unfurnished,0,8,15700
Worli,1BHK,1.7,404,0,0,0,0,Unfurnished,14,38,22100
Bandra,Shared Room,2.1,118,0,0,0,1,Fully-Furnished,10,10,8400
Bandra,Studio,4.5,435,0,1,0,0,Unfurnished,1,16,15700
Dadar,2BHK,1.5,1057,1,1,0,1,Fully-Furnished,12,17,37900
Malad,Studio,2.1,307,1,1,0,0,Unfurnished,16,5,10400
Andheri,2BHK,4.6,832,1,0,0,0,Fully-Furnished,1,36,33100
Thane,Shared Room,2.6,187,0,1,0,0,Semi-Furnished,12,17,4600
Juhu,Studio,1.5,276,1,0,1,0,Semi-Furnished,7,29,19200
Powai,1BHK,2.9,488,1,1,1,0,Semi-Furnished,18,7,26800
Borivali,PG,3.0,188,1,0,1,1,Unfurnished,17,3,7600
Malad,Studio,3.3,226,1,0,1,1,Semi-Furnished,15,36,11800
Thane,2BHK,1.2,750,0,1,0,1,Unfurnished,18,28,18400
Borivali,2BHK,0.4,1149,1,1,0,0,Semi-Furnished,5,6,25500
Worli,Shared Room,4.2,194,0,0,0,0,Fully-Furnished,14,0,8400
Powai,1BHK,3.2,616,1,1,0,0,Semi-Furnished,20,17,19600
Powai,Studio,2.1,359,1,0,0,1,Semi-Furnished,17,8,17800
Juhu,1BHK,4.4,472,1,0,1,1,Semi-Furnished,0,30,22700
Juhu,2BHK,1.8,749,1,1,1,0,Semi-Furnished,9,6,44800
Bandra,Shared Room,3.6,108,1,0,0,1,Fully-Furnished,18,12,11100
Juhu,1BHK,4.9,368,1,0,1,1,Fully-Furnished,13,26,30200
Goregaon,2BHK,1.7,883,1,0,0,1,Unfurnished,12,4,30700
Worli,1BHK,2.9,409,0,0,0,1,Unfurnished,3,2,24200
Andheri,Studio,1.7,259,1,1,1,0,Semi-Furnished,12,21,15500
Dadar,1BHK,4.0,380,0,0,0,0,Fully-Furnished,12,27,19200
Andheri,2BHK,2.4,1197,1,1,0,1,Semi-Furnished,12,36,32800
Goregaon,Shared Room,1.2,196,1,1,0,0,Fully-Furnished,5,5,7400
Thane,PG,1.9,204,1,0,1,0,Semi-Furnished,7,25,5900
Bandra,2BHK,2.5,846,1,1,0,0,Fully-Furnished,17,17,48000
Andheri,Studio,3.1,255,1,0,1,0,Fully-Furnished,2,1,15900
Malad,Studio,1.8,389,1,0,0,0,Unfurnished,16,23,12300
Bandra,1BHK,2.2,649,1,0,1,1,Semi-Furnished,9,23,25800
Worli,1BHK,3.0,362,1,1,0,0,Unfurnished,13,11,25000
Goregaon,Shared Room,3.4,122,1,0,1,1,Semi-Furnished,12,24,6500
Juhu,Shared Room,1.4,101,0,1,1,0,Fully-Furnished,15,35,9300
Malad,PG,0.6,199,1,0,0,1,Semi-Furnished,13,17,8600
Malad,PG,2.8,176,0,0,0,1,Fully-Furnished,6,19,7100
Dadar,Studio,0.3,229,0,0,0,0,Unfurnished,15,15,12400
Malad,2BHK,3.5,859,0,0,0,0,Unfurnished,19,36,16700
Goregaon,PG,0.7,158,1,1,0,1,Semi-Furnished,2,5,9800
Bandra,1BHK,1.4,601,1,1,1,1,Semi-Furnished,12,19,25800
Bandra,PG,1.5,124,1,0,0,1,Fully-Furnished,10,5,15600
Malad,Shared Room,2.4,199,1,1,0,1,Fully-Furnished,13,29,7900
Goregaon,Studio,2.2,240,1,1,1,0,Unfurnished,6,10,12100
Andheri,1BHK,1.1,645,0,1,0,0,Semi-Furnished,20,19,21500
Borivali,PG,2.6,198,1,0,1,0,Fully-Furnished,16,27,7100
Powai,2BHK,3.1,1108,0,0,0,0,Fully-Furnished,13,5,43100
Juhu,PG,2.1,129,0,1,0,0,Unfurnished,5,40,9900
Bandra,1BHK,4.2,455,1,1,0,1,Semi-Furnished,0,25,23500
Bandra,Shared Room,1.1,149,1,1,0,0,Fully-Furnished,15,1,12000
Goregaon,2BHK,0.4,617,1,0,0,0,Fully-Furnished,20,1,34900
Dadar,PG,3.4,214,1,0,0,0,Semi-Furnished,11,4,6900
Thane,Studio,1.5,240,0,1,0,0,Unfurnished,4,4,9100
Juhu,PG,1.9,201,1,0,0,0,Semi-Furnished,15,9,12100
Bandra,1BHK,4.4,471,1,0,0,1,Unfurnished,8,19,22200
Bandra,1BHK,0.6,446,0,1,0,0,Unfurnished,12,9,22100
Andheri,PG,3.0,248,1,0,1,0,Fully-Furnished,19,14,10600
Malad,Shared Room,4.8,115,1,1,1,0,Unfurnished,17,39,6000
Dadar,1BHK,2.8,440,1,0,1,1,Semi-Furnished,13,1,21200
Andheri,Studio,0.2,291,0,1,1,0,Fully-Furnished,9,1,23400
Powai,1BHK,3.6,409,0,0,0,0,Semi-Furnished,6,9,21100
Powai,PG,4.4,235,1,1,0,0,Fully-Furnished,9,20,9100
Borivali,Studio,0.7,368,0,1,1,0,Unfurnished,16,8,13200
Malad,2BHK,4.8,632,0,1,1,1,Fully-Furnished,13,4,26100
Powai,1BHK,3.8,586,0,0,0,1,Unfurnished,18,31,19000
Juhu,PG,4.8,235,1,1,0,0,Unfurnished,13,14,11700
Borivali,Studio,0.6,264,0,0,0,0,Fully-Furnished,4,24,10700
Malad,PG,1.9,240,1,0,1,0,Fully-Furnished,9,13,8300
Borivali,Studio,2.8,377,0,1,1,0,Semi-Furnished,15,26,9700
Andheri,Studio,1.3,347,1,1,0,1,Fully-Furnished,6,7,19600
Goregaon,2BHK,4.3,1175,1,0,1,0,Semi-Furnished,1,0,26500
Bandra,Studio,4.4,327,0,0,0,0,Fully-Furnished,11,8,19400
Thane,Studio,2.6,401,1,1,0,1,Unfurnished,4,36,9000
Goregaon,2BHK,4.4,626,1,0,1,1,Unfurnished,18,30,21500
Worli,PG,1.6,102,0,0,1,0,Unfurnished,16,6,10800
Thane,Studio,3.3,274,0,1,1,0,Unfurnished,17,39,7600
Thane,Shared Room,2.9,168,1,1,0,0,Semi-Furnished,18,32,5000
Worli,2BHK,2.1,1077,0,0,0,0,Fully-Furnished,1,0,50600
Bandra,PG,2.8,133,1,1,0,0,Unfurnished,5,8,9700
Worli,Studio,2.1,449,1,1,1,0,Unfurnished,19,27,18300
Andheri,Shared Room,2.6,102,0,1,1,1,Unfurnished,18,6,8200
Juhu,PG,4.4,183,1,1,1,0,Unfurnished,20,14,13700
Thane,PG,2.3,234,1,1,0,0,Fully-Furnished,9,39,6500
Powai,PG,2.0,161,1,1,0,1,Fully-Furnished,13,23,13200
Andheri,1BHK,4.2,615,1,1,1,0,Unfurnished,8,39,16200
Worli,Studio,4.6,231,1,0,1,0,Semi-Furnished,10,12,17700
Juhu,Shared Room,1.0,109,1,0,0,1,Fully-Furnished,17,3,12800
Malad,Studio,0.2,296,1,1,0,0,Semi-Furnished,5,33,12500
Goregaon,Studio,1.2,277,1,1,1,0,Unfurnished,20,16,13500
Andheri,Studio,0.2,229,1,0,1,0,Semi-Furnished,11,37,13300
Powai,Studio,3.2,339,1,1,1,0,Semi-Furnished,16,2,19400
Powai,1BHK,0.8,530,1,0,0,1,Fully-Furnished,1,31,28500
Borivali,2BHK,0.1,1162,1,0,1,0,Semi-Furnished,2,22,25700
Powai,2BHK,1.6,926,1,1,0,0,Fully-Furnished,13,12,43200
Goregaon,1BHK,0.1,414,1,1,0,0,Fully-Furnished,20,30,18200
Powai,Shared Room,0.7,118,0,1,0,1,Fully-Furnished,7,1,10500
Malad,2BHK,4.0,884,1,1,1,0,Semi-Furnished,12,39,21500
Borivali,PG,0.3,233,0,0,0,0,Unfurnished,1,30,5000
Worli,1BHK,3.5,453,1,0,0,0,Fully-Furnished,13,34,28200
Thane,Studio,3.9,403,0,0,1,1,Unfurnished,14,6,11400
Powai,1BHK,0.3,413,0,1,0,0,Unfurnished,20,17,19500
Malad,2BHK,2.2,1114,1,1,0,1,Semi-Furnished,8,29,25600
Goregaon,Shared Room,2.5,129,1,0,0,0,Semi-Furnished,11,16,4800
Andheri,Shared Room,1.5,158,1,0,0,1,Fully-Furnished,17,39,7800
Malad,Shared Room,1.6,137,1,0,0,1,Unfurnished,5,21,5700
Dadar,Shared Room,0.9,134,0,0,0,0,Fully-Furnished,4,29,6500
Goregaon,1BHK,4.4,581,1,0,1,0,Semi-Furnished,12,21,15100
Bandra,PG,3.0,163,1,0,0,1,Semi-Furnished,2,10,12300
Juhu,2BHK,2.0,933,1,0,1,0,Unfurnished,4,37,43400
Powai,Shared Room,1.6,169,1,0,0,0,Unfurnished,12,22,7000
Bandra,Studio,1.0,408,1,0,0,0,Unfurnished,4,15,17100
Borivali,Shared Room,2.4,95,1,0,1,0,Unfurnished,12,31,4800
Thane,PG,3.5,198,1,0,0,0,Fully-Furnished,5,32,4900
Goregaon,1BHK,2.9,462,1,0,0,1,Fully-Furnished,9,28,20000
Malad,1BHK,4.0,432,1,1,1,1,Unfurnished,8,22,14800
Malad,2BHK,3.1,1014,1,1,1,1,Unfurnished,3,18,26800
Andheri,2BHK,3.5,722,1,0,0,0,Semi-Furnished,3,9,27500
Borivali,2BHK,0.7,1146,1,0,0,0,Semi-Furnished,18,3,27300
Powai,Shared Room,0.8,151,1,0,0,1,Semi-Furnished,4,27,9500
Worli,PG,2.4,229,1,1,0,0,Semi-Furnished,5,37,9900
Bandra,2BHK,1.9,652,0,1,1,1,Unfurnished,5,1,39200
Borivali,Shared Room,5.0,108,1,1,1,0,Fully-Furnished,14,14,5900
Dadar,Studio,2.8,202,1,0,0,1,Unfurnished,0,25,11300
Goregaon,1BHK,5.0,585,0,0,0,1,Fully-Furnished,0,30,17300
Malad,PG,3.6,198,1,1,0,0,Fully-Furnished,11,19,8700
Juhu,2BHK,2.9,984,0,0,0,0,Fully-Furnished,17,34,43800
Goregaon,1BHK,0.1,630,0,0,0,1,Fully-Furnished,4,28,20200
Malad,PG,2.5,243,1,1,1,0,Fully-Furnished,3,27,7800
Thane,2BHK,4.2,630,1,0,1,0,Unfurnished,0,29,16200
Juhu,PG,2.2,132,1,0,0,1,Semi-Furnished,11,30,11000
Andheri,PG,3.7,161,1,1,1,1,Semi-Furnished,19,17,12000
Juhu,Shared Room,2.5,155,1,0,1,0,Semi-Furnished,7,23,8500
Bandra,Studio,1.5,255,0,0,1,1,Unfurnished,2,29,18100
Thane,Studio,2.5,277,1,1,0,0,Semi-Furnished,5,29,8600
Bandra,2BHK,2.3,946,1,0,0,0,Fully-Furnished,3,11,44500
Borivali,Shared Room,1.6,176,1,1,1,0,Semi-Furnished,8,37,6500
Dadar,2BHK,4.4,1077,0,1,0,0,Fully-Furnished,0,0,31300
Worli,PG,0.8,177,1,0,1,0,Fully-Furnished,4,10,14300
Goregaon,Studio,3.3,207,1,0,0,0,Semi-Furnished,11,35,10900
Goregaon,Shared Room,1.5,124,1,0,0,0,Unfurnished,5,30,4300
Goregaon,2BHK,2.5,665,1,0,0,0,Unfurnished,18,22,25500
Borivali,PG,2.0,184,1,0,0,0,Fully-Furnished,19,25,7000
Dadar,Shared Room,4.5,185,1,1,1,1,Unfurnished,2,33,6500
Worli,Studio,2.6,409,0,0,0,0,Unfurnished,8,3,19500
Juhu,1BHK,1.5,476,1,1,0,0,Semi-Furnished,12,14,30300
Worli,PG,2.0,223,0,1,1,0,Fully-Furnished,20,34,12100
Goregaon,Shared Room,2.9,134,1,0,0,0,Fully-Furnished,7,29,4500
Juhu,1BHK,2.3,440,1,0,0,1,Fully-Furnished,14,24,32900
Thane,2BHK,1.6,736,1,0,0,1,Semi-Furnished,17,35,20900
Goregaon,Studio,4.5,397,1,0,1,0,Semi-Furnished,9,11,10500
Goregaon,Studio,2.0,424,1,1,1,0,Unfurnished,17,31,12400
Bandra,2BHK,2.4,1188,1,0,0,0,Unfurnished,4,12,36600
Thane,PG,2.5,150,0,1,0,1,Semi-Furnished,9,34,6100
Thane,PG,0.4,242,1,1,0,0,Semi-Furnished,12,1,7300
Bandra,Shared Room,0.3,165,1,0,0,0,Unfurnished,12,37,7900
Malad,2BHK,4.9,741,1,1,1,1,Fully-Furnished,1,8,26400
Malad,Shared Room,0.8,83,1,1,0,1,Fully-Furnished,4,16,6900
Malad,2BHK,0.5,783,1,0,0,0,Fully-Furnished,1,15,28700
Andheri,PG,2.9,156,1,1,1,0,Semi-Furnished,10,36,8100
Thane,Shared Room,5.0,193,0,1,0,1,Unfurnished,5,21,5500
Borivali,Shared Room,1.0,113,1,0,0,0,Unfurnished,15,28,5800
Dadar,Studio,1.5,278,1,0,1,0,Unfurnished,19,6,16000
Malad,Shared Room,4.7,188,1,0,0,0,Unfurnished,3,13,5000
Thane,1BHK,1.4,568,0,0,1,0,Unfurnished,10,26,12200
Goregaon,PG,4.3,213,1,0,1,0,Unfurnished,0,32,5700
Goregaon,1BHK,0.6,599,1,0,0,0,Unfurnished,18,31,17300
Thane,PG,3.3,208,1,0,0,0,Fully-Furnished,16,1,8000
Thane,2BHK,2.2,989,1,1,0,0,Fully-Furnished,8,17,21900
Malad,Shared Room,2.1,111,1,1,0,0,Semi-Furnished,8,0,5500
Dadar,Shared Room,1.7,153,0,1,1,0,Unfurnished,0,4,6700
Malad,Studio,1.9,232,1,0,1,0,Fully-Furnished,15,31,11800
Worli,1BHK,2.8,454,0,1,0,0,Semi-Furnished,15,36,22500
Andheri,PG,1.3,249,1,0,0,1,Semi-Furnished,10,26,10200
Juhu,Studio,2.5,247,1,0,0,1,Fully-Furnished,9,38,21800
Malad,1BHK,3.5,397,0,0,0,1,Unfurnished,19,9,14900
Juhu,PG,2.0,114,1,0,0,0,Unfurnished,4,10,10600
Malad,1BHK,1.9,551,0,0,1,1,Fully-Furnished,2,18,22000
Malad,Studio,2.1,287,1,0,1,0,Semi-Furnished,14,6,12000
Malad,2BHK,0.5,651,1,0,0,0,Unfurnished,20,16,25800
Bandra,1BHK,3.6,579,0,0,1,0,Fully-Furnished,18,11,30200
Andheri,2BHK,1.6,1153,1,1,1,0,Fully-Furnished,20,4,43300
Bandra,PG,4.3,179,1,0,0,0,Fully-Furnished,0,38,10000
Thane,2BHK,1.7,1028,1,1,0,1,Fully-Furnished,20,28,27600
Bandra,1BHK,0.8,433,0,0,1,0,Semi-Furnished,3,20,27300
Goregaon,1BHK,0.5,418,1,1,0,0,Fully-Furnished,3,17,20800
Borivali,PG,2.5,199,1,0,1,0,Unfurnished,1,0,6100
Malad,Shared Room,4.5,153,1,1,0,0,Unfurnished,17,6,5400
Borivali,Shared Room,1.3,150,0,0,0,0,Fully-Furnished,20,9,6700
Bandra,2BHK,3.9,950,1,0,0,0,Fully-Furnished,7,27,36200
Worli,1BHK,1.4,437,0,1,0,0,Semi-Furnished,19,5,30800
Goregaon,Studio,1.3,238,0,1,1,1,Fully-Furnished,6,22,13000
Dadar,Shared Room,1.2,130,1,1,0,1,Semi-Furnished,5,29,7200
Thane,2BHK,2.9,641,1,0,0,0,Unfurnished,17,21,20500
Powai,PG,1.2,168,1,0,1,0,Fully-Furnished,3,39,12400
Malad,PG,0.8,179,1,0,0,0,Unfurnished,9,1,7000
Thane,Studio,1.4,356,1,1,1,0,Unfurnished,15,2,11300
Powai,1BHK,1.6,597,1,1,0,0,Fully-Furnished,14,3,29900
Dadar,Studio,2.6,207,1,0,1,0,Unfurnished,13,4,15900
Borivali,1BHK,1.1,575,1,0,1,1,Unfurnished,1,2,19300
Andheri,Studio,1.6,314,1,0,0,0,Fully-Furnished,1,4,17200
Andheri,Shared Room,0.4,182,1,1,1,0,Fully-Furnished,20,28,9000
Worli,Studio,2.2,386,1,0,1,1,Fully-Furnished,7,31,20300
Dadar,PG,2.3,187,1,1,1,0,Fully-Furnished,1,15,8700
Bandra,2BHK,1.4,1185,1,0,0,1,Fully-Furnished,7,1,63400
Powai,2BHK,3.4,1174,0,1,1,1,Fully-Furnished,5,21,42600
Andheri,Shared Room,1.0,141,1,0,0,0,Fully-Furnished,9,36,7200
Malad,Studio,4.8,204,1,1,1,1,Unfurnished,17,31,10800
Borivali,PG,0.6,234,0,1,0,0,Fully-Furnished,6,30,7300
Worli,1BHK,4.8,428,1,1,0,0,Fully-Furnished,0,38,24500
Bandra,1BHK,2.2,574,1,0,0,1,Semi-Furnished,15,14,29400
Goregaon,Shared Room,1.5,155,1,1,1,0,Fully-Furnished,17,17,8200
Bandra,Studio,3.2,287,1,1,0,1,Unfurnished,19,30,17900
Juhu,PG,1.9,237,1,0,1,1,Unfurnished,16,33,13100
Borivali,Studio,4.2,338,1,0,1,0,Unfurnished,20,32,10500
Worli,2BHK,2.0,887,1,0,0,0,Semi-Furnished,3,9,40900
Juhu,1BHK,2.5,602,1,0,0,0,Semi-Furnished,0,18,29100
Goregaon,2BHK,2.9,720,1,1,0,0,Semi-Furnished,9,0,28200
Borivali,Shared Room,5.0,120,0,0,1,0,Unfurnished,6,31,3800
Goregaon,1BHK,2.7,500,1,1,0,0,Unfurnished,19,31,15500
Thane,Studio,2.5,246,1,1,0,0,Fully-Furnished,17,8,13500
Worli,PG,1.2,229,1,1,0,1,Unfurnished,3,13,12800
Malad,PG,3.6,113,0,1,0,0,Semi-Furnished,3,6,6600
Andheri,PG,1.8,113,1,0,0,0,Semi-Furnished,9,35,5700
Borivali,1BHK,4.5,553,0,1,0,1,Semi-Furnished,0,1,18100
Borivali,PG,4.5,173,1,0,0,0,Fully-Furnished,18,9,5700
Dadar,Studio,4.7,218,1,0,1,1,Unfurnished,18,16,14100
Malad,Shared Room,1.2,113,1,1,1,0,Semi-Furnished,14,4,7200
Bandra,Shared Room,0.1,184,1,1,1,0,Semi-Furnished,12,40,11100
Powai,2BHK,2.9,730,0,0,1,0,Semi-Furnished,9,37,30500
Goregaon,Shared Room,3.6,155,1,1,0,0,Unfurnished,12,18,5600
Borivali,1BHK,2.3,506,0,0,0,1,Semi-Furnished,13,17,15900
Thane,Shared Room,0.1,148,1,0,0,1,Semi-Furnished,11,29,5900
Andheri,Shared Room,0.4,124,0,1,0,0,Semi-Furnished,15,1,9100
Andheri,1BHK,3.8,439,1,1,0,0,Unfurnished,7,30,17000
Worli,Shared Room,2.9,84,1,0,1,0,Semi-Furnished,9,5,7900
Juhu,PG,4.1,217,1,1,0,0,Semi-Furnished,17,14,12000
Worli,PG,1.5,196,0,0,0,1,Fully-Furnished,0,36,12800
Andheri,PG,2.2,233,1,1,0,0,Unfurnished,19,40,7900
Thane,Studio,4.7,336,1,1,1,0,Semi-Furnished,13,32,10800
Malad,Studio,2.3,316,1,0,0,0,Unfurnished,5,29,9800
Borivali,PG,4.8,225,0,1,1,0,Unfurnished,14,5,8100
Borivali,Studio,3.1,380,1,1,1,0,Fully-Furnished,2,37,12000
Dadar,Shared Room,3.2,129,0,0,0,0,Fully-Furnished,12,20,5800
Borivali,2BHK,3.7,691,0,1,1,0,Semi-Furnished,1,17,18100
Borivali,Shared Room,0.7,121,1,0,0,0,Semi-Furnished,12,26,4300
Andheri,Studio,1.8,209,0,1,0,0,Fully-Furnished,20,39,15500
Dadar,Shared Room,4.7,98,1,1,0,0,Fully-Furnished,1,34,6400
Borivali,Shared Room,2.2,99,1,0,1,1,Fully-Furnished,17,8,7500
Goregaon,PG,0.8,214,1,0,1,0,Semi-Furnished,1,16,7700
Goregaon,Studio,3.5,274,1,0,1,1,Fully-Furnished,3,2,15300
Bandra,Studio,2.2,294,1,0,0,0,Unfurnished,18,11,18800
Worli,2BHK,2.8,1142,1,0,0,1,Semi-Furnished,18,38,41900
Goregaon,1BHK,4.8,441,1,0,1,0,Unfurnished,2,6,13900
Malad,Shared Room,2.9,170,0,0,1,0,Fully-Furnished,0,19,4800
Borivali,2BHK,2.6,793,1,1,0,0,Semi-Furnished,16,31,20500
Worli,1BHK,1.6,367,0,1,1,0,Fully-Furnished,6,23,29800
Bandra,1BHK,2.5,646,1,0,1,0,Unfurnished,15,22,24100
Bandra,1BHK,4.1,449,1,0,1,1,Semi-Furnished,6,23,22900
Worli,2BHK,2.8,724,1,1,0,1,Semi-Furnished,1,2,41400
Thane,1BHK,2.4,521,1,0,1,0,Fully-Furnished,13,30,14700
Bandra,Shared Room,3.9,196,1,0,0,0,Semi-Furnished,18,4,9200
Juhu,1BHK,2.8,528,1,0,0,1,Unfurnished,5,21,24400
Goregaon,2BHK,1.6,676,0,0,1,0,Fully-Furnished,11,33,30000
Juhu,Studio,4.0,406,1,1,0,1,Unfurnished,19,3,18500
Borivali,2BHK,4.1,1117,1,1,0,1,Fully-Furnished,1,21,25800
Malad,Shared Room,3.0,100,1,1,0,0,Fully-Furnished,10,8,6300
Juhu,1BHK,2.9,444,0,0,1,0,Fully-Furnished,15,8,31600
Powai,2BHK,1.0,981,1,1,0,1,Semi-Furnished,7,1,43600
Borivali,PG,4.2,163,0,0,0,0,Fully-Furnished,3,25,5800
Dadar,2BHK,0.6,1049,1,0,0,1,Semi-Furnished,2,37,28700
Bandra,PG,0.1,138,1,0,0,1,Unfurnished,8,24,11500
Borivali,1BHK,0.4,628,1,0,1,0,Fully-Furnished,3,10,18600
Thane,1BHK,1.3,551,0,0,1,1,Semi-Furnished,16,11,16200
Worli,Studio,1.1,336,1,1,0,0,Unfurnished,16,23,18100
Goregaon,Studio,2.4,272,1,1,1,0,Semi-Furnished,12,36,13300
Goregaon,Studio,1.7,400,1,0,0,0,Fully-Furnished,9,25,11500
Bandra,1BHK,4.2,622,1,0,0,1,Semi-Furnished,10,28,22000
Worli,1BHK,4.4,610,1,1,1,0,Unfurnished,1,40,20100
Andheri,1BHK,4.9,369,0,1,1,0,Semi-Furnished,18,10,17900
Malad,Shared Room,2.8,135,0,0,1,0,Unfurnished,7,26,3700
Borivali,PG,2.8,123,0,0,0,0,Fully-Furnished,2,32,5600
Thane,PG,2.2,196,0,1,0,0,Unfurnished,17,21,6600
Thane,Studio,1.7,318,1,0,1,0,Semi-Furnished,8,21,11100
Goregaon,2BHK,3.2,1044,1,0,0,0,Fully-Furnished,7,37,25200
Borivali,Shared Room,3.0,167,0,1,0,0,Fully-Furnished,10,26,5500
Thane,Shared Room,3.8,196,1,0,0,0,Semi-Furnished,0,4,4000
Andheri,Studio,3.0,238,1,0,1,0,Fully-Furnished,5,39,15500
Bandra,Studio,0.7,409,1,1,1,0,Unfurnished,5,15,23100
Dadar,PG,2.6,213,1,1,0,1,Fully-Furnished,20,27,12200
Borivali,Studio,3.0,295,1,0,1,0,Semi-Furnished,1,8,11500
Powai,PG,3.4,174,1,1,1,0,Semi-Furnished,0,30,8300
Malad,2BHK,2.2,998,1,0,1,1,Fully-Furnished,13,20,32800
Dadar,PG,3.8,238,1,0,1,0,Unfurnished,8,18,7200
Worli,Shared Room,2.9,171,0,1,1,0,Unfurnished,3,39,7000
Juhu,1BHK,2.3,493,1,1,0,0,Semi-Furnished,16,36,22200
Powai,2BHK,3.3,863,1,0,0,0,Unfurnished,1,26,25100
Juhu,Shared Room,1.0,103,1,1,0,0,Unfurnished,5,35,8900
Goregaon,Studio,3.4,215,1,1,1,0,Fully-Furnished,9,37,12600
Andheri,Studio,1.0,239,0,1,0,1,Semi-Furnished,12,2,20200
Bandra,Shared Room,2.3,199,0,0,1,1,Unfurnished,0,22,7400
Borivali,PG,2.0,203,1,1,1,0,Unfurnished,0,2,6900
Dadar,Shared Room,0.6,80,1,0,0,0,Semi-Furnished,15,37,5400
Worli,PG,2.0,149,0,1,0,0,Semi-Furnished,6,11,11800
Andheri,2BHK,4.7,1191,1,0,0,0,Unfurnished,18,36,24000
Powai,Studio,3.8,250,0,0,0,0,Unfurnished,9,20,13400
Juhu,Studio,3.8,228,0,1,0,0,Semi-Furnished,19,23,19700
Bandra,2BHK,3.8,871,1,0,1,1,Semi-Furnished,1,8,37500
Goregaon,Shared Room,0.4,160,1,0,0,0,Unfurnished,9,6,5900
Malad,PG,1.8,138,0,0,0,0,Unfurnished,9,23,5900
Malad,1BHK,3.1,467,0,0,0,0,Fully-Furnished,11,20,14500
Powai,PG,4.1,174,1,0,0,1,Unfurnished,3,28,8100
Malad,Shared Room,4.6,88,1,1,0,0,Fully-Furnished,8,28,5000
Malad,Studio,1.1,309,1,1,1,1,Semi-Furnished,5,0,17500
Juhu,2BHK,0.5,958,0,1,1,0,Semi-Furnished,7,10,45000
Borivali,2BHK,3.0,851,0,0,0,0,Fully-Furnished,12,24,23800
Juhu,Shared Room,0.8,116,0,0,0,0,Fully-Furnished,7,32,8500
Borivali,Studio,1.0,354,1,1,0,0,Unfurnished,3,37,8800
Bandra,1BHK,2.0,534,1,1,0,1,Unfurnished,5,1,27700
Andheri,2BHK,2.3,987,1,0,0,0,Semi-Furnished,19,3,36000
Andheri,1BHK,3.0,606,1,1,1,0,Semi-Furnished,15,35,19400
Borivali,Shared Room,1.8,113,1,1,1,0,Unfurnished,5,6,5300
Goregaon,Studio,1.2,335,0,0,1,0,Unfurnished,3,29,10000
Juhu,2BHK,4.7,689,1,0,1,0,Semi-Furnished,8,29,33400
Dadar,Studio,2.5,297,1,1,1,0,Semi-Furnished,18,39,13900
Thane,Studio,4.7,209,1,1,0,1,Fully-Furnished,6,32,9500
Bandra,1BHK,2.8,379,0,0,1,0,Fully-Furnished,14,38,26000
Worli,2BHK,3.0,1059,0,1,0,0,Semi-Furnished,8,4,46600
Malad,PG,2.5,167,0,0,0,0,Unfurnished,20,36,6000
Goregaon,Studio,3.8,256,1,1,0,1,Fully-Furnished,11,18,14100
Worli,2BHK,1.3,978,1,0,0,0,Unfurnished,4,28,43000
Andheri,1BHK,2.4,442,0,0,0,0,Fully-Furnished,0,32,21200
Juhu,1BHK,0.7,542,1,0,0,0,Unfurnished,3,17,27300
Dadar,Shared Room,0.9,187,1,1,0,0,Fully-Furnished,12,33,8800
Juhu,PG,3.8,165,1,1,0,1,Fully-Furnished,2,38,10800
Borivali,PG,3.2,184,0,0,0,0,Unfurnished,10,10,5100
Juhu,2BHK,2.7,974,1,1,1,0,Fully-Furnished,0,39,39700
Goregaon,2BHK,0.5,902,1,0,0,0,Unfurnished,11,33,22400
Juhu,1BHK,1.1,621,0,0,0,0,Fully-Furnished,10,30,31800
Bandra,Shared Room,4.5,90,1,0,0,1,Semi-Furnished,16,10,8100
Dadar,Shared Room,0.9,176,0,0,1,0,Unfurnished,1,37,5200
Juhu,Studio,2.8,221,1,1,1,1,Unfurnished,19,26,19400
Bandra,2BHK,1.3,672,1,1,0,0,Unfurnished,11,39,36300
Worli,Shared Room,3.4,100,1,0,0,0,Semi-Furnished,4,25,6000
Powai,Studio,2.0,306,1,0,1,0,Unfurnished,0,10,17000
Borivali,Studio,1.3,292,1,0,0,1,Semi-Furnished,10,15,14200
Goregaon,1BHK,4.8,462,1,0,1,0,Semi-Furnished,17,13,17500
Borivali,PG,2.1,240,0,1,0,0,Unfurnished,17,26,6600
Juhu,2BHK,0.9,838,0,1,1,0,Semi-Furnished,19,21,53100
Juhu,1BHK,0.9,564,1,1,0,1,Fully-Furnished,14,26,31000
Andheri,1BHK,2.2,478,1,0,1,1,Unfurnished,5,34,18000
Thane,Studio,4.8,360,0,0,0,0,Unfurnished,8,15,7600
Worli,2BHK,0.3,686,0,1,0,0,Semi-Furnished,13,11,52700
Worli,1BHK,4.5,373,1,1,0,1,Fully-Furnished,8,31,27700
Malad,1BHK,4.1,514,0,0,0,1,Fully-Furnished,17,12,18400
Bandra,2BHK,3.9,1180,1,0,1,0,Fully-Furnished,4,10,37700
Malad,Shared Room,2.9,167,1,0,1,0,Semi-Furnished,15,39,4800
Thane,PG,3.1,113,0,0,0,0,Semi-Furnished,3,3,4300
Bandra,Studio,2.5,201,0,1,0,0,Semi-Furnished,6,1,18400
Andheri,PG,4.2,225,0,0,1,0,Unfurnished,11,40,6800
Worli,1BHK,0.3,464,0,0,0,0,Unfurnished,15,27,27800
Bandra,Studio,1.2,444,1,0,1,0,Fully-Furnished,3,20,22500
Powai,1BHK,1.9,385,0,0,1,0,Fully-Furnished,1,19,24700
Malad,PG,1.7,183,1,1,1,0,Semi-Furnished,6,14,8200
Goregaon,2BHK,1.7,967,1,0,1,0,Fully-Furnished,5,3,31100
Bandra,PG,0.6,181,1,1,0,0,Unfurnished,13,29,11200
Worli,Studio,3.6,272,1,0,1,0,Unfurnished,17,20,18100
Worli,Studio,3.2,223,0,0,0,0,Fully-Furnished,11,12,21100
Powai,Studio,2.3,315,1,0,0,0,Semi-Furnished,4,5,17700
Goregaon,PG,3.5,144,1,0,0,0,Fully-Furnished,8,21,7400
Malad,2BHK,1.4,971,1,0,0,1,Fully-Furnished,4,22,30100
Juhu,1BHK,2.3,501,1,1,1,0,Fully-Furnished,19,16,36900
Andheri,1BHK,4.2,554,0,1,0,0,Unfurnished,17,40,15500
Goregaon,1BHK,1.3,642,1,0,1,0,Fully-Furnished,19,29,19500
Malad,Studio,3.2,444,1,1,0,1,Unfurnished,10,32,11900
Bandra,2BHK,4.2,867,1,1,0,0,Fully-Furnished,4,4,40200
Bandra,2BHK,2.9,874,0,1,1,0,Fully-Furnished,1,38,37100
Powai,PG,3.5,154,0,0,0,0,Fully-Furnished,7,6,9800
Malad,Studio,2.0,291,1,1,0,1,Fully-Furnished,20,36,15400
Malad,Studio,4.6,235,1,0,1,1,Unfurnished,20,38,10100
Bandra,2BHK,4.8,940,1,0,0,0,Semi-Furnished,18,12,38200
Bandra,PG,2.5,130,0,1,0,0,Unfurnished,7,27,8500
Goregaon,PG,2.8,198,1,0,1,0,Semi-Furnished,16,27,7800
Bandra,PG,4.2,229,1,1,1,1,Fully-Furnished,13,7,14300
Worli,1BHK,1.4,619,1,1,0,1,Unfurnished,9,4,29600
Goregaon,PG,2.6,136,0,1,1,0,Unfurnished,20,33,7300
Thane,Studio,4.2,240,1,1,0,0,Fully-Furnished,6,14,8900
Malad,1BHK,1.8,623,0,1,1,1,Fully-Furnished,4,20,17500
Juhu,Shared Room,2.4,101,1,1,0,0,Unfurnished,13,27,7200
Malad,2BHK,0.1,958,1,0,1,1,Unfurnished,11,21,25600
Dadar,Studio,4.8,226,1,1,0,1,Unfurnished,4,7,14600
Borivali,Studio,2.9,321,1,1,0,0,Unfurnished,3,9,11600
Andheri,2BHK,1.1,871,1,1,1,0,Unfurnished,19,38,29900
Bandra,Shared Room,0.8,143,0,1,1,0,Unfurnished,19,8,10200
Powai,Studio,1.7,225,0,1,0,0,Unfurnished,18,7,17500
Bandra,Studio,1.1,232,1,1,1,0,Fully-Furnished,12,26,24900
Andheri,2BHK,0.2,867,0,0,0,0,Unfurnished,17,21,33400
Andheri,PG,1.7,126,1,1,1,0,Unfurnished,20,30,9300
Malad,PG,4.2,198,1,1,1,0,Semi-Furnished,10,14,8400
Thane,Shared Room,2.2,117,1,0,0,1,Unfurnished,5,23,5000
Worli,PG,4.1,185,1,0,0,0,Unfurnished,8,0,10500
Malad,Shared Room,4.6,144,1,0,0,0,Unfurnished,0,25,3800
Worli,2BHK,0.2,1184,1,0,1,1,Semi-Furnished,3,33,38000
Juhu,2BHK,4.3,923,0,1,0,0,Unfurnished,14,7,42800
Andheri,2BHK,2.5,1068,1,1,0,1,Unfurnished,5,4,29200
Juhu,Studio,1.4,353,1,1,1,1,Semi-Furnished,5,31,22500
Worli,1BHK,0.6,631,1,1,1,1,Unfurnished,3,30,24900
Bandra,2BHK,3.3,897,1,1,0,0,Fully-Furnished,1,29,38900
Dadar,2BHK,3.6,699,0,1,0,0,Semi-Furnished,10,2,29900
Borivali,2BHK,3.0,689,1,0,0,0,Semi-Furnished,7,37,17200
Malad,1BHK,1.1,611,1,0,1,0,Semi-Furnished,0,26,18900
Worli,Shared Room,1.8,188,0,0,0,0,Fully-Furnished,15,24,9600
Thane,Shared Room,2.7,173,0,0,0,0,Unfurnished,9,24,4000
Borivali,Shared Room,2.4,108,1,1,0,0,Semi-Furnished,9,22,4900
Worli,2BHK,2.5,1153,0,1,1,0,Fully-Furnished,2,11,54300
Worli,1BHK,2.3,355,1,0,0,1,Fully-Furnished,18,2,29800
Worli,Shared Room,3.6,146,1,0,0,0,Fully-Furnished,20,26,9100
Andheri,Shared Room,2.0,88,1,1,1,1,Unfurnished,9,9,8900
Juhu,Studio,1.8,354,1,1,0,0,Fully-Furnished,12,18,24600
Dadar,1BHK,3.5,424,1,1,0,0,Unfurnished,10,37,17100
Bandra,1BHK,3.7,583,1,1,0,1,Unfurnished,18,36,22300
Andheri,Shared Room,2.8,169,1,0,1,0,Semi-Furnished,3,6,6800
Malad,PG,4.5,247,0,0,1,1,Unfurnished,1,30,6400
Andheri,PG,4.4,213,1,0,0,1,Semi-Furnished,7,16,9900
Bandra,PG,1.2,223,1,1,1,1,Semi-Furnished,2,1,13700
Juhu,Studio,5.0,223,1,1,0,0,Unfurnished,16,23,18000
Andheri,Shared Room,1.4,139,1,1,0,1,Unfurnished,13,17,8300
Malad,1BHK,0.8,640,1,0,1,1,Unfurnished,1,35,13700
Juhu,2BHK,4.0,700,0,1,0,0,Fully-Furnished,6,9,40000
Dadar,Shared Room,0.4,116,0,1,1,0,Fully-Furnished,1,14,8500
Juhu,Shared Room,3.7,177,1,1,0,0,Unfurnished,16,29,8400
Bandra,Studio,3.0,394,1,1,1,0,Semi-Furnished,14,36,17600
Worli,Studio,3.5,209,1,0,0,0,Unfurnished,5,10,16900
Borivali,PG,1.6,178,1,1,0,1,Fully-Furnished,2,1,9600
Dadar,2BHK,2.1,848,1,0,0,0,Fully-Furnished,1,37,32800
Malad,Shared Room,0.5,167,1,0,1,0,Unfurnished,2,1,5800
Bandra,2BHK,1.0,664,0,0,1,0,Unfurnished,10,18,38100
Goregaon,Studio,3.8,288,1,0,1,0,Fully-Furnished,5,0,12800
Worli,2BHK,4.1,745,1,0,0,0,Semi-Furnished,14,37,35600
Bandra,1BHK,3.2,604,1,0,1,0,Fully-Furnished,10,32,23500
Dadar,Studio,2.2,263,0,1,0,0,Fully-Furnished,2,8,17500
Dadar,Shared Room,3.3,172,0,1,1,1,Fully-Furnished,15,38,7600
Andheri,Shared Room,0.6,112,0,1,0,0,Fully-Furnished,17,28,8700
Thane,Shared Room,0.7,109,0,0,1,1,Fully-Furnished,17,21,7000
Bandra,Studio,1.3,274,1,1,0,0,Semi-Furnished,15,8,22800
Malad,1BHK,1.2,499,1,0,0,1,Unfurnished,19,11,19200
Thane,Studio,3.3,391,0,0,0,0,Unfurnished,20,12,9700
Andheri,2BHK,2.5,706,1,0,0,0,Fully-Furnished,1,24,31800
Juhu,1BHK,0.9,573,1,1,0,1,Unfurnished,17,21,32300
Worli,PG,1.7,120,1,1,0,0,Semi-Furnished,12,39,10100
Thane,PG,4.3,238,1,1,0,0,Semi-Furnished,4,17,6000
Thane,1BHK,1.5,621,1,0,0,0,Unfurnished,0,19,12000
Dadar,1BHK,1.7,543,1,1,0,1,Unfurnished,7,12,20800
Andheri,Shared Room,4.2,87,0,1,0,0,Unfurnished,19,19,5900
Malad,2BHK,2.9,1136,1,0,0,1,Semi-Furnished,1,30,21000
Thane,1BHK,2.5,377,0,0,1,0,Semi-Furnished,5,20,13200
Andheri,Studio,4.0,422,0,1,1,0,Unfurnished,10,9,15600
Goregaon,Shared Room,2.9,118,0,0,0,0,Semi-Furnished,16,39,5000
Thane,Studio,3.8,322,1,1,0,1,Unfurnished,14,30,8900
Worli,PG,4.6,122,1,0,0,0,Unfurnished,20,16,8100
Malad,Studio,3.2,225,1,1,0,0,Unfurnished,1,29,10300
Dadar,PG,4.6,233,0,1,0,0,Fully-Furnished,17,33,8500
Goregaon,1BHK,0.7,557,1,1,0,1,Semi-Furnished,5,26,20300
Malad,1BHK,0.5,613,1,0,1,1,Fully-Furnished,12,15,20100
Goregaon,2BHK,0.5,605,1,0,0,1,Unfurnished,0,31,22800
Dadar,1BHK,2.5,359,0,1,1,0,Semi-Furnished,20,26,21700
Thane,1BHK,1.7,450,0,0,0,0,Fully-Furnished,19,2,15100
Powai,1BHK,4.5,557,1,0,0,0,Fully-Furnished,17,11,24800
Thane,2BHK,2.2,666,0,0,1,0,Semi-Furnished,16,34,17300
Malad,PG,4.5,167,1,0,1,0,Fully-Furnished,0,23,6000
Powai,1BHK,3.9,619,1,1,0,1,Unfurnished,4,26,18900
Juhu,1BHK,3.7,357,0,0,1,1,Semi-Furnished,9,25,22200
Goregaon,Shared Room,3.9,128,1,0,0,1,Fully-Furnished,10,18,6400
Powai,PG,4.1,241,1,0,1,1,Unfurnished,13,40,10500
Powai,Studio,4.2,256,1,1,1,1,Unfurnished,17,10,18100
Thane,Studio,1.8,369,1,0,1,1,Semi-Furnished,0,9,11400
Powai,Shared Room,2.8,121,0,1,0,1,Unfurnished,13,13,7600
Dadar,PG,2.6,236,0,0,0,0,Unfurnished,6,5,7300
Powai,PG,0.6,174,1,0,0,1,Fully-Furnished,3,9,12600
Borivali,Studio,4.7,203,1,1,0,0,Unfurnished,20,33,8300
Juhu,1BHK,4.8,558,1,1,0,1,Semi-Furnished,11,28,26400
Malad,Studio,1.5,319,1,0,1,1,Unfurnished,8,19,12800
Dadar,Shared Room,1.9,87,1,1,0,1,Unfurnished,17,24,7100
Borivali,2BHK,0.6,633,0,0,1,0,Semi-Furnished,7,37,23200
Juhu,PG,1.2,200,1,1,1,0,Semi-Furnished,6,8,13500
Malad,1BHK,2.4,543,0,1,0,0,Semi-Furnished,14,10,16200
Worli,2BHK,2.0,708,1,0,0,0,Semi-Furnished,0,30,43200
Malad,PG,4.7,208,1,1,1,0,Unfurnished,11,40,5700
Bandra,Shared Room,0.2,143,1,1,1,0,Semi-Furnished,17,21,10200
Thane,PG,2.8,161,0,0,0,0,Semi-Furnished,17,20,5400
Malad,2BHK,0.2,983,0,0,1,0,Fully-Furnished,12,3,38900
Bandra,1BHK,1.1,434,1,0,1,1,Fully-Furnished,8,27,33100
Borivali,Shared Room,4.4,150,0,1,0,0,Fully-Furnished,9,24,5200
Borivali,PG,4.1,109,0,1,0,0,Unfurnished,19,6,5900
Juhu,Shared Room,2.8,135,0,0,1,0,Fully-Furnished,0,19,8800
Powai,2BHK,3.9,1164,0,1,1,0,Semi-Furnished,11,28,34200
Bandra,1BHK,2.6,535,1,1,0,0,Semi-Furnished,3,39,23300
Thane,PG,2.7,130,0,1,1,0,Fully-Furnished,2,29,6800
Worli,1BHK,0.3,364,0,1,0,0,Semi-Furnished,2,13,31800
Powai,Shared Room,2.1,155,1,0,1,1,Semi-Furnished,0,35,7300
Goregaon,Studio,3.3,205,1,1,1,0,Semi-Furnished,7,25,11400
Thane,2BHK,2.0,1136,1,1,0,1,Unfurnished,19,39,19000
Borivali,1BHK,4.1,532,1,1,0,0,Unfurnished,5,31,11700
Dadar,Shared Room,2.6,181,1,0,1,0,Unfurnished,14,12,7900
Bandra,Studio,4.6,281,1,1,1,0,Semi-Furnished,9,12,19900
Goregaon,2BHK,1.3,1073,1,1,0,0,Semi-Furnished,17,37,27200
Bandra,1BHK,5.0,646,1,1,1,0,Fully-Furnished,3,26,26900
Worli,Shared Room,4.1,136,1,1,1,0,Unfurnished,1,2,7100
Thane,2BHK,4.1,990,0,0,0,1,Unfurnished,18,25,19000
Dadar,2BHK,4.8,942,1,0,1,0,Fully-Furnished,4,21,32800
Goregaon,PG,4.8,222,1,1,0,0,Unfurnished,8,26,7100
Thane,1BHK,2.1,583,1,0,1,0,Semi-Furnished,2,5,13600
Dadar,Shared Room,3.7,128,0,0,0,0,Semi-Furnished,0,40,4500
Dadar,Shared Room,4.5,143,1,1,0,1,Unfurnished,18,20,7400
Powai,Shared Room,0.7,147,1,0,0,0,Fully-Furnished,15,27,8700
Juhu,1BHK,1.6,415,1,1,1,1,Fully-Furnished,6,18,29100
Juhu,Studio,0.7,286,1,1,1,0,Fully-Furnished,13,14,22300
Worli,2BHK,3.7,628,1,1,1,1,Semi-Furnished,10,33,37600
Powai,Studio,4.3,411,1,1,0,1,Semi-Furnished,14,6,18700
Dadar,PG,3.9,226,1,1,0,0,Fully-Furnished,4,0,10800
Worli,1BHK,0.2,619,1,0,1,1,Semi-Furnished,11,25,34100
Worli,Shared Room,4.2,151,1,0,0,0,Unfurnished,10,7,7600
Borivali,1BHK,4.7,418,1,1,0,0,Unfurnished,10,6,13500
Bandra,2BHK,3.8,1036,1,1,0,0,Semi-Furnished,2,18,32000
Borivali,1BHK,1.0,546,1,1,0,0,Fully-Furnished,6,20,17500
Bandra,2BHK,0.5,812,0,1,1,0,Semi-Furnished,10,4,50800
Goregaon,2BHK,4.9,625,1,1,0,0,Fully-Furnished,1,2,27500
Dadar,2BHK,0.3,1001,1,0,0,0,Unfurnished,3,3,32000
Goregaon,PG,1.8,139,1,0,0,0,Fully-Furnished,15,4,9400
Dadar,1BHK,0.2,425,1,1,1,0,Unfurnished,0,2,20800
Worli,Studio,4.7,398,1,0,1,0,Semi-Furnished,19,17,20100
Bandra,1BHK,2.4,633,1,1,0,0,Semi-Furnished,12,27,24100
Juhu,PG,2.0,132,0,1,0,0,Unfurnished,8,13,12000
Powai,Shared Room,2.9,171,0,1,0,0,Unfurnished,1,7,5700
Goregaon,2BHK,0.8,847,1,1,0,0,Fully-Furnished,6,3,38600
Andheri,Studio,3.3,425,1,1,0,0,Fully-Furnished,3,3,17500
Malad,2BHK,0.1,875,1,1,0,0,Unfurnished,14,4,27400
Andheri,1BHK,1.1,629,1,1,1,0,Fully-Furnished,3,23,20700
Powai,PG,0.5,106,0,0,0,0,Unfurnished,11,15,10300
Malad,PG,0.8,149,1,0,1,0,Fully-Furnished,20,34,8800
Bandra,Shared Room,0.8,82,1,1,1,0,Unfurnished,1,2,9300
Thane,Studio,3.7,221,1,1,0,0,Semi-Furnished,13,38,8600
Worli,2BHK,2.8,1076,1,0,0,1,Unfurnished,16,19,39200
Dadar,Shared Room,1.9,189,0,0,1,0,Fully-Furnished,2,32,6500
Borivali,PG,4.4,233,1,1,0,1,Fully-Furnished,6,26,7100
Worli,1BHK,0.3,422,1,1,1,0,Unfurnished,11,20,25400
Juhu,Studio,1.2,285,1,1,1,0,Semi-Furnished,8,21,20700
Borivali,Shared Room,0.5,198,1,1,1,0,Semi-Furnished,0,33,6100
Andheri,1BHK,4.5,580,1,0,0,1,Unfurnished,20,19,18400
Worli,Studio,4.8,280,1,0,1,0,Unfurnished,13,8,16500
Dadar,PG,1.5,103,0,0,0,0,Unfurnished,12,29,6600
Powai,1BHK,1.5,374,1,0,1,0,Semi-Furnished,19,12,23100
Bandra,PG,0.5,197,0,0,1,1,Fully-Furnished,16,1,13800
Goregaon,Studio,0.2,205,1,0,1,0,Semi-Furnished,12,0,15100
Borivali,2BHK,2.5,1071,1,0,0,0,Unfurnished,1,14,19800
Worli,Shared Room,2.1,122,1,1,1,0,Semi-Furnished,12,25,9200
Thane,2BHK,1.2,1055,1,1,0,0,Fully-Furnished,16,4,30200
Andheri,Studio,2.6,309,1,1,1,0,Semi-Furnished,10,11,17100
Malad,PG,0.2,145,1,1,0,0,Semi-Furnished,14,10,9500
Powai,2BHK,3.4,664,1,0,1,0,Unfurnished,19,37,30700
Powai,1BHK,0.2,581,0,1,0,0,Semi-Furnished,4,16,27700
Powai,2BHK,0.7,726,0,0,1,0,Semi-Furnished,12,33,37000
Goregaon,2BHK,5.0,1135,1,0,0,0,Fully-Furnished,14,11,29600
Bandra,PG,1.9,245,1,0,0,0,Fully-Furnished,8,15,11800
Bandra,1BHK,0.7,523,1,1,1,1,Semi-Furnished,16,32,27700
Bandra,PG,1.7,119,1,0,0,1,Unfurnished,14,0,11500
Juhu,2BHK,0.8,816,1,0,0,1,Unfurnished,13,4,39800
Thane,2BHK,1.7,876,0,0,1,0,Semi-Furnished,14,18,20800
Malad,1BHK,2.5,371,1,1,1,0,Semi-Furnished,8,0,17600
Goregaon,Studio,1.4,319,1,1,1,0,Semi-Furnished,7,23,14100
Powai,PG,3.5,160,0,0,1,0,Fully-Furnished,8,31,9100
Goregaon,PG,2.6,149,1,1,0,1,Fully-Furnished,17,27,8700
Malad,2BHK,4.5,796,0,1,0,1,Semi-Furnished,14,12,28100
Powai,PG,4.8,189,0,0,0,1,Fully-Furnished,20,25,11400
Worli,Shared Room,3.3,170,0,0,1,1,Unfurnished,0,33,7600
Malad,Studio,0.8,287,1,0,0,0,Semi-Furnished,6,35,11500
Borivali,2BHK,3.4,1074,1,0,0,1,Fully-Furnished,1,20,24200
Worli,Shared Room,1.9,179,1,1,1,1,Unfurnished,19,10,12000
Dadar,Shared Room,4.9,84,1,0,0,0,Fully-Furnished,9,28,6400
Andheri,Studio,2.5,443,0,1,1,0,Semi-Furnished,0,32,14500
Worli,PG,0.2,170,1,0,0,0,Fully-Furnished,13,18,16200
Bandra,Shared Room,3.8,179,1,1,1,0,Fully-Furnished,13,31,8800
Thane,Shared Room,1.9,154,0,1,1,0,Semi-Furnished,10,24,5300
Bandra,Studio,3.2,284,1,0,1,0,Fully-Furnished,19,19,24600
Worli,PG,3.5,102,0,1,1,1,Semi-Furnished,16,26,11300
Malad,2BHK,4.1,962,0,1,1,1,Semi-Furnished,7,19,25200
Dadar,2BHK,0.4,979,1,1,0,0,Unfurnished,16,25,33000
Dadar,PG,4.7,144,0,1,0,0,Unfurnished,18,19,7600
Bandra,Studio,2.4,444,1,1,0,0,Semi-Furnished,10,2,23000
Worli,PG,3.2,117,1,1,0,0,Unfurnished,7,5,10300
Malad,2BHK,3.3,1058,1,0,0,0,Fully-Furnished,6,21,20100
Powai,Shared Room,0.6,123,0,1,1,1,Fully-Furnished,4,36,9100
Dadar,PG,4.3,159,0,0,1,1,Semi-Furnished,6,35,7900
Bandra,Shared Room,3.9,80,1,0,0,1,Semi-Furnished,4,33,6500
Borivali,1BHK,3.6,496,0,0,0,0,Semi-Furnished,8,38,12100
Borivali,Shared Room,4.6,141,1,1,1,1,Fully-Furnished,2,0,6800
Thane,Shared Room,1.5,182,1,0,1,0,Fully-Furnished,6,19,5400
Borivali,Shared Room,1.6,130,1,1,1,0,Semi-Furnished,15,16,7000
Dadar,PG,0.2,162,1,0,0,0,Fully-Furnished,20,29,11900
Powai,2BHK,3.3,1187,0,1,0,0,Unfurnished,8,32,36000
Dadar,1BHK,0.7,615,0,0,1,0,Unfurnished,19,40,20000
Thane,Studio,0.7,339,1,0,1,0,Unfurnished,1,35,8300
Andheri,PG,1.8,127,0,1,0,0,Unfurnished,1,19,6900
Bandra,Shared Room,0.5,104,1,1,0,1,Unfurnished,6,30,8300
Thane,2BHK,1.9,1105,1,1,1,0,Fully-Furnished,20,33,22200
Powai,PG,4.1,106,1,1,0,1,Unfurnished,13,16,11400
Juhu,Studio,4.1,247,1,0,0,1,Fully-Furnished,3,0,22900
Malad,2BHK,1.9,791,0,0,0,0,Unfurnished,0,12,25100
Malad,Studio,4.0,241,1,1,0,0,Unfurnished,1,17,8900
Borivali,Shared Room,4.4,192,1,0,1,1,Unfurnished,3,24,5300
Malad,PG,0.2,186,0,1,0,0,Fully-Furnished,1,28,8300
Powai,Shared Room,2.1,90,1,0,0,1,Unfurnished,7,27,7800
Borivali,Studio,2.7,269,1,0,0,0,Unfurnished,15,27,9700
Powai,2BHK,0.6,737,1,1,0,1,Unfurnished,6,23,33300
Thane,PG,0.6,229,1,0,0,1,Fully-Furnished,17,20,8700
Goregaon,PG,2.8,126,0,1,0,0,Fully-Furnished,11,23,7400
Borivali,1BHK,0.3,594,1,1,0,1,Unfurnished,15,25,20100
Andheri,PG,2.5,165,1,0,1,1,Semi-Furnished,10,9,10100
Malad,Studio,3.0,237,1,0,0,0,Semi-Furnished,12,5,11000
Borivali,1BHK,1.7,645,1,1,1,0,Semi-Furnished,5,29,15000
Andheri,PG,4.5,199,0,1,0,0,Unfurnished,7,21,7200
Bandra,Studio,4.1,289,1,1,0,0,Fully-Furnished,20,36,18700
Powai,2BHK,1.8,959,1,0,1,1,Unfurnished,10,17,34600
Goregaon,Shared Room,2.9,109,1,0,0,0,Fully-Furnished,13,30,5100
Juhu,PG,1.1,236,0,1,0,0,Fully-Furnished,11,12,12900
Bandra,PG,3.6,201,0,1,0,0,Fully-Furnished,4,20,11000
Borivali,Studio,1.9,266,1,0,1,1,Fully-Furnished,7,10,12900
Worli,1BHK,3.9,475,1,1,1,0,Fully-Furnished,3,9,33100
Andheri,Shared Room,1.2,194,1,1,1,1,Unfurnished,20,19,8800
Dadar,Studio,1.0,311,1,0,1,1,Fully-Furnished,0,30,17900
Bandra,2BHK,2.5,611,0,0,1,1,Fully-Furnished,8,24,43800
Powai,1BHK,0.6,579,0,1,1,0,Unfurnished,16,17,23900
Dadar,2BHK,3.4,1198,1,1,1,0,Fully-Furnished,20,40,29400
Andheri,Studio,2.8,260,1,1,0,0,Unfurnished,0,15,13700
Malad,Studio,4.9,404,0,1,0,1,Semi-Furnished,0,23,9900
Andheri,PG,3.7,175,1,1,0,0,Semi-Furnished,12,5,10300
Juhu,Studio,2.7,381,0,0,0,0,Unfurnished,20,38,16600
Dadar,Studio,1.9,234,1,0,1,0,Unfurnished,16,35,10500
Malad,2BHK,2.8,695,1,1,0,0,Semi-Furnished,12,11,23600
Malad,2BHK,4.2,692,0,0,0,0,Unfurnished,19,17,19200
Juhu,1BHK,1.5,613,0,0,0,0,Unfurnished,12,32,25700
Borivali,Shared Room,4.2,120,1,0,0,1,Unfurnished,7,15,5600
Thane,Shared Room,0.6,183,0,1,0,1,Semi-Furnished,16,25,6900
Malad,Studio,3.0,236,0,1,1,1,Fully-Furnished,2,4,14500
Bandra,2BHK,1.7,834,1,0,0,0,Unfurnished,9,26,38500
Bandra,Studio,3.3,322,1,0,1,0,Semi-Furnished,18,6,20000
Dadar,Shared Room,1.6,149,1,0,1,0,Unfurnished,2,38,5500
Malad,1BHK,0.9,481,0,1,1,0,Semi-Furnished,16,37,15400
Dadar,1BHK,3.9,352,1,1,1,1,Unfurnished,18,32,20700
Borivali,PG,3.0,152,1,1,1,0,Fully-Furnished,5,22,6900
Juhu,Shared Room,2.6,123,1,1,0,0,Unfurnished,17,6,10500
Malad,Studio,4.0,226,1,0,1,0,Semi-Furnished,17,5,12000
Goregaon,PG,1.4,199,0,0,0,1,Unfurnished,12,6,8000
Powai,2BHK,1.5,648,1,1,0,0,Fully-Furnished,10,3,41600
Andheri,Studio,1.2,278,1,0,0,0,Semi-Furnished,17,8,15600
Bandra,PG,2.2,153,1,1,0,0,Semi-Furnished,7,34,11300
Malad,1BHK,2.3,583,1,1,0,0,Fully-Furnished,9,36,17100
Thane,PG,2.9,106,0,0,0,0,Semi-Furnished,17,19,5700
Borivali,Studio,1.4,207,1,1,1,1,Fully-Furnished,10,9,14400
Dadar,1BHK,4.8,568,1,1,0,0,Unfurnished,18,35,14800
Powai,Shared Room,3.0,156,1,1,1,1,Semi-Furnished,5,3,8600
Thane,Studio,3.8,430,1,0,0,0,Unfurnished,1,19,8000
Goregaon,Shared Room,1.1,108,1,0,0,0,Unfurnished,7,36,4800
Goregaon,Shared Room,4.8,185,1,0,0,1,Unfurnished,12,29,6700
Goregaon,1BHK,4.7,414,1,0,0,0,Semi-Furnished,18,3,17700
Andheri,PG,0.6,194,0,1,1,1,Unfurnished,13,13,10400
Juhu,2BHK,0.9,1133,1,1,0,0,Semi-Furnished,12,0,53800
Thane,Shared Room,3.7,173,1,1,1,1,Unfurnished,11,14,6600
Malad,Studio,3.9,224,1,1,1,0,Unfurnished,20,6,12800
Powai,Studio,0.7,283,1,0,0,0,Semi-Furnished,0,3,15600
Malad,2BHK,3.3,1057,0,0,0,0,Semi-Furnished,19,37,21400
Goregaon,Studio,0.3,386,1,0,1,0,Semi-Furnished,3,4,16000
Worli,PG,0.2,198,0,1,1,0,Semi-Furnished,10,35,12200
Powai,Studio,3.3,383,0,1,0,0,Semi-Furnished,17,29,15100
Bandra,PG,0.4,247,0,0,0,0,Unfurnished,6,14,10400
Worli,Studio,4.5,201,0,1,1,1,Semi-Furnished,10,39,15900
Worli,Shared Room,1.5,114,1,0,0,1,Fully-Furnished,0,2,10400
Thane,Shared Room,3.6,189,1,0,1,0,Fully-Furnished,2,15,4500
Powai,Studio,2.9,330,1,0,1,0,Fully-Furnished,15,36,17400
Bandra,2BHK,1.4,1118,1,1,0,0,Semi-Furnished,1,0,38900
Malad,Studio,3.7,292,1,0,0,1,Unfurnished,17,24,12200
Bandra,Studio,3.0,237,0,1,0,1,Fully-Furnished,7,28,21200
Dadar,2BHK,1.2,716,1,0,1,1,Unfurnished,18,15,35700
Andheri,PG,4.6,155,1,0,1,1,Unfurnished,7,40,7600
Malad,1BHK,4.3,434,1,1,1,0,Unfurnished,14,4,14200
Bandra,PG,4.3,238,1,0,0,1,Semi-Furnished,16,11,13300
Thane,Studio,4.4,362,1,1,1,0,Semi-Furnished,2,18,9900
Juhu,2BHK,1.1,874,1,1,1,1,Fully-Furnished,9,33,52700
Worli,1BHK,2.2,469,1,0,0,1,Fully-Furnished,0,38,27400
Goregaon,1BHK,1.7,573,1,1,0,0,Semi-Furnished,0,10,18000
Bandra,1BHK,2.9,487,1,0,1,0,Semi-Furnished,0,8,24700
Bandra,Shared Room,1.7,84,1,1,0,0,Semi-Furnished,14,21,9100
Thane,2BHK,3.8,661,1,1,1,0,Semi-Furnished,17,35,18200
Andheri,PG,0.3,139,1,0,1,0,Unfurnished,4,10,9000
Powai,PG,1.1,210,1,0,0,0,Semi-Furnished,0,15,9700
Powai,PG,3.1,221,1,0,0,0,Unfurnished,9,19,8600
Dadar,1BHK,1.4,605,1,1,0,0,Unfurnished,8,17,20300
Powai,Studio,4.8,383,0,1,0,0,Semi-Furnished,8,3,15400
Juhu,Studio,1.3,299,1,1,1,0,Semi-Furnished,1,3,24100
Malad,2BHK,1.4,662,0,0,0,0,Unfurnished,4,5,27300
Juhu,2BHK,0.3,600,1,1,0,0,Unfurnished,6,11,47500
Malad,Studio,4.3,259,0,1,0,1,Unfurnished,16,5,12400
Thane,PG,4.7,223,1,1,1,0,Fully-Furnished,19,37,7500
Worli,1BHK,3.7,390,0,1,1,1,Unfurnished,0,33,21200
Dadar,Shared Room,2.1,134,1,1,0,1,Unfurnished,13,25,8300
Andheri,1BHK,1.8,598,1,1,1,0,Unfurnished,11,35,18500
Bandra,Shared Room,2.3,82,0,1,1,0,Fully-Furnished,17,5,9200
Andheri,1BHK,4.3,411,1,0,1,0,Fully-Furnished,18,30,23200
Thane,2BHK,0.8,841,1,1,0,0,Semi-Furnished,16,35,20500
Thane,PG,4.3,208,1,1,0,0,Unfurnished,0,26,5200
Powai,1BHK,0.8,433,1,0,0,0,Semi-Furnished,14,8,24100
Worli,1BHK,2.1,536,1,1,1,1,Fully-Furnished,15,14,30600
Powai,1BHK,4.7,457,1,1,1,1,Unfurnished,18,34,21800
Bandra,1BHK,3.4,458,1,1,1,0,Semi-Furnished,17,1,27100
Juhu,2BHK,4.4,970,1,0,1,0,Unfurnished,15,5,40800
Worli,2BHK,3.0,1078,1,0,0,0,Unfurnished,19,14,38100
Goregaon,Shared Room,0.5,137,1,0,1,0,Semi-Furnished,20,0,8300
Andheri,Studio,4.0,440,0,1,0,0,Fully-Furnished,6,12,15800
Dadar,2BHK,4.0,852,1,0,0,0,Semi-Furnished,13,27,26200
Juhu,2BHK,2.9,1027,1,1,1,1,Fully-Furnished,13,23,52100
Thane,Shared Room,2.2,85,1,1,1,0,Semi-Furnished,20,34,6200
Thane,2BHK,2.9,823,0,1,1,0,Semi-Furnished,7,13,19300
Dadar,Shared Room,1.1,186,1,0,1,0,Semi-Furnished,3,39,5200
Borivali,2BHK,2.8,770,1,1,0,0,Unfurnished,4,32,18400
Thane,Studio,2.1,342,1,1,0,0,Fully-Furnished,5,3,11900
Powai,Studio,3.1,390,0,1,1,0,Unfurnished,4,26,14900
Borivali,1BHK,2.0,461,1,0,1,0,Unfurnished,0,3,14200
Andheri,Studio,3.6,306,1,0,0,0,Unfurnished,17,33,12100
Borivali,Shared Room,1.2,133,1,1,0,0,Unfurnished,8,40,5200
Goregaon,Shared Room,3.5,167,1,0,1,0,Semi-Furnished,16,4,7000
Worli,Shared Room,1.4,138,1,0,0,0,Unfurnished,19,34,8300
Thane,2BHK,4.2,708,1,1,0,0,Fully-Furnished,16,3,22100
Goregaon,2BHK,0.4,633,1,0,1,1,Fully-Furnished,15,21,31400
Thane,Studio,0.6,413,1,1,0,1,Semi-Furnished,20,37,12400
Worli,1BHK,1.7,477,1,1,0,1,Semi-Furnished,7,19,29700
Worli,Studio,3.5,373,1,1,1,0,Fully-Furnished,7,17,15900
Powai,PG,2.1,170,1,1,1,0,Fully-Furnished,14,33,13900
Worli,1BHK,2.5,484,1,0,1,0,Unfurnished,20,9,25100
Bandra,1BHK,1.4,626,1,1,1,0,Unfurnished,13,15,25400
Juhu,PG,4.9,132,1,0,1,0,Unfurnished,18,17,9800
Worli,Studio,1.7,284,0,1,1,1,Fully-Furnished,3,21,23400
Borivali,Shared Room,0.7,164,0,0,0,0,Semi-Furnished,6,23,4300
Andheri,PG,1.9,224,1,0,1,1,Fully-Furnished,9,37,10500
Dadar,2BHK,0.1,908,1,0,1,0,Fully-Furnished,8,26,38500
Dadar,Studio,2.6,265,1,1,1,0,Unfurnished,15,7,15300
Goregaon,1BHK,2.6,548,0,0,0,0,Semi-Furnished,1,24,17100
Dadar,2BHK,0.8,880,1,0,1,0,Unfurnished,3,17,34300
Powai,Studio,2.7,244,1,0,0,0,Unfurnished,12,12,15100
Dadar,1BHK,4.5,462,1,0,0,0,Semi-Furnished,16,28,19800
Juhu,2BHK,0.4,1120,1,1,1,1,Semi-Furnished,11,0,61500
Andheri,1BHK,1.5,393,1,0,1,0,Unfurnished,9,6,20300
Andheri,2BHK,4.0,942,0,1,1,1,Unfurnished,2,38,27500
Juhu,1BHK,0.9,638,1,1,0,0,Unfurnished,11,32,28900
Worli,2BHK,0.2,718,1,1,0,0,Unfurnished,14,32,40200
Thane,Studio,1.6,349,1,1,0,0,Unfurnished,10,35,9900
Worli,PG,2.2,205,0,1,0,0,Semi-Furnished,7,11,11000
Juhu,2BHK,1.5,1147,0,1,0,0,Unfurnished,6,39,35900
Thane,PG,1.1,118,0,0,1,0,Fully-Furnished,12,16,6600
Bandra,2BHK,1.0,1123,0,1,0,0,Unfurnished,20,31,41400
Malad,Shared Room,2.9,95,1,0,0,0,Fully-Furnished,4,21,4400
Dadar,1BHK,3.7,598,0,0,0,0,Fully-Furnished,20,12,22200
Juhu,1BHK,0.7,647,1,1,0,0,Unfurnished,18,8,33600
Borivali,PG,2.9,196,1,1,1,0,Fully-Furnished,20,30,8600
Dadar,Studio,4.0,255,1,0,0,1,Semi-Furnished,13,31,13400
Goregaon,PG,0.4,177,1,1,1,0,Fully-Furnished,15,9,11100
Juhu,1BHK,2.2,370,1,0,1,0,Unfurnished,6,2,29000
Juhu,Studio,1.3,260,1,1,0,0,Fully-Furnished,11,18,24800
Goregaon,2BHK,4.8,1196,1,1,1,0,Fully-Furnished,7,31,27900
Thane,2BHK,1.8,961,1,1,0,1,Fully-Furnished,16,10,27100
Andheri,2BHK,2.2,1059,0,1,1,1,Fully-Furnished,15,22,36400
Thane,Shared Room,2.6,175,0,0,0,0,Fully-Furnished,17,29,4600
Dadar,2BHK,3.6,756,1,1,0,1,Semi-Furnished,20,1,29100
Borivali,2BHK,1.6,745,1,0,1,0,Semi-Furnished,0,15,23400
Goregaon,2BHK,1.0,1018,0,0,0,0,Semi-Furnished,17,16,27000
Bandra,Studio,2.7,275,0,0,0,0,Semi-Furnished,12,40,15100
Andheri,Shared Room,3.7,146,0,0,0,1,Semi-Furnished,9,17,6500
Dadar,Studio,3.9,263,1,0,0,1,Fully-Furnished,1,40,13300
Borivali,2BHK,2.0,949,1,0,0,1,Unfurnished,6,37,19900
Andheri,Studio,4.5,281,0,1,0,0,Fully-Furnished,16,23,14400
Andheri,2BHK,3.9,916,1,0,1,0,Fully-Furnished,1,32,27200
Bandra,PG,1.2,118,1,1,1,1,Unfurnished,19,5,14300
Goregaon,2BHK,0.5,988,1,1,1,0,Unfurnished,4,33,26300
Worli,2BHK,1.6,906,1,1,0,1,Semi-Furnished,9,12,46600
Powai,Shared Room,3.2,152,1,1,0,0,Unfurnished,8,16,6800
Juhu,Studio,0.4,352,1,0,0,1,Semi-Furnished,11,7,25500
Borivali,2BHK,3.6,858,0,1,1,0,Unfurnished,11,30,18900
Bandra,Studio,4.8,333,1,0,1,0,Fully-Furnished,0,34,18100
Juhu,1BHK,4.7,517,1,0,1,0,Fully-Furnished,6,39,28300
Dadar,Studio,4.6,363,1,0,1,0,Semi-Furnished,14,24,12100
Goregaon,Studio,2.8,442,0,0,1,1,Semi-Furnished,13,27,13300
Borivali,Studio,2.4,240,1,0,0,0,Fully-Furnished,13,3,11600
Dadar,2BHK,3.3,796,1,0,1,0,Fully-Furnished,17,35,32000
Powai,Studio,2.6,373,0,1,1,0,Fully-Furnished,20,27,16400
Bandra,2BHK,1.8,1172,1,1,0,0,Fully-Furnished,10,17,51600
Powai,1BHK,0.1,649,1,0,0,0,Fully-Furnished,4,20,27000
Bandra,Shared Room,1.2,167,1,0,0,0,Semi-Furnished,17,19,9500
Malad,2BHK,4.6,907,1,1,0,0,Semi-Furnished,3,26,22900
Thane,Shared Room,0.9,93,1,0,0,0,Unfurnished,11,0,5300
Juhu,1BHK,0.6,591,1,1,0,0,Unfurnished,12,5,28400
Goregaon,2BHK,0.1,976,1,0,1,0,Unfurnished,14,6,30500
Powai,2BHK,4.7,1003,1,1,1,1,Unfurnished,13,33,30900
Thane,2BHK,1.0,835,1,1,0,1,Semi-Furnished,10,7,25300
Thane,2BHK,1.8,752,1,0,0,1,Semi-Furnished,3,10,22000
Thane,Studio,3.4,317,1,1,1,0,Semi-Furnished,5,21,10900
Bandra,Shared Room,2.5,153,1,1,0,0,Semi-Furnished,10,33,8200
Borivali,Shared Room,1.6,118,1,1,1,1,Fully-Furnished,8,33,7300
Juhu,Studio,1.0,440,0,1,0,0,Unfurnished,6,9,21700
Powai,1BHK,0.5,641,1,0,0,0,Semi-Furnished,5,0,25600
Thane,Shared Room,2.1,143,0,1,1,0,Unfurnished,0,32,3800
Goregaon,Shared Room,0.2,163,0,1,0,0,Semi-Furnished,2,9,6400
Bandra,2BHK,1.2,905,1,1,0,1,Semi-Furnished,11,15,46700
Worli,1BHK,0.9,449,0,0,0,0,Semi-Furnished,5,11,27400
Andheri,2BHK,3.5,744,1,1,1,1,Semi-Furnished,4,22,31600
Bandra,Studio,2.3,208,1,1,1,0,Semi-Furnished,1,2,19500
Andheri,PG,3.5,134,1,1,1,1,Fully-Furnished,13,33,9900
Bandra,Shared Room,2.0,111,0,1,1,0,Semi-Furnished,0,13,8000
Juhu,1BHK,1.9,369,1,0,1,0,Unfurnished,8,34,25700
Malad,PG,4.7,132,0,1,1,0,Fully-Furnished,11,11,7800
Goregaon,Shared Room,4.6,186,1,0,0,0,Semi-Furnished,14,0,5800
Malad,Shared Room,2.0,143,1,0,0,0,Unfurnished,18,6,5300
Bandra,Studio,1.9,365,1,1,0,0,Fully-Furnished,12,13,22000
Worli,2BHK,2.5,1112,1,1,0,0,Fully-Furnished,2,7,46600
Bandra,1BHK,0.3,608,0,0,0,1,Unfurnished,9,31,29200
Borivali,2BHK,2.6,1163,1,0,1,0,Unfurnished,7,19,24100
Thane,Studio,3.0,214,1,1,0,1,Fully-Furnished,4,26,10300
Bandra,1BHK,3.6,442,1,0,1,0,Semi-Furnished,15,24,22600
Andheri,1BHK,1.6,423,1,0,0,0,Fully-Furnished,18,15,28000
Borivali,1BHK,1.0,644,1,1,0,0,Fully-Furnished,4,34,15100
Thane,Shared Room,1.7,95,0,0,0,0,Fully-Furnished,6,14,4100
Juhu,2BHK,3.0,1144,1,1,1,1,Semi-Furnished,1,37,42600
Bandra,PG,1.4,238,1,0,0,1,Semi-Furnished,7,29,11300
Borivali,Studio,5.0,243,0,1,0,1,Fully-Furnished,1,6,11800
Borivali,2BHK,3.2,1060,1,1,0,1,Unfurnished,1,28,19900
Malad,2BHK,2.7,1175,1,0,0,1,Semi-Furnished,17,6,31900
Worli,Shared Room,2.3,187,1,1,1,0,Fully-Furnished,12,33,7900
Dadar,1BHK,2.0,409,0,0,1,0,Fully-Furnished,16,18,21300
Dadar,Studio,2.3,261,1,0,1,0,Semi-Furnished,4,29,12500
Andheri,Studio,3.7,286,0,0,0,0,Unfurnished,8,24,10800
Bandra,Shared Room,1.3,137,1,0,1,0,Semi-Furnished,20,34,8900
Goregaon,Shared Room,3.1,143,1,1,0,0,Unfurnished,13,13,6200
Dadar,Shared Room,2.1,147,1,1,0,1,Fully-Furnished,18,3,10200
Juhu,1BHK,3.7,475,1,1,0,0,Semi-Furnished,10,19,28300
Andheri,Shared Room,3.1,155,1,0,1,1,Unfurnished,11,37,7100
Goregaon,Studio,4.5,438,1,0,0,1,Unfurnished,6,12,10600
Powai,2BHK,4.5,772,1,1,0,0,Semi-Furnished,0,23,26300
Dadar,PG,3.9,158,1,1,0,0,Fully-Furnished,3,19,9000
Borivali,PG,2.7,154,0,0,0,0,Unfurnished,13,33,4900
Borivali,PG,2.5,142,1,1,0,1,Fully-Furnished,13,34,8200
Powai,Studio,4.5,227,0,1,0,0,Semi-Furnished,7,10,15300
Powai,Studio,4.3,305,1,1,1,1,Semi-Furnished,3,2,19000
Worli,Studio,2.3,365,1,1,1,0,Fully-Furnished,1,10,24400
Thane,1BHK,2.2,473,1,0,0,1,Unfurnished,18,18,13600
Powai,2BHK,1.9,843,1,0,0,0,Semi-Furnished,8,26,37400
Andheri,1BHK,4.6,578,1,1,1,0,Unfurnished,2,31,15300
Worli,Studio,2.8,227,1,0,0,0,Unfurnished,0,3,15500
Powai,2BHK,4.9,1182,1,0,0,0,Fully-Furnished,8,3,41200
Powai,PG,4.7,164,1,0,0,0,Semi-Furnished,20,8,10300
Malad,2BHK,2.2,811,1,1,0,1,Semi-Furnished,4,6,25900
Bandra,PG,1.7,204,1,1,1,1,Fully-Furnished,0,19,13600
Thane,1BHK,3.0,619,1,1,0,0,Semi-Furnished,20,13,15600
Juhu,Studio,0.1,264,1,1,1,0,Unfurnished,17,18,20500
Thane,2BHK,2.1,649,1,0,1,0,Unfurnished,18,23,17700
Powai,Shared Room,0.8,127,1,0,0,0,Unfurnished,2,36,6300
Dadar,PG,5.0,106,0,1,0,0,Semi-Furnished,9,20,6500
Juhu,Studio,4.8,220,0,0,1,0,Fully-Furnished,7,40,19000
Juhu,Shared Room,3.7,174,1,0,0,1,Unfurnished,3,9,7700
Bandra,Shared Room,5.0,131,1,0,1,0,Semi-Furnished,20,14,8600
Dadar,Studio,4.7,309,1,1,0,1,Fully-Furnished,11,37,16000
Worli,1BHK,3.6,408,1,0,1,1,Fully-Furnished,0,30,24400
Juhu,Studio,2.6,392,1,1,0,0,Semi-Furnished,9,13,19900
Goregaon,PG,4.3,247,1,0,0,1,Semi-Furnished,7,12,7700
Worli,Studio,3.9,342,1,1,1,0,Unfurnished,3,19,17100
Andheri,Shared Room,4.9,141,0,1,0,1,Fully-Furnished,17,21,9100
Bandra,1BHK,1.0,608,1,1,1,0,Fully-Furnished,1,13,31400
Thane,Shared Room,0.2,180,1,1,0,0,Unfurnished,19,11,6500
Dadar,PG,4.7,114,1,0,0,1,Semi-Furnished,4,7,7200
Malad,2BHK,4.2,686,1,0,1,0,Semi-Furnished,12,21,21100
Borivali,PG,3.2,109,1,1,0,0,Unfurnished,16,39,5900
Andheri,2BHK,2.2,967,1,1,0,0,Unfurnished,8,29,24600
Goregaon,PG,0.5,106,0,1,0,0,Unfurnished,10,10,8600
Worli,1BHK,4.8,557,0,1,0,1,Unfurnished,3,1,22700
Thane,PG,3.1,195,1,1,0,1,Unfurnished,9,4,7900
Borivali,Studio,4.0,298,1,0,0,0,Unfurnished,6,23,9000
Powai,2BHK,4.4,940,1,0,0,1,Semi-Furnished,18,9,38500
Andheri,Studio,1.8,308,1,1,1,0,Fully-Furnished,8,9,17900
Andheri,PG,1.4,125,1,1,0,0,Fully-Furnished,14,32,9400
Powai,1BHK,3.2,467,1,1,1,0,Fully-Furnished,3,4,27500
Powai,2BHK,1.3,845,1,0,0,0,Unfurnished,5,24,37400
Andheri,PG,1.5,184,1,1,0,0,Unfurnished,3,5,9000
Worli,1BHK,4.0,492,1,0,0,0,Unfurnished,0,34,17400
Thane,1BHK,3.8,607,0,0,0,0,Fully-Furnished,15,4,15400
Bandra,Studio,4.7,427,1,0,1,0,Fully-Furnished,10,31,19000
Bandra,Shared Room,1.4,146,1,0,0,1,Semi-Furnished,10,11,9600
Juhu,Studio,1.8,333,1,0,0,1,Unfurnished,15,31,17400
Andheri,PG,4.0,133,1,1,1,0,Semi-Furnished,8,34,8300
Juhu,2BHK,4.0,707,0,0,0,0,Fully-Furnished,10,18,46300
Dadar,Studio,3.5,272,1,0,0,0,Fully-Furnished,14,6,17200
Dadar,Shared Room,4.2,105,1,0,1,1,Fully-Furnished,16,26,6900
Thane,PG,4.5,244,1,1,1,0,Semi-Furnished,6,22,6000
Malad,PG,1.1,234,1,0,1,0,Fully-Furnished,19,6,10500
Juhu,2BHK,2.7,613,1,1,0,0,Unfurnished,18,29,31100
Powai,PG,1.1,182,0,1,1,0,Semi-Furnished,14,26,11500
Bandra,2BHK,2.2,973,0,1,1,0,Unfurnished,13,19,44500
Dadar,PG,0.4,184,1,0,0,0,Semi-Furnished,16,14,9100
Powai,1BHK,3.3,387,1,1,1,0,Unfurnished,15,13,22300
Juhu,PG,4.8,233,1,0,1,1,Semi-Furnished,3,14,9900
Bandra,Shared Room,0.9,149,0,1,1,0,Semi-Furnished,20,18,11700
Powai,PG,2.2,213,0,0,0,0,Semi-Furnished,14,34,8200
Malad,2BHK,2.2,1097,1,1,0,0,Fully-Furnished,20,13,27500
Worli,2BHK,4.2,840,0,0,0,0,Fully-Furnished,3,0,39000
Malad,1BHK,1.6,509,1,1,0,0,Unfurnished,19,28,12400
Worli,2BHK,3.5,886,1,1,1,0,Unfurnished,15,7,36900
Bandra,Studio,1.0,243,1,1,1,0,Unfurnished,11,11,19200
Powai,Studio,4.8,255,1,1,0,1,Fully-Furnished,9,35,15200
Thane,1BHK,3.9,455,1,1,0,0,Unfurnished,18,21,11800
Juhu,Shared Room,2.4,82,1,0,1,0,Semi-Furnished,18,11,9600
Borivali,Shared Room,2.1,144,0,0,0,0,Semi-Furnished,7,30,3700
Andheri,Studio,4.9,374,1,0,1,0,Unfurnished,18,39,12600
Dadar,PG,4.6,125,1,1,0,0,Fully-Furnished,1,36,7500
Thane,PG,2.0,213,1,1,1,0,Fully-Furnished,9,20,7600
Thane,PG,2.1,148,0,0,1,0,Unfurnished,0,30,4600
Bandra,PG,4.2,151,0,1,0,0,Unfurnished,16,37,9100
Dadar,1BHK,1.9,473,0,1,1,0,Semi-Furnished,1,24,17800
Juhu,PG,2.2,243,1,0,1,0,Fully-Furnished,15,38,12400
Thane,Shared Room,4.4,148,1,1,0,0,Unfurnished,7,1,4500
Thane,Studio,1.9,270,1,1,0,0,Unfurnished,18,14,9200
Thane,2BHK,2.1,760,1,0,0,0,Semi-Furnished,14,9,22800
Andheri,2BHK,2.4,894,1,0,0,1,Fully-Furnished,19,20,40300
Thane,Studio,4.1,316,1,1,0,1,Fully-Furnished,3,20,10300
Dadar,PG,4.4,102,0,0,1,0,Semi-Furnished,16,21,8300
Andheri,Shared Room,1.5,81,1,0,0,0,Unfurnished,1,32,4600
Dadar,1BHK,0.4,609,0,0,0,0,Unfurnished,10,9,20300
Malad,2BHK,3.0,670,1,1,1,1,Fully-Furnished,17,35,23000
Juhu,2BHK,2.8,869,1,1,1,0,Fully-Furnished,1,36,49100
Malad,Shared Room,2.5,97,1,0,0,1,Fully-Furnished,10,21,6500
Thane,Studio,0.6,241,0,1,0,0,Unfurnished,19,3,11100
Bandra,2BHK,1.9,1150,0,1,0,0,Fully-Furnished,17,22,45000
Goregaon,PG,0.9,103,1,1,1,1,Fully-Furnished,2,3,10000
Powai,Shared Room,2.7,131,1,0,0,1,Semi-Furnished,2,1,9200
Goregaon,2BHK,2.3,993,1,1,1,1,Unfurnished,0,18,25600
Thane,PG,1.7,182,1,1,1,1,Fully-Furnished,12,38,7200
Andheri,Shared Room,2.5,109,1,1,0,0,Fully-Furnished,15,8,9600
Andheri,2BHK,2.7,862,1,1,1,0,Semi-Furnished,15,2,37500
Thane,Shared Room,1.9,176,1,0,0,0,Unfurnished,4,37,3800
Worli,Shared Room,3.2,167,1,0,0,0,Semi-Furnished,1,21,7400
Powai,2BHK,1.0,922,0,1,0,0,Semi-Furnished,9,29,31100
Worli,2BHK,4.7,912,1,1,0,0,Unfurnished,19,9,44600
Powai,PG,2.1,241,1,1,0,0,Semi-Furnished,16,2,12000
Dadar,2BHK,0.8,814,1,0,0,0,Fully-Furnished,14,38,36900
Goregaon,1BHK,0.9,415,1,0,1,1,Fully-Furnished,0,22,23200
Bandra,PG,1.3,199,1,0,0,1,Semi-Furnished,8,12,12900
Worli,Studio,1.6,284,0,1,0,0,Fully-Furnished,4,19,19800
Juhu,2BHK,4.9,866,1,0,1,1,Semi-Furnished,6,21,40300
Borivali,2BHK,0.6,740,1,0,1,1,Fully-Furnished,1,39,23200
Andheri,PG,2.8,199,1,0,1,0,Fully-Furnished,8,7,12300
Juhu,PG,1.9,174,1,1,1,1,Unfurnished,4,32,13300
Malad,PG,1.3,174,0,0,0,1,Unfurnished,0,25,6100
Bandra,Shared Room,2.0,88,1,0,1,1,Semi-Furnished,4,35,8800
Powai,2BHK,3.6,873,1,1,1,0,Unfurnished,20,7,36500
Worli,1BHK,3.9,566,0,0,0,0,Unfurnished,7,4,21000
Worli,Shared Room,0.2,187,1,1,0,1,Semi-Furnished,9,16,11600
Andheri,PG,1.6,229,1,0,0,0,Semi-Furnished,10,9,10100
Worli,PG,2.0,236,1,1,1,0,Unfurnished,15,16,13600
Bandra,Shared Room,2.4,152,1,1,0,0,Semi-Furnished,6,26,8100
Andheri,Studio,2.2,425,1,1,0,0,Unfurnished,6,17,14100
Thane,1BHK,1.3,562,1,1,0,0,Semi-Furnished,18,1,15900
Powai,Shared Room,2.1,84,1,0,0,0,Unfurnished,2,16,5900
Powai,Shared Room,4.3,180,1,1,0,0,Unfurnished,10,36,6400
Borivali,2BHK,4.1,1153,1,0,1,0,Unfurnished,2,28,20300
Juhu,2BHK,2.9,839,1,1,1,1,Unfurnished,3,5,45700
Worli,PG,2.5,141,0,0,0,0,Unfurnished,4,40,8500
Powai,PG,4.9,213,1,0,0,1,Semi-Furnished,2,33,8500
Goregaon,Shared Room,2.5,181,0,1,0,0,Unfurnished,11,26,5300
Borivali,Shared Room,2.8,158,0,0,0,0,Fully-Furnished,19,38,5200
Powai,1BHK,3.2,447,1,1,0,0,Semi-Furnished,19,6,26100
Bandra,Studio,0.2,253,1,0,1,0,Semi-Furnished,10,30,17600
Borivali,PG,3.9,145,1,0,1,0,Semi-Furnished,10,37,5700
Bandra,1BHK,3.7,425,1,0,0,0,Fully-Furnished,6,10,24800
Malad,Shared Room,2.8,166,1,0,0,0,Unfurnished,0,36,3400
Borivali,1BHK,1.0,585,1,1,0,0,Semi-Furnished,5,11,15800
Bandra,PG,3.6,129,0,0,0,0,Fully-Furnished,18,6,12700
Juhu,Shared Room,4.7,138,1,1,1,1,Unfurnished,2,38,6900
Worli,PG,0.3,142,1,0,0,1,Fully-Furnished,8,19,13600
Malad,Shared Room,0.4,184,1,1,1,1,Fully-Furnished,1,34,7500
Malad,Studio,4.5,438,1,1,0,1,Unfurnished,3,33,9200
Thane,1BHK,4.7,637,1,0,0,0,Fully-Furnished,0,27,11600
Worli,Studio,2.9,204,1,0,1,0,Unfurnished,5,35,17200
Dadar,Shared Room,0.9,109,1,1,0,0,Unfurnished,4,37,5500
Dadar,Studio,3.6,350,1,0,0,0,Semi-Furnished,1,1,13200
Worli,Shared Room,4.2,178,1,0,1,1,Fully-Furnished,10,17,8600
Dadar,2BHK,3.6,893,1,0,0,0,Unfurnished,15,31,23500
Thane,2BHK,1.2,1186,1,1,0,1,Semi-Furnished,9,25,24700
Bandra,1BHK,2.9,628,0,1,1,0,Unfurnished,14,10,25800
Dadar,Shared Room,4.1,135,1,0,0,1,Unfurnished,17,21,7500
Malad,Studio,2.5,209,1,1,1,0,Semi-Furnished,6,28,11600
Dadar,1BHK,0.2,357,1,1,1,1,Semi-Furnished,3,11,24600
Goregaon,1BHK,0.9,620,1,0,0,0,Fully-Furnished,10,32,19600
Powai,1BHK,1.8,489,0,1,0,0,Semi-Furnished,15,34,22800
Powai,Shared Room,2.1,121,0,0,0,0,Semi-Furnished,8,12,6700
Goregaon,PG,3.1,231,0,0,0,1,Semi-Furnished,15,1,8900
Juhu,PG,3.5,147,0,1,0,0,Unfurnished,13,35,9900
Worli,Studio,2.8,256,0,1,1,0,Semi-Furnished,0,27,16700
Juhu,Shared Room,0.8,96,1,0,1,1,Unfurnished,5,0,10500
Goregaon,1BHK,0.6,414,1,0,0,1,Unfurnished,18,18,17100
Powai,PG,2.1,195,0,1,0,0,Unfurnished,3,31,8700
Powai,2BHK,3.8,1004,0,0,0,0,Fully-Furnished,9,25,33700
Bandra,Shared Room,3.8,94,0,0,1,1,Unfurnished,10,4,7500
Bandra,Shared Room,2.3,162,1,0,1,0,Fully-Furnished,6,17,8700
Andheri,1BHK,1.8,365,0,1,1,0,Unfurnished,10,28,15300
Dadar,PG,1.6,246,1,1,1,0,Unfurnished,19,15,10300
Andheri,Studio,0.5,323,0,0,0,1,Unfurnished,2,1,16500
Juhu,Shared Room,0.5,143,0,0,1,0,Fully-Furnished,8,38,9700
Dadar,PG,2.9,174,0,1,0,0,Fully-Furnished,14,17,10300
Borivali,Shared Room,0.8,121,0,0,0,0,Unfurnished,20,23,5000
Andheri,Studio,4.4,356,1,1,0,0,Unfurnished,20,3,13400
Dadar,2BHK,3.6,1029,1,0,0,0,Unfurnished,15,27,25100
Juhu,Shared Room,4.4,90,1,1,0,0,Semi-Furnished,20,23,8400
Bandra,2BHK,3.1,924,1,0,1,0,Unfurnished,10,15,39200
Dadar,Studio,4.5,244,0,1,0,0,Semi-Furnished,6,19,12400
Malad,1BHK,1.4,537,0,0,1,0,Unfurnished,16,27,13100
Bandra,PG,0.3,120,0,1,0,0,Unfurnished,7,1,11000
Dadar,Shared Room,1.1,118,1,0,1,0,Fully-Furnished,17,15,8800
Powai,Shared Room,1.8,192,0,0,1,0,Unfurnished,10,18,6500
Thane,Shared Room,2.2,106,1,0,0,0,Fully-Furnished,11,26,4900
Andheri,1BHK,3.2,554,1,1,1,0,Unfurnished,19,23,16900
Andheri,Studio,4.4,384,1,0,0,0,Semi-Furnished,11,39,14500
Andheri,Shared Room,1.8,142,1,0,0,0,Semi-Furnished,2,4,6400
Thane,Studio,2.8,223,1,1,1,1,Unfurnished,16,8,13200
Thane,PG,1.7,153,0,1,0,0,Semi-Furnished,18,14,6500
Dadar,PG,0.9,215,1,0,1,0,Semi-Furnished,15,10,11500
Powai,1BHK,4.3,468,1,0,1,0,Semi-Furnished,8,37,17200
Worli,1BHK,2.2,423,0,1,0,0,Semi-Furnished,15,29,24300
Juhu,PG,2.4,124,1,0,0,0,Unfurnished,3,11,9600
Malad,PG,1.4,229,1,1,1,0,Semi-Furnished,2,20,7800
Bandra,Shared Room,4.0,170,1,1,1,0,Unfurnished,0,20,7800
Goregaon,PG,2.1,118,1,0,1,1,Semi-Furnished,16,8,9200
Thane,1BHK,0.9,496,1,0,0,1,Semi-Furnished,12,26,13600
Goregaon,1BHK,4.1,578,0,1,0,1,Fully-Furnished,5,7,18800
Goregaon,Shared Room,2.7,184,0,0,0,0,Unfurnished,17,24,5200
Powai,2BHK,1.5,701,0,1,0,0,Unfurnished,8,40,31900
Thane,PG,3.3,160,1,0,0,0,Semi-Furnished,4,28,4600
Bandra,1BHK,1.6,559,1,1,1,0,Fully-Furnished,0,34,30100
Andheri,Shared Room,4.3,80,1,0,1,0,Semi-Furnished,3,8,6700
Worli,2BHK,1.2,970,0,0,0,1,Fully-Furnished,15,36,47400
Worli,PG,4.5,249,1,1,0,1,Unfurnished,19,27,12300
Goregaon,Studio,2.8,279,0,0,0,1,Semi-Furnished,12,23,13100
Bandra,1BHK,3.1,411,1,1,0,0,Unfurnished,4,28,20900
Juhu,PG,5.0,175,1,1,0,0,Unfurnished,7,34,9200
Worli,1BHK,2.1,374,1,0,0,1,Fully-Furnished,19,9,34000
Borivali,PG,2.5,211,0,1,1,0,Unfurnished,13,28,7200
Thane,1BHK,1.5,601,0,0,0,0,Semi-Furnished,12,25,14100
Dadar,Shared Room,4.5,163,1,1,1,0,Fully-Furnished,2,16,7500
Juhu,Shared Room,4.2,190,0,1,1,0,Unfurnished,0,34,6600
Andheri,1BHK,0.7,562,0,1,0,0,Semi-Furnished,1,9,22400
Malad,1BHK,1.3,436,1,0,1,0,Fully-Furnished,7,24,16400
Andheri,PG,0.6,246,0,1,0,0,Semi-Furnished,19,28,10200
Dadar,PG,3.1,150,1,0,0,0,Unfurnished,14,40,7200
Powai,2BHK,2.0,943,1,0,0,0,Semi-Furnished,1,35,33600
Powai,PG,4.5,143,1,0,1,0,Unfurnished,11,5,9500
Andheri,Shared Room,4.5,113,1,0,1,0,Fully-Furnished,16,6,6800
Malad,PG,1.2,152,1,1,0,1,Unfurnished,14,1,9800
Andheri,Studio,1.0,365,1,0,1,1,Semi-Furnished,5,32,17400
Juhu,Shared Room,4.3,115,1,0,0,0,Unfurnished,10,25,6900
Borivali,1BHK,2.4,526,1,0,0,0,Fully-Furnished,7,16,14100
Thane,Shared Room,2.2,158,1,0,0,0,Semi-Furnished,5,6,4500
Bandra,Shared Room,0.6,132,1,0,1,0,Fully-Furnished,7,2,9500
Powai,PG,4.3,107,1,1,0,0,Unfurnished,3,1,8500
Dadar,Studio,0.7,439,1,1,1,1,Fully-Furnished,12,30,19500
Worli,Studio,5.0,324,0,1,0,1,Fully-Furnished,2,21,18200
Borivali,Shared Room,4.8,124,1,0,0,1,Semi-Furnished,13,35,5100
Bandra,Shared Room,3.1,80,0,1,1,0,Unfurnished,12,19,7100
Andheri,PG,0.2,187,0,0,0,0,Unfurnished,14,5,8600
Bandra,PG,3.9,242,0,0,0,0,Unfurnished,0,29,8200
Borivali,2BHK,0.6,940,1,1,1,0,Semi-Furnished,13,31,24200
Malad,Shared Room,2.8,95,1,0,0,0,Semi-Furnished,9,39,4500
Borivali,PG,3.1,211,1,0,0,0,Fully-Furnished,14,3,6600
Borivali,Shared Room,1.5,152,1,1,1,1,Unfurnished,3,7,6600
Thane,Shared Room,1.8,161,0,0,0,1,Unfurnished,20,40,5300
Borivali,PG,2.3,227,1,0,1,1,Semi-Furnished,17,13,9700
Powai,1BHK,4.1,587,0,1,0,0,Semi-Furnished,14,33,20100
Bandra,1BHK,3.8,645,1,1,0,0,Unfurnished,11,25,21800
Malad,Studio,0.5,327,0,1,0,0,Fully-Furnished,0,30,13200
Juhu,Shared Room,0.2,151,0,1,1,0,Fully-Furnished,11,36,11000
Bandra,PG,4.3,247,1,1,1,0,Semi-Furnished,18,17,13000
Juhu,Shared Room,2.8,166,0,0,1,0,Semi-Furnished,14,14,9200
Worli,1BHK,1.4,480,0,0,0,0,Semi-Furnished,18,2,30800
Powai,PG,1.1,102,1,1,0,1,Semi-Furnished,1,22,11500
Bandra,PG,3.0,110,1,1,0,0,Unfurnished,5,27,8800
Worli,PG,4.3,162,1,0,0,0,Unfurnished,20,8,11100
Worli,PG,0.3,143,1,0,1,0,Semi-Furnished,9,8,13600
Andheri,2BHK,1.8,1034,1,1,1,0,Fully-Furnished,19,2,41500
Borivali,PG,4.0,135,0,0,1,0,Unfurnished,7,31,4800
Worli,Shared Room,1.6,161,1,0,0,0,Fully-Furnished,8,28,9300
Malad,2BHK,3.3,1063,0,0,1,1,Fully-Furnished,17,39,24400
Borivali,PG,2.2,182,1,1,0,0,Fully-Furnished,4,10,8300
Borivali,Shared Room,4.8,186,1,0,1,0,Semi-Furnished,11,35,3900
Malad,1BHK,0.2,636,1,1,0,0,Semi-Furnished,1,26,16000
Goregaon,2BHK,3.7,967,1,1,0,0,Unfurnished,10,15,22300
Thane,1BHK,1.3,475,1,0,1,0,Semi-Furnished,14,17,14500
Malad,Studio,0.5,433,1,1,0,0,Fully-Furnished,2,11,15300
Goregaon,Shared Room,3.0,187,1,1,0,0,Semi-Furnished,18,20,6800
Malad,Shared Room,2.6,159,1,0,1,0,Fully-Furnished,3,21,5100
Thane,2BHK,1.1,847,1,1,0,0,Semi-Furnished,16,17,27000
Thane,Shared Room,0.6,135,1,1,1,1,Unfurnished,5,30,6800
Worli,Studio,1.3,233,1,1,1,0,Semi-Furnished,17,36,20100
Goregaon,2BHK,3.8,925,1,1,0,0,Semi-Furnished,7,25,21700
Goregaon,1BHK,3.7,585,1,1,0,0,Semi-Furnished,9,32,15200
Powai,Shared Room,0.1,99,1,0,0,0,Fully-Furnished,2,35,7800
Goregaon,PG,0.6,195,1,1,0,0,Unfurnished,11,6,8600
Goregaon,Studio,0.6,313,1,0,0,1,Fully-Furnished,5,1,16800
Thane,Shared Room,3.2,92,1,1,1,0,Unfurnished,4,30,4700
Juhu,2BHK,2.4,1031,1,0,0,0,Unfurnished,1,25,33900
Thane,1BHK,1.9,563,1,0,0,0,Unfurnished,5,17,11000
Goregaon,PG,3.1,168,0,1,0,1,Unfurnished,20,8,8700
Juhu,Studio,3.4,394,1,1,1,0,Fully-Furnished,12,9,24500
Goregaon,PG,4.2,202,1,1,0,0,Fully-Furnished,14,35,8000
Worli,PG,1.3,224,1,1,0,1,Semi-Furnished,18,29,14000
Bandra,1BHK,4.3,386,1,1,1,1,Semi-Furnished,18,30,24800
Dadar,Shared Room,1.0,116,1,1,0,1,Semi-Furnished,15,27,8300
Dadar,Studio,2.1,447,1,0,0,0,Semi-Furnished,8,32,12500
Bandra,Shared Room,2.7,109,1,0,0,1,Semi-Furnished,9,14,9700
Goregaon,1BHK,1.8,497,1,1,1,1,Fully-Furnished,7,3,21500
Dadar,2BHK,1.1,969,1,0,0,1,Semi-Furnished,20,1,35000
Thane,2BHK,0.9,1106,0,0,1,1,Unfurnished,7,18,20900
Andheri,2BHK,0.1,1079,1,0,0,1,Semi-Furnished,17,27,40000
Dadar,Shared Room,1.4,169,0,0,0,0,Fully-Furnished,3,40,5600
Powai,Studio,0.7,350,1,0,0,1,Semi-Furnished,10,31,16100
Dadar,1BHK,1.7,561,1,0,0,0,Unfurnished,6,18,20400
Andheri,PG,0.9,184,1,1,1,0,Unfurnished,9,7,8800
Juhu,2BHK,3.7,754,0,1,1,0,Unfurnished,1,5,39500
Powai,PG,2.3,233,1,1,0,0,Fully-Furnished,7,32,10900
Juhu,Shared Room,3.9,88,1,1,1,1,Fully-Furnished,8,0,11100
Malad,Studio,1.2,295,1,1,0,0,Fully-Furnished,20,16,13000
Dadar,1BHK,1.6,648,1,1,0,0,Semi-Furnished,15,18,18400
Juhu,2BHK,1.7,800,1,1,0,1,Unfurnished,6,9,47500
Borivali,Shared Room,2.3,102,1,0,1,0,Fully-Furnished,12,7,5500
Malad,Shared Room,3.3,139,0,1,0,1,Semi-Furnished,3,12,4800
Powai,2BHK,0.9,983,1,0,0,0,Fully-Furnished,7,16,43700
Powai,PG,0.5,186,0,0,0,1,Fully-Furnished,5,37,9900
Andheri,Shared Room,0.3,188,1,0,0,0,Semi-Furnished,9,37,5800
Powai,Studio,4.5,302,0,1,0,1,Fully-Furnished,6,40,16300
Juhu,1BHK,1.4,413,0,1,1,0,Fully-Furnished,3,37,26300
Thane,Shared Room,1.3,136,1,1,1,0,Fully-Furnished,12,22,6000
Worli,2BHK,3.8,997,1,1,1,0,Fully-Furnished,20,15,43500
Bandra,Shared Room,1.0,125,1,1,1,0,Semi-Furnished,11,36,9800
Andheri,1BHK,3.2,440,1,0,0,0,Unfurnished,9,32,15900
Juhu,PG,0.2,101,0,0,1,0,Fully-Furnished,14,4,14900
Borivali,PG,3.0,199,1,0,1,0,Semi-Furnished,17,5,8500
Goregaon,Studio,1.8,261,1,1,0,0,Fully-Furnished,0,40,12700
Bandra,PG,3.0,108,1,0,0,0,Unfurnished,0,23,8400
Juhu,Shared Room,2.9,186,0,0,0,0,Fully-Furnished,13,0,10300
Andheri,PG,1.2,147,0,1,1,0,Fully-Furnished,5,0,12700
Worli,2BHK,3.8,829,1,1,0,0,Semi-Furnished,14,26,38900
Dadar,PG,4.9,119,1,0,0,0,Fully-Furnished,10,21,8000
Juhu,1BHK,4.4,462,0,0,0,0,Unfurnished,20,22,21200
Dadar,2BHK,3.3,675,1,0,1,0,Semi-Furnished,3,29,29100
Worli,PG,3.5,122,1,0,0,0,Fully-Furnished,5,31,10800
Juhu,1BHK,0.9,630,1,1,0,0,Fully-Furnished,5,34,31900
Malad,Shared Room,2.3,104,1,1,0,0,Semi-Furnished,1,13,5300
Worli,Studio,3.6,239,1,0,0,0,Semi-Furnished,19,25,19900
Powai,Studio,4.2,309,1,1,0,0,Semi-Furnished,3,14,15100
Andheri,PG,2.1,141,1,0,0,0,Unfurnished,0,35,6400
Bandra,PG,4.5,222,0,0,1,0,Semi-Furnished,16,40,9500
Bandra,2BHK,0.3,736,1,1,1,1,Unfurnished,19,30,45800
Thane,Shared Room,4.0,192,1,0,0,0,Unfurnished,5,14,3300
Borivali,Studio,1.8,229,1,1,1,0,Unfurnished,19,26,10600
Malad,Studio,0.9,294,1,0,1,0,Fully-Furnished,19,28,13800
Bandra,PG,4.9,197,1,0,0,1,Semi-Furnished,14,13,11200
Powai,Studio,4.9,405,0,0,0,0,Fully-Furnished,8,3,18700
Bandra,1BHK,1.5,537,1,1,0,0,Semi-Furnished,1,11,26600
Borivali,Studio,3.2,248,0,0,1,0,Semi-Furnished,17,37,9000
Borivali,2BHK,0.2,791,1,1,0,0,Semi-Furnished,12,13,27400
Andheri,2BHK,3.4,1064,1,1,1,0,Unfurnished,8,25,26600
Thane,1BHK,2.3,514,0,0,0,1,Unfurnished,3,25,12300
Powai,PG,4.6,130,0,0,0,0,Fully-Furnished,10,27,8100
Dadar,Shared Room,4.5,87,1,1,0,1,Fully-Furnished,14,36,8300
Goregaon,2BHK,2.7,718,1,1,0,1,Unfurnished,6,15,23700
Dadar,1BHK,4.0,647,1,0,0,0,Fully-Furnished,10,39,20000
Goregaon,Studio,2.3,340,1,0,1,0,Unfurnished,12,12,11400
Goregaon,1BHK,3.6,514,1,0,0,0,Unfurnished,4,30,12400
Goregaon,PG,2.2,215,0,0,0,0,Unfurnished,9,24,6100
Powai,Shared Room,1.1,113,0,0,0,0,Unfurnished,12,18,7000
Malad,1BHK,2.3,382,1,1,1,1,Semi-Furnished,9,35,14000
Powai,Shared Room,4.0,143,0,1,0,1,Fully-Furnished,0,15,8700
Andheri,Shared Room,4.8,164,1,1,0,0,Semi-Furnished,1,18,5800
Goregaon,1BHK,1.0,363,1,1,0,1,Unfurnished,13,8,20000
Juhu,1BHK,1.3,523,0,0,1,0,Fully-Furnished,7,3,35700
Goregaon,2BHK,4.1,1054,0,0,1,0,Fully-Furnished,5,15,26400
Andheri,1BHK,2.5,584,1,0,0,0,Semi-Furnished,8,28,20700
Bandra,2BHK,4.7,724,1,0,1,0,Semi-Furnished,19,22,35900
Bandra,Studio,1.2,243,1,1,0,0,Fully-Furnished,15,34,21300
Juhu,PG,2.6,218,1,0,0,0,Semi-Furnished,14,8,11900
Dadar,Shared Room,4.1,175,0,1,0,0,Fully-Furnished,9,7,6600
Thane,Shared Room,2.5,97,1,1,1,1,Fully-Furnished,11,7,6400
Thane,Shared Room,2.9,89,1,1,1,0,Semi-Furnished,7,16,5100
Bandra,Studio,4.1,320,0,1,1,0,Fully-Furnished,5,19,19500
Worli,Studio,1.4,431,1,0,0,0,Fully-Furnished,16,26,22700
Dadar,2BHK,1.9,659,0,0,1,0,Unfurnished,6,26,29900
Andheri,1BHK,0.7,594,1,0,1,0,Fully-Furnished,5,31,25900
Malad,1BHK,2.7,619,1,0,1,0,Semi-Furnished,18,24,18900
Thane,1BHK,2.7,367,1,1,0,0,Semi-Furnished,20,26,14000
Dadar,Shared Room,3.4,94,0,1,0,0,Unfurnished,4,37,4900
Andheri,Shared Room,1.4,194,0,1,0,0,Unfurnished,3,13,6700
Bandra,Studio,0.8,409,0,0,1,0,Fully-Furnished,9,20,25800
Powai,Shared Room,2.8,101,1,0,0,0,Unfurnished,5,26,5400
Malad,Shared Room,0.8,194,1,0,0,0,Semi-Furnished,12,20,5500
Goregaon,Studio,2.5,303,0,1,0,1,Fully-Furnished,19,11,17700
Malad,1BHK,3.1,643,1,0,0,0,Fully-Furnished,4,21,17900
Worli,Shared Room,3.7,121,1,0,1,0,Semi-Furnished,18,19,8000
Thane,2BHK,4.8,1071,0,1,1,0,Semi-Furnished,8,39,17500
Malad,Shared Room,3.3,175,1,0,1,0,Unfurnished,3,11,5600
Malad,PG,3.8,147,0,1,0,0,Semi-Furnished,19,5,7300
Goregaon,2BHK,3.3,987,0,1,1,0,Unfurnished,9,19,25900
Andheri,Studio,3.6,253,1,0,0,0,Semi-Furnished,7,12,12400
Goregaon,2BHK,2.8,1015,1,0,0,0,Unfurnished,1,37,20000
Andheri,1BHK,2.9,539,1,0,0,0,Semi-Furnished,11,3,22900
Bandra,Shared Room,3.2,139,1,1,0,0,Fully-Furnished,10,13,8700
Andheri,Shared Room,3.7,179,1,0,0,0,Semi-Furnished,10,15,6700
Malad,PG,2.3,213,0,1,0,0,Unfurnished,19,10,6900
Andheri,Studio,3.5,414,1,1,0,0,Unfurnished,15,12,12200
Andheri,2BHK,0.6,1194,0,1,0,0,Semi-Furnished,10,22,33800
Dadar,Shared Room,3.7,139,1,0,1,0,Fully-Furnished,13,24,7100
Dadar,1BHK,0.7,629,1,1,0,0,Fully-Furnished,2,22,20000
Dadar,2BHK,4.9,1117,1,1,1,0,Fully-Furnished,19,36,31700
Bandra,1BHK,0.3,477,0,0,1,0,Semi-Furnished,18,30,27900
Juhu,2BHK,2.9,1105,1,0,0,1,Unfurnished,11,3,49700
Andheri,Shared Room,2.2,85,1,1,1,0,Unfurnished,12,37,7000
Powai,Shared Room,1.2,186,0,0,1,1,Unfurnished,14,29,7300
Goregaon,Studio,4.9,202,0,1,0,1,Semi-Furnished,2,18,11600
Juhu,Studio,1.3,218,1,0,1,0,Fully-Furnished,3,8,25100
Malad,1BHK,2.4,377,1,1,1,1,Fully-Furnished,19,0,19300
Malad,Shared Room,1.6,137,0,0,0,0,Semi-Furnished,12,36,4400
Goregaon,Studio,2.9,332,1,1,0,0,Semi-Furnished,18,8,13200
Andheri,Studio,0.6,407,0,0,0,0,Fully-Furnished,16,17,21200
Bandra,Studio,3.7,288,0,1,0,1,Semi-Furnished,2,34,17100
Borivali,PG,2.2,137,1,0,1,0,Fully-Furnished,12,36,8200
Powai,PG,3.0,223,1,1,0,0,Semi-Furnished,12,22,9200
Andheri,Shared Room,1.2,117,0,0,1,0,Semi-Furnished,5,16,7100
Juhu,2BHK,4.1,819,0,1,1,0,Fully-Furnished,3,34,43400
Bandra,Studio,1.6,320,1,0,0,0,Semi-Furnished,16,17,22600
Borivali,Studio,3.6,351,1,0,0,0,Fully-Furnished,20,19,10500
Thane,2BHK,3.4,981,0,0,1,1,Unfurnished,3,17,18900
Worli,Shared Room,4.9,133,1,0,0,1,Fully-Furnished,10,28,8500
Andheri,PG,4.9,214,1,1,1,0,Unfurnished,2,5,7500
Borivali,2BHK,2.3,839,1,0,0,0,Unfurnished,18,37,20200
Bandra,2BHK,2.4,884,0,0,1,0,Semi-Furnished,4,21,37500
Dadar,2BHK,3.2,905,1,0,1,0,Semi-Furnished,11,39,28100
Bandra,Studio,1.3,380,1,1,1,1,Semi-Furnished,15,25,20000
Borivali,Shared Room,0.2,137,0,0,0,1,Unfurnished,15,35,5300
Dadar,PG,2.8,171,1,0,1,0,Unfurnished,19,6,10200
Dadar,Studio,4.2,369,0,0,0,1,Fully-Furnished,5,27,13200
Andheri,1BHK,2.9,355,1,0,1,0,Unfurnished,6,2,20800
Dadar,2BHK,4.1,833,0,1,1,1,Fully-Furnished,11,35,30700
Andheri,Shared Room,1.8,132,1,1,0,0,Fully-Furnished,1,16,7200
Bandra,2BHK,3.5,730,1,0,0,0,Unfurnished,3,24,29800
Thane,Studio,0.9,432,1,0,1,0,Fully-Furnished,6,27,10600
Andheri,PG,4.8,122,0,1,0,0,Fully-Furnished,3,0,8200
Powai,2BHK,3.3,653,1,0,0,0,Semi-Furnished,0,39,29900
Worli,Studio,1.9,205,0,0,1,0,Fully-Furnished,9,9,22900
Bandra,Studio,3.5,361,1,1,1,0,Fully-Furnished,8,24,19100
Bandra,1BHK,1.5,639,1,0,0,1,Unfurnished,18,7,28900
Borivali,Shared Room,4.2,167,1,1,1,0,Unfurnished,15,17,6100
Worli,2BHK,2.8,697,1,0,0,1,Unfurnished,3,17,34800
Goregaon,PG,0.2,216,0,0,1,1,Unfurnished,2,39,6800
Andheri,1BHK,0.2,609,1,1,0,0,Semi-Furnished,2,27,22200
Bandra,Studio,1.3,320,0,1,0,1,Semi-Furnished,17,12,22200
Juhu,2BHK,1.3,693,1,0,0,0,Fully-Furnished,9,35,45100
Juhu,Studio,0.4,231,1,1,0,1,Semi-Furnished,18,21,24500
Thane,Studio,1.0,392,1,0,1,0,Semi-Furnished,5,16,10500
Juhu,PG,4.9,174,1,1,0,1,Semi-Furnished,20,34,12900
Andheri,PG,2.8,184,0,1,0,0,Fully-Furnished,3,5,10200
Goregaon,PG,1.8,179,1,1,0,0,Fully-Furnished,12,13,9900
Goregaon,2BHK,3.1,727,1,1,1,0,Fully-Furnished,13,35,25400
Goregaon,Shared Room,2.0,99,1,0,1,0,Unfurnished,0,39,5100
Dadar,Shared Room,4.3,117,1,0,0,1,Semi-Furnished,1,1,6000
Dadar,1BHK,4.9,466,1,0,1,0,Unfurnished,19,10,18600
Bandra,Shared Room,0.6,157,1,1,0,1,Unfurnished,3,8,9000
Powai,Shared Room,2.6,96,0,1,0,1,Fully-Furnished,0,37,7800
Powai,PG,4.2,248,1,1,0,0,Unfurnished,13,25,8900
Bandra,1BHK,4.8,466,1,1,0,0,Semi-Furnished,9,2,23800
Dadar,Shared Room,4.2,180,1,0,0,0,Semi-Furnished,4,24,4900
Juhu,Studio,2.3,315,0,1,0,0,Fully-Furnished,0,15,23500
Worli,Studio,0.2,380,1,1,1,0,Fully-Furnished,0,38,24600
Andheri,Studio,3.1,298,1,1,1,0,Unfurnished,20,12,14500
Goregaon,2BHK,1.5,922,0,0,0,0,Semi-Furnished,19,9,31500
Bandra,2BHK,3.9,1122,1,0,0,0,Fully-Furnished,7,21,40100
Malad,Shared Room,1.9,191,0,1,0,0,Fully-Furnished,15,9,6700
Worli,Shared Room,3.7,184,0,1,0,1,Fully-Furnished,16,15,8700
Borivali,Studio,1.4,428,1,0,0,1,Unfurnished,15,28,10800
Dadar,1BHK,1.0,373,0,1,0,1,Unfurnished,2,3,21600
Thane,Studio,0.3,446,0,0,0,0,Fully-Furnished,20,37,12400
Dadar,PG,4.5,149,0,0,0,0,Fully-Furnished,13,27,8400
Malad,Studio,4.1,343,1,1,1,0,Unfurnished,16,36,10700
Borivali,PG,4.7,163,1,0,0,0,Semi-Furnished,16,1,7200
Juhu,Studio,5.0,289,1,1,0,0,Fully-Furnished,4,19,20900
Borivali,1BHK,1.9,363,1,0,0,0,Semi-Furnished,9,26,13000
Dadar,Shared Room,0.8,100,1,1,0,0,Fully-Furnished,10,31,7900
Worli,Studio,3.1,441,0,1,0,0,Fully-Furnished,9,2,22400
Malad,PG,4.0,193,1,0,0,0,Semi-Furnished,18,31,6100
Dadar,PG,3.8,225,0,0,1,0,Fully-Furnished,16,30,9000
Dadar,Shared Room,2.2,118,1,1,0,0,Fully-Furnished,7,6,7900
Powai,Shared Room,1.0,94,1,1,1,1,Fully-Furnished,11,0,9900
Dadar,Shared Room,4.9,83,1,1,0,0,Fully-Furnished,20,12,8200
Malad,PG,4.7,176,1,0,0,0,Semi-Furnished,9,39,5200
Andheri,Shared Room,0.5,142,1,1,0,1,Fully-Furnished,2,33,8300
Juhu,2BHK,2.8,1079,0,0,1,0,Unfurnished,6,23,35500
Bandra,1BHK,0.5,565,1,0,0,0,Semi-Furnished,7,9,32600
Juhu,PG,2.4,110,1,1,0,0,Unfurnished,18,13,10400
Borivali,2BHK,4.6,923,0,0,0,0,Unfurnished,0,28,17700
Worli,PG,3.6,110,1,1,0,0,Semi-Furnished,4,19,10400
Thane,Studio,0.8,269,1,1,0,0,Semi-Furnished,5,15,11300
Dadar,Studio,3.6,314,1,1,0,1,Semi-Furnished,19,7,16300
